Model,Model Family,Model Size (B),Pretraining Data Size (T),FLOPs (1E21),MMLU,ARC-C,HellaSwag,Winograd,TruthfulQA,GSM8K,XWinograd,HumanEval,Company,Release Date,MMLU-ours,platform,Unnamed: 17,Unnamed: 18,Unnamed: 19,0_17_brier,0_17_san,17_35_brier,17_35_san,35_52_brier,35_52_san,52_70_brier,52_70_san,70_87_brier,70_87_san,87_105_brier,87_105_san,105_122_brier,105_122_san,122_140_brier,122_140_san,140_157_brier,140_157_san,157_175_brier,157_175_san,acc,brier,san
meta-llama/Llama-2-7b-hf,Llama-2,7.0,2.0,84.0,0.437960964,0.530716724,0.777434774,0.740331492,0.389802028,0.144806672,0.754881273,0.12804878,meta,202307.0,0.458624128,rllab,,,,0.13349684335571033,0.9602359444605431,0.2756883440520249,0.9684603722356402,0.21615513253874236,0.9303748418486825,0.15559626486534203,0.9253602905124685,0.17771771039980017,0.9634026531228211,0.2715570436105801,0.9571679677622554,0.2460347892074152,0.9566258705166445,0.1991151761983786,0.9394526393758521,0.4447499124741307,0.9666399213832993,0.3979719465835711,0.948975143463112,0.7028571428571428,0.2520419574352383,0.9515613849881815
meta-llama/Llama-2-13b-hf,Llama-2,13.0,2.0,156.0,0.543378428,0.58105802,0.809699263,0.766377269,0.34172403,0.228203184,0.786798487,0.182926829,meta,202307.0,0.5491382994,bdsrc,,,,0.09399575459088064,0.9814035084564852,0.2426531747220695,0.9789239654121703,0.1478505571703362,0.9747100404148688,0.12603808073122091,0.9444361267251283,0.04227458374612295,0.9760197534486547,0.19647048722797955,0.9847245695061257,0.06351629947448549,0.9589352877338366,0.1000416015773879,0.9516085447414014,0.33516139377986487,1.0133482944970558,0.3464192249189747,0.9357732657814348,0.8057142857142857,0.17038161288083495,0.969677048779189
meta-llama/Llama-2-70b-hf,Llama-2,70.0,2.0,840.0,0.698320892,0.673208191,0.873332006,0.837411208,0.449234937,0.540561031,0.824453228,0.298780488,meta,202307.0,,,,,,,,,,,,,,,,,,,,,,,,,,,,
huggyllama/llama-7b,Llama,6.7,1.0,40.2,0.356933064,0.509385666,0.778131846,0.714285714,0.343279329,0.080363912,0.693204495,0.12804878,meta,202302.0,0.34952286,rllab,,,,0.21896339396218564,0.9619411479798243,0.439289306114212,0.9661618591708714,0.24549193625930552,0.9561637788144097,0.30741873283195276,0.9547402196634113,0.2639840270669297,0.9672628319009843,0.3679747445661286,0.9642155453772452,0.33619223886631083,0.9721945879256547,0.4030565356910065,0.9461607199230949,0.508846338613342,0.9695316690721739,0.5461438880038985,0.9465886888749895,0.5942857142857143,0.36513727211878183,0.960355456348313
huggyllama/llama-13b,Llama,13.0,1.0,78.0,0.476105883,0.561433447,0.809201354,0.762430939,0.394788826,0.075815011,0.730361681,0.158536585,meta,202302.0,,,,,,0.23973375106793635,0.9561665386311522,0.37449821226398755,0.9718548952255363,0.08178198422736711,0.9594420794524697,0.11976597820840255,0.9553353874116982,0.1499100078866991,0.957992351789339,0.20953612561622156,0.973095567438553,0.13162305575737024,0.9424383376960087,0.208383073989838,0.9571570407326531,0.44135877226861836,0.9691212470017481,0.5041613570547004,0.9453698021303949,0.7257142857142858,0.24713790947961461,0.9588477594320073
huggyllama/llama-30b,Llama,32.5,1.4,273.0,0.584466128,0.614334471,0.847341167,0.800315706,0.42273876,0.148597422,0.771147904,0.207317073,meta,202302.0,,,,,,,,,,,,,,,,,,,,,,,,,,,,
huggyllama/llama-65b,Llama,65.2,1.4,547.68,0.639306418,0.634812287,0.860884286,0.825572218,0.434287607,0.372251706,0.776834807,0.231707317,meta,202302.0,,,,,,,,,,,,,,,,,,,,,,,,,,,,
meta-llama/Meta-Llama-3-70B,Llama-3,70.0,15.0,6300.0,0.792329339,,0.87980482,0.853196527,0.455623682,0.768764215,0.844706094,0.524390244,meta,202404.0,,,,,,,,,,,,,,,,,,,,,,,,,,,,
meta-llama/Meta-Llama-3-8B,Llama-3,8.0,15.0,720.0,0.664949549,,0.820155348,0.771112865,0.439522651,0.453373768,0.801151665,0.384146341,meta,202404.0,0.651687794,rllab,,,,,,,,,,,,,,,,,,,,,,,,,,
Qwen/Qwen1.5-72B,Qwen1.5,72.0,3.0,1296.0,0.772014583,0.658703072,0.859888468,0.830307814,0.596080564,0.657316149,0.825768095,0.451219512,alibaba,202402.0,,,,,,,,,,,,,,,,,,,,,,,,,,,,
Qwen/Qwen1.5-32B,Qwen1.5,32.0,4.0,768.0,0.742996128,0.635665529,0.850029875,0.814522494,0.573944434,0.611068992,0.791176059,0.420731707,alibaba,202402.0,,,,,,0.0971180213563741,0.9873297648725972,0.08071848934584108,0.9821694693586396,0.03214316776197951,0.9836423485418111,0.017890002992643407,0.9884763636509467,0.06425485844482462,0.9870925866736331,0.18144378427764757,0.9796848114600779,0.055277548851581704,0.9908008781259435,0.19960285990040416,0.973705750354049,0.2676001706962435,1.0201543134694293,0.237826436657135,0.9712012770266456,0.8514285714285714,0.12396207061721785,0.9862149500109972
Qwen/Qwen1.5-14B,Qwen1.5,14.0,4.0,336.0,0.693602647,0.565699659,0.810794662,0.73480663,0.520609239,0.676269901,0.777502468,0.396341463,alibaba,202402.0,,,,,,0.14191799591544516,0.9797902542779409,0.30799412116370023,0.9619482008299044,0.14190687992416773,0.9717187354366087,0.1269088127935737,0.9750573128145926,0.0580866279263085,0.9824695198874278,0.3293954471787309,0.96307281784709,0.1556452896758912,0.9855934697037412,0.2139449560506236,0.9628204813937403,0.3206941949544509,1.014183321882662,0.45280461369980046,0.9497048376228506,0.72,0.2266807423925269,0.9742897475962838
Qwen/Qwen1.5-7B,Qwen1.5,7.0,4.0,168.0,0.619700217,0.541808874,0.785102569,0.712707182,0.51082277,0.53525398,0.752361398,0.347560976,alibaba,202402.0,0.604828372,rllab,,,,0.2183745312072024,0.9623662635082004,0.4090556126795323,0.9465266964544485,0.16546452866476508,0.949908431463548,0.1560243248498172,0.9522082841994839,0.09589523391878302,0.9627334041394671,0.26432919666876525,0.9471293291833065,0.33806287872201385,0.9736023275225945,0.17125186425613453,0.9423282422298522,0.3406851635941492,0.9566760592873024,0.49696852916242307,0.9334008041912976,0.6914285714285714,0.2665801783481009,0.9524488609903426
Qwen/Qwen1.5-4B,Qwen1.5,4.0,2.4,57.6,0.565235196,0.484641638,0.715793667,0.662194159,0.472731898,0.522365428,0.688785439,0.262195122,alibaba,202402.0,0.5526278308,rllab,,,,0.20882109029218754,0.9421852702317551,0.5399795195106102,0.9429840594072267,0.2694436343361976,0.9467154249527304,0.22013143478045719,0.9500481424092193,0.15610464319061887,0.9595131199671598,0.3550318398707483,0.959246749357151,0.4131665611472742,0.9654592633899298,0.45688426032193685,0.9103564831699996,0.5183612711427598,0.947316630893435,0.4631114938985436,0.9097488777853635,0.5714285714285714,0.3614442644156285,0.9431036724498078
Qwen/Qwen1.5-1.8B,Qwen1.5,1.8,2.4,25.92,0.467083853,0.37883959,0.614220275,0.602999211,0.394278142,0.3358605,0.643824663,0.182926829,alibaba,202402.0,0.4600484262,rllab,,,,0.33923552322768424,0.9091690905847762,0.5586359460990272,0.9037495256343822,0.2979874085202857,0.8933946082287502,0.4248483701404238,0.8943790935254206,0.35121862705709844,0.9099660726994413,0.40990087342122794,0.9051914772083699,0.4807816798882212,0.9246560708671777,0.5587956659286886,0.8793628921169131,0.4642026413556119,0.9547463232243176,0.6310400363937241,0.8780801510627246,0.4514285714285714,0.45352123438015407,0.9048947618693517
Qwen/Qwen1.5-0.5B,Qwen1.5,0.5,2.4,7.2,0.393533408,0.314846416,0.490539733,0.572217837,0.382992684,0.163002274,0.575621493,0.115853659,alibaba,202402.0,0.3886198547,rllab,,,,0.5237387058242314,0.8073165696349875,0.5027485680664321,0.7469284674522977,0.4852443537588529,0.8248844783894433,0.586487005173773,0.8276553206444914,0.49130963533647026,0.8533972006928949,0.5660911462701753,0.8177625229280234,0.5153541287017912,0.8163471283904266,0.6302282093149754,0.7897450830196446,0.6956765603587294,0.8648445437294048,0.5103735943560166,0.7737996204861354,0.3142857142857143,0.5509669196852912,0.8116655252330426
Qwen/Qwen-72B,Qwen,72.0,3.0,1296.0,0.773737575,0.651877133,0.85939056,0.824782952,0.601910952,0.704321456,0.828731413,0.37195122,alibaba,202311.0,,,,,,,,,,,,,,,,,,,,,,,,,,,,
Qwen/Qwen-14B,Qwen,14.0,3.0,252.0,0.677042803,0.582764505,0.839872535,0.767955801,0.494329446,0.589840788,0.791508524,0.353658537,alibaba,202309.0,,,,,,,,,,,,,,,,,,,,,,,,,,,,
Qwen/Qwen-7B,Qwen,7.0,2.4,100.8,0.598387921,0.513651877,0.784704242,0.72691397,0.477859305,0.449583017,0.734576728,0.317073171,alibaba,202308.0,0.5828941746,rllab,,,,0.16388621179364593,0.9845262088938442,0.4086557514688903,0.9725084078982531,0.21329598329266528,0.9678599676135978,0.25965882404735746,0.9702931043508083,0.146195121557374,0.9803917751778127,0.2935697389278016,0.9816468436242631,0.28564219526227363,0.9855421611667076,0.18390301306829673,0.9695624883407636,0.3705955078507057,0.9747554907778296,0.4056732901390658,0.9701546741468456,0.6685714285714286,0.2741699797347927,0.9756415119554472
mistralai/Mistral-7B-v0.1,Mistral,7.3,,,0.641644838,0.599829352,0.833100976,0.786108919,0.421531711,0.370735406,0.781857102,0.274390244,mistral,202309.0,0.62590799,rllab,,,,0.11592839319184638,0.980454194630304,0.18577418065565862,0.9668350695615886,0.07591660537986807,0.9672605995459648,0.09134854892908771,0.9776823349370818,0.07394386388959799,0.9889137077109529,0.24802315373538983,0.9821125485401976,0.05506591136923807,0.9875151378528786,0.13866528771583864,0.9632925820682829,0.24308167692449553,1.0080949889057413,0.31127583744308374,0.9650278427389725,0.8228571428571428,0.15507706180262182,0.9784980770754834
mistralai/Mixtral-8x7B-v0.1,Mixtral,45.0,,,0.718783933,0.663822526,0.864568811,0.816890292,0.46805433,0.576194086,0.800190967,0.335365854,mistral,202312.0,,,,,,,,,,,,,,,,,,,,,,,,,,,,
01-ai/Yi-6B,Yi,6.0,3.0,108.0,0.641070914,0.555460751,0.765684127,0.741910024,0.419616075,0.121304018,0.723879126,0.158536585,01-ai,202311.0,0.6344537815,bdsrc,,,,0.09922621085863624,0.980296228955744,0.2827120264245652,0.9773731398412117,0.20197172845369782,0.9748578953198698,0.07587074488201476,0.9849986789765869,0.11115182421335641,0.9852119692280921,0.25980792780024414,0.9641808372645565,0.14635509757275034,0.9873175378361903,0.34061144952635797,0.9747362853665267,0.37868918174512534,1.0014461724880641,0.41736523214157945,0.9584778244446315,0.72,0.2326303518987789,0.9786914768637629
01-ai/Yi-34B,Yi,34.0,3.0,612.0,0.763515673,0.645904437,0.856901016,0.830307814,0.562308393,0.506444276,0.795640491,0.268292683,01-ai,202311.0,,,,,,,,,,,,,,,,,,,,,,,,,,,,
google/gemma-7b,Gemma,7.0,6.0,252.0,0.660274573,0.610921502,0.824736108,0.784530387,0.449054884,0.527672479,0.783899856,0.335365854,google,202402.0,0.6509756445,bdsrc,,,,0.10628950178375798,0.9846557978458785,0.1012950322069694,0.9832648755023047,0.0673005341168235,0.9813971092204568,0.0275066576341902,0.9830157513017698,0.08276497265032512,0.9843028511263278,0.17790259557213098,0.9802845848435481,0.05154709976022852,0.9888422625204101,0.12406583840603841,0.9705989601155203,0.25790929652606076,1.0185505081120962,0.2727112096881266,0.9561714311102558,0.8514285714285714,0.12732261648780868,0.9828672333814229
google/gemma-2b,Gemma,2.0,6.0,72.0,0.417731464,0.483788396,0.71768572,0.662983425,0.330844343,0.169067475,0.709318357,0.231707317,google,202402.0,0.4119071357,bdsrc,,,,0.23961692807404145,0.9044906372289863,0.4345351720880836,0.9413189546795794,0.29695086433945217,0.9119640518107376,0.24193544357785543,0.925763804108628,0.27720162409439786,0.93724704416176,0.32470474741072824,0.937937097019736,0.3300147251763188,0.9362750645370085,0.4133242221125279,0.8847239165489325,0.5403356387726945,0.8459540329289278,0.610651503009458,0.8730336870973894,0.52,0.37190146203053237,0.9099475336658455
tiiuae/falcon-180B,Falcon,180.0,3.5,3780.0,0.695866104,0.691979522,0.88886676,0.868981847,0.451569509,0.459438969,0.844553352,,tiiuae,202309.0,,,,,,,,,,,,,,,,,,,,,,,,,,,,
tiiuae/falcon-40b,Falcon,40.0,1.0,240.0,0.569797005,0.619453925,0.852818164,0.812943962,0.417169225,0.214556482,0.784630576,,tiiuae,202309.0,,,,,,,,,,,,,,,,,,,,,,,,,,,,
tiiuae/falcon-7b,Falcon,7.0,1.5,63.0,0.277854702,0.478668942,0.781318462,0.723756906,0.342638255,0.046247157,0.717572363,,tiiuae,202309.0,0.2707591511,bdsrc,,,,0.3201884396892839,0.9062038774335516,0.4519218692147144,0.9242222908375902,0.3017534254874849,0.901465692034785,0.24707189656833262,0.9124230642265844,0.3209806002142244,0.9375815589907153,0.41519492653990153,0.9386054383401495,0.4220809271906856,0.9371453318616993,0.46799116549895636,0.8941975198973781,0.46777736719795504,0.9462094100267616,0.6274766952754339,0.916079400762141,0.5028571428571429,0.40532051926860485,0.9212902779946105
tiiuae/falcon-rw-1b,Falcon,1.0,0.35,2.1,0.252803188,0.350682594,0.635630353,0.620363062,0.35955599,0.005307051,0.535498701,,tiiuae,202307.0,0.2507477567,bdsrc,,,,0.4668882795906584,0.8520971323949471,0.3708319949011215,0.8797919734190215,0.28301818897332226,0.8846790957505624,0.6004830022693822,0.8548980607818382,0.597433724186914,0.8769359459272648,0.5687405288371301,0.8657621411389738,0.6275690525737515,0.8754937772119894,0.7381263397097988,0.8316721640511209,0.6164088977625838,0.8357154388525986,0.820171383980123,0.8322167395592475,0.2857142857142857,0.5704158110116505,0.8587531603053641
microsoft/phi-2,Phi,2.7,1.4,22.68,0.579202667,0.610068259,0.749153555,0.73480663,0.442368784,0.549658832,0.526666391,0.493902439,miscrosoft,202306.0,0.5694345535,bdsrc,,,,0.3446569221391177,0.9333950876396004,0.5301619465079151,0.9149531221963151,0.28162331304716215,0.9016783097949277,0.32751844328107943,0.9177921287019645,0.22145603893420285,0.9208640329529257,0.3812316872397219,0.9443350185614049,0.3354032960588457,0.9464553917194563,0.47110417042581343,0.9241231553698602,0.47276731644219216,0.924165985565463,0.5126915522583596,0.8988919283672843,0.5371428571428571,0.38948089981370204,0.9225898062169905
microsoft/phi-1_5,Phi,1.3,0.15,1.17,0.438864678,0.529010239,0.637920733,0.722178374,0.408899386,0.124336619,0.511112784,0.341463415,miscrosoft,202306.0,0.4246546076,bdsrc,,,,0.536946806225232,0.897839800835312,0.5671779190413706,0.8330758254323143,0.5671237403266776,0.9107871486671624,0.5170099149493514,0.8964069698076403,0.5922490565626727,0.90897499399194,0.3537467702748871,0.9302382540702558,0.6200522941211323,0.8712467054296674,0.5797197981864741,0.8617219466563777,0.7523168341954561,0.8823307067994295,0.7116693381923862,0.9051476202843314,0.29714285714285715,0.5788316329481735,0.8896496007989498
EleutherAI/pythia-1b-deduped,Pythia,1.0,0.3,1.8,0.242710646,0.290955631,0.496514639,0.535911602,0.389393782,0.011372252,0.56099166,0.042682927,EleutherAI,202302.0,0.2493946731,bdsrc,,,,0.3734050886496667,0.8418468924270515,0.47044062147623106,0.9006377996384499,0.7092196257126561,0.8364296533754816,0.5934476982714904,0.8443882827288409,0.6184959903385701,0.868359580151852,0.5907248136920572,0.9142598935923361,0.6670865537578203,0.8587970641925793,0.6192812615889495,0.8040117142170699,0.7781504605436312,0.8755503329339784,0.8145507457973298,0.785765496615612,0.25142857142857145,0.623314821473765,0.8529134700265001
EleutherAI/pythia-410m-deduped,Pythia,0.41,0.3,0.738,0.259888196,0.248293515,0.412865963,0.543804262,0.409475786,0.0030326,0.536312165,0.012195122,EleutherAI,202302.0,0.2551630822,bdsrc,,,,0.23757281805491673,0.7086673363430762,0.3123510132277679,0.6750108854803295,0.5303103091822677,0.6815465542604714,0.44821849286825377,0.7165656213110557,0.5556307078992968,0.7390924547759469,0.7104370904212426,0.7782902366005372,0.6796463008015704,0.7234808042086889,0.7668269646798227,0.6822250202402815,0.7814440762601336,0.7419169474544334,0.8784372947722284,0.671403891540226,0.29714285714285715,0.5910351257989533,0.7116165225304469
EleutherAI/pythia-6.9b-deduped,Pythia,6.9,0.3,12.42,0.264809441,0.412969283,0.670483967,0.640883978,0.351945849,0.016679303,0.652470454,0.085365854,EleutherAI,202302.0,0.2605754166,bdsrc,,,,0.37203036861825195,0.908735498405574,0.42050932144874686,0.9264071017191426,0.3918435851029365,0.9031924938471425,0.5367718513147117,0.8852075446321588,0.566066606365578,0.9152979893720511,0.494474754355827,0.9275719418438256,0.596435755225575,0.901405619533027,0.5741125826971681,0.8665223574842916,0.6829644312555415,0.954218641962291,0.7094278431481358,0.8935694365658085,0.3485714285714286,0.5348235831143807,0.9079740857911744
EleutherAI/pythia-2.8b-deduped,Pythia,2.8,0.3,5.04,0.267846374,0.362627986,0.60655248,0.602209945,0.355597823,0.008339651,0.639989047,0.048780488,EleutherAI,202302.0,0.2663438257,bdsrc,,,,0.4030070191937071,0.884708104747055,0.423391727855906,0.8968276187596251,0.42427551549445236,0.8697769143021055,0.5278326521453823,0.8520733893241795,0.5448211821399455,0.9062731355789971,0.5081826610737745,0.9017820370338099,0.6057771416095276,0.8938387491209978,0.5915525925729578,0.8545014164496962,0.6870783641903712,0.9125121017917115,0.7580066655705132,0.8855486227908005,0.3028571428571429,0.5478040009749121,0.8855659920722329
EleutherAI/pythia-12b-deduped,Pythia,12.0,0.3,21.6,0.256306029,0.413822526,0.702648875,0.664561957,0.329988729,0.014404852,0.682420515,0.115853659,EleutherAI,202302.0,0.2617148554,bdsrc,,,,0.28151932729491547,0.935097912174847,0.4695205425473961,0.9381162329473393,0.46212047220389735,0.9247347918699386,0.35027786849922543,0.9214133121907003,0.46507623949601706,0.9208973796438596,0.4426439111064287,0.9189631764427646,0.5537058787948439,0.9139894170301028,0.5871154205253406,0.8734780166172124,0.6940615018398065,0.9614183338745628,0.7241038640565378,0.9119653244520602,0.38857142857142857,0.503349297456742,0.9217439560902151
EleutherAI/pythia-70m-deduped,Pythia,0.07,0.3,0.126,0.25260507,0.210750853,0.271659032,0.496448303,0.475143855,0.0,0.510099914,0.0,EleutherAI,202302.0,0.2573707449,bdsrc,,,,0.4893159597714868,0.15828506215398516,0.4352854454582023,0.16850219442590572,0.37006645996641896,0.1774127271682566,0.5702948039161814,0.12679565112103489,0.7227962602772601,0.16032406472606583,0.7876182341628574,0.13209290153558628,0.7055867844600262,0.11747230407398287,0.5731029922437993,0.12364880925210395,0.8474015646195201,0.19213368831768438,0.839473188278466,0.16660715660469136,0.3142857142857143,0.6342959054153211,0.15207608127078498
EleutherAI/pythia-1.4b-deduped,Pythia,1.4,0.3,2.52,0.255554967,0.326791809,0.549591715,0.573007103,0.386584645,0.008339651,0.594062854,0.042682927,EleutherAI,202302.0,0.2502492522,bdsrc,,,,0.3296444901077983,0.7407920477313245,0.5048328502253554,0.7595702282405314,0.5674346864271078,0.7734220576897686,0.5855881323546798,0.6820709972826434,0.5145409079643967,0.7527468708487978,0.6255855504594972,0.7968287297002314,0.6098651626986032,0.7479306492737576,0.6601298835837679,0.7080665626439436,0.6822478982510612,0.753019743672458,0.7457610879647427,0.7430564550457988,0.24571428571428572,0.5837578203155274,0.7455266673663455
EleutherAI/pythia-160m-deduped,Pythia,0.16,0.3,0.288,0.24860575,0.240614334,0.313881697,0.513812155,0.443404464,0.00227445,0.523599803,0.0,EleutherAI,202302.0,0.2527417747,bdsrc,,,,0.3183892747102699,0.5323335121493413,0.333218198726122,0.5110822892832833,0.5975601708669563,0.5995899999954875,0.5475315913686492,0.5440697157426174,0.6374709178505632,0.5615763132854226,0.7055698238067464,0.6018267381866325,0.629349386373106,0.5202974798952511,0.8126690176819911,0.511115277573317,0.7851424413997335,0.5893771408189049,0.8620981083890218,0.5181783313033695,0.26285714285714284,0.6237375346852355,0.5486106738403477
bigscience/bloom-560m,BLOOM,0.56,0.341,1.14576,0.242154121,0.247440273,0.371539534,0.519337017,0.424442817,0.0030326,0.578551515,0.006097561,bigscience(huggingface),202207.0,0.2444096283,rllab,,,,0.1981559826216147,0.7749089373577315,0.3864073864522966,0.7886524899514012,0.5643314556146856,0.7492234382847888,0.5514853826488108,0.7441301588518556,0.6797162220297025,0.7992062350970234,0.7828685471900162,0.7959093569555429,0.7948920235063855,0.8039345387880019,0.8884634441520117,0.7782821278981332,0.7619142696779879,0.7160665880833905,0.8940061163541988,0.7513789861655826,0.24,0.6516647142343337,0.7702121811210926
bigscience/bloom-1b1,BLOOM,1.1,0.341,2.2506,0.267021483,0.283276451,0.427803226,0.55011839,0.41797167,0.00227445,0.609512962,0.0,bigscience(huggingface),202207.0,0.2658453212,rllab,,,,0.29835262213285535,0.804433078530006,0.4986822232156777,0.8300204431410105,0.43065012679528436,0.8081998377695191,0.5050373023589965,0.7833515888100906,0.6089604388129257,0.8538545093286068,0.7009758869234193,0.8271926858276725,0.7479910880070778,0.8157231331153172,0.684923561012149,0.7793015599215489,0.8375252288857089,0.7757845251544163,0.8355988704838863,0.7750681819598675,0.2571428571428571,0.6157318444038274,0.8051127811436979
bigscience/bloom-3b,BLOOM,3.0,0.341,6.138,0.265925092,0.357508532,0.543716391,0.576164167,0.40572463,0.015163002,0.664767416,0.018292683,bigscience(huggingface),202207.0,0.2593647629,rllab,,,,0.41958330544221234,0.8605558335963075,0.41087269437500523,0.8762979900136135,0.48815680100249687,0.865043944345539,0.5407725161147482,0.8809106637487106,0.5442473340120211,0.8899617275282464,0.5689296021951907,0.8731226611471485,0.6300200586023145,0.8112963820560739,0.6752297129073483,0.8274275078875507,0.6187045177233844,0.8415487437386916,0.7575818380471797,0.8340047774149872,0.2857142857142857,0.5661317647474964,0.8560837573446788
bigscience/bloom-7b1,BLOOM,7.1,0.341,14.5266,0.262462224,0.411262799,0.619996017,0.6543015,0.388978422,0.013646702,0.697719119,0.048780488,bigscience(huggingface),202207.0,0.2629967241,rllab,,,,0.42315150223446096,0.8578767445767688,0.4672321118259792,0.9014457013879268,0.4554040148419725,0.8671877853144837,0.5273161592929634,0.8722060316799062,0.47046628178318056,0.8774661083941795,0.6229376283268607,0.9089180002088195,0.6601892941081712,0.8549959137865439,0.566409997245092,0.8333704654769084,0.6182657660926982,0.8431437432178903,0.6618861833951237,0.8402024786995714,0.30857142857142855,0.5479496231175801,0.8658397897947662
bigscience/bloom,BLOOM,176.0,0.366,386.496,0.308540091,0.504266212,0.764090819,0.720599842,0.397596228,0.06899166,0.735544419,0.12195122,bigscience(huggingface),202207.0,,,,,,,,,,,,,,,,,,,,,,,,,,,,
EleutherAI/gpt-neox-20b,GPT-Neo/J,20.0,0.472,56.64,0.250025953,0.457337884,0.734515037,0.689029203,0.31613146,0.054586808,0.716280975,0.12804878,EleutherAI,202103.0,0.2487537388,bdsrc,,,,0.24979495552535672,0.9034898784763364,0.39874929292919736,0.9394155807469817,0.36787394734198886,0.9107543651964057,0.33364468305141365,0.9232989286204474,0.4814986067781913,0.9213447296326825,0.559898528726676,0.9290247334987412,0.6040559860128303,0.9365180265623667,0.49957024020355423,0.8926371076671971,0.5862838273112473,0.9433331153594767,0.6638783503540444,0.8942404020679052,0.4685714285714286,0.47499979545857945,0.9193004771753516
EleutherAI/gpt-neo-2.7B,GPT-Neo/J,2.7,0.42,6.804,0.264539788,0.333617747,0.562437761,0.600631413,0.397779599,0.012888552,0.573989469,0.067073171,EleutherAI,202103.0,0.2656316764,bdsrc,,,,0.3633943759351251,0.8004587943478194,0.4623446926401742,0.8211057548231663,0.5192240182169329,0.8063337610853666,0.5009036062309663,0.7823261315546434,0.48988318754261245,0.7917911057241918,0.42929856695107593,0.8461119783984242,0.679718668523015,0.8109316870202264,0.7874051186035337,0.7513117960462112,0.701066339965464,0.777894717869216,0.8358363180893811,0.7572095718495592,0.3028571428571429,0.5776574941622051,0.794463687490812
EleutherAI/gpt-neo-1.3B,GPT-Neo/J,1.3,0.38,2.964,0.248216555,0.312286689,0.484664409,0.569060773,0.39629306,0.004548901,0.561091098,0.036585366,EleutherAI,202103.0,0.2445520581,bdsrc,,,,0.24729668941189278,0.79942903764588,0.4993563211443434,0.7599834252418861,0.5961407710997172,0.7312923421503645,0.47272213570978,0.6855644359588029,0.4870395674190533,0.7377507405524603,0.6618547719044867,0.7636851227875782,0.6824175284458978,0.7735550947655839,0.7510314645574205,0.7264829700892097,0.6847498505473308,0.7266379678298688,0.8369956796880001,0.7512109453848484,0.2571428571428571,0.5934585236101636,0.7453256702878425
EleutherAI/gpt-neo-125m,GPT-Neo/J,0.125,0.3,0.225,0.259703914,0.229522184,0.302628958,0.517758485,0.455761631,0.0030326,0.502213531,0.006097561,EleutherAI,202103.0,0.2579404643,bdsrc,,,,0.19888830250579587,0.5272936701018762,0.268522565369296,0.5444880844385798,0.3510326519484794,0.5808706851637413,0.6704177331980536,0.46459301690431026,0.7339984837652902,0.5059704873051418,0.7269868418927917,0.421278573279563,0.7964725710027496,0.4638018352265075,0.8481298511714936,0.47505217543337885,0.865219025797874,0.49593248937014694,0.9022781400160604,0.43112812964595704,0.24571428571428572,0.6375395426571528,0.4903628312941612
EleutherAI/gpt-j-6b,GPT-Neo/J,6.05,0.402,14.5926,0.267839994,0.413822526,0.675363473,0.659826361,0.359624729,0.029567854,0.681077656,0.115853659,EleutherAI,202103.0,0.2693348526,bdsrc,,,,0.31268014746591694,0.8500143884576286,0.4433511552166456,0.8871244113390673,0.3545175117301606,0.8586948095828907,0.36247116312669875,0.8533200155222017,0.515429901173469,0.8637281848445184,0.45412807071601996,0.8633487062175393,0.5895801029091602,0.8729748189857841,0.5914014893280848,0.8404659277530722,0.7268973176436269,0.8254579378030495,0.7187022602920914,0.8026821418896464,0.4057142857142857,0.5071186238394935,0.8517127658482468
facebook/opt-6.7b,OPT,6.7,0.18,7.236,0.245674066,0.391638225,0.686616212,0.659826361,0.351221498,0.009855951,0.594269081,0.006097561,meta,202205.0,0.2483264492,bdsrc,,,,0.2889008938910939,0.8947746096324671,0.5407170654682862,0.8985609308500947,0.4363034248292157,0.9120335228996561,0.4694085981112278,0.9020913219568573,0.5127121580821364,0.8940240482570517,0.5495043529293916,0.9126967825828317,0.7097362385621314,0.8968752983897674,0.6959319529531183,0.8590745323638673,0.7701740831371522,0.9019490918131297,0.7896798919584902,0.8570845002666911,0.26285714285714284,0.577242337600564,0.8927160396070366
facebook/opt-1.3b,OPT,1.3,0.18,1.404,0.249630458,0.295221843,0.545309699,0.597474349,0.387106758,0.0015163,0.544028761,0.0,meta,202205.0,0.2471870104,bdsrc,,,,0.2771090912172024,0.7849747341311065,0.4124382303269998,0.7940308695204439,0.47800981370629486,0.8300578479689553,0.4796312597379363,0.7643277988537278,0.5296348460463655,0.8157996082026493,0.6073639584249697,0.812321678707709,0.6025961911828863,0.7550610768645676,0.7347833549282543,0.7192783009381696,0.7363910347068925,0.8038459621779964,0.8951740390121561,0.7785773744429011,0.2914285714285714,0.5767578958306262,0.7854812303040158
facebook/opt-350m,OPT,0.35,0.18,0.378,0.260230967,0.235494881,0.367257518,0.52644041,0.408285328,0.0030326,0.51811094,0.0,meta,202205.0,0.2612875659,bdsrc,,,,0.25468385420144063,0.6880303999725661,0.35902582704413755,0.7690611380254894,0.39125462342876116,0.7632116708202885,0.5685733212063719,0.6753704645492576,0.6521488985076971,0.7956505422634232,0.6168365576636483,0.6577113082445821,0.7893269657320758,0.6778009626087308,0.7553490923133718,0.6040181910859544,0.8278569953690359,0.7062997117526091,0.8781457229045524,0.5794578097857652,0.26857142857142857,0.6100706406482322,0.6906744359802192
facebook/opt-13b,OPT,13.0,0.18,14.04,0.248956622,0.399317406,0.71200956,0.685082873,0.340958399,0.017437453,0.608779356,0.006097561,meta,202205.0,0.2527417747,bdsrc,,,,0.42987247163803544,0.8897521875014262,0.5505688802894938,0.8958400419407051,0.3825668534908326,0.8588620838391781,0.4670715690971758,0.8900410195877958,0.513543524898583,0.9028714421469585,0.518334382703247,0.9207098296303808,0.5986855693662578,0.9021449560092794,0.5193793121835266,0.8819186757883181,0.7107120585535264,0.9540277738319283,0.7557272347113186,0.8712844401693951,0.3485714285714286,0.5451481882675926,0.8966084895125019
facebook/opt-2.7b,OPT,2.7,0.18,2.916,0.254319729,0.339590444,0.614319857,0.619573796,0.37425418,0.00227445,0.568486894,0.0,meta,202205.0,0.2543085031,bdsrc,,,,0.3294412504758528,0.8456609561767116,0.45072618966487277,0.8421304415911133,0.546594997470035,0.8427083884483366,0.5638464558662545,0.8415221111983336,0.5895407832043619,0.8833887645979226,0.590167729608011,0.8812193474243091,0.6576206279793103,0.8380440581517881,0.5966145910517207,0.8022805283168495,0.7221743034727184,0.8372861204767106,0.8131858009515196,0.8044872010026701,0.26285714285714284,0.5864746124160091,0.8416572241432798
facebook/opt-30b,OPT,30.0,0.18,32.4,0.2665873,0.432593857,0.740689106,0.706393054,0.351638263,0.021986353,0.626407888,0.012195122,meta,202205.0,0.2675544794,bdsrc,,,,0.43666267024744554,0.940624091307204,0.5445546538797505,0.9387191442167607,0.4417100283447118,0.9395872432025697,0.49562727403987683,0.9342554257084628,0.5014866142662534,0.9439621155249488,0.5407962054049562,0.9421468280628316,0.5971641798177282,0.9389386969965665,0.6468182877955546,0.9040616501499071,0.6627643441683158,0.9525116122306332,0.6571708514508919,0.9263458844480937,0.30857142857142855,0.5531760236150531,0.935914998251438
facebook/opt-125m,OPT,0.125,0.18,0.135,0.260155876,0.228668942,0.314678351,0.516179953,0.42868758,0.00075815,0.498684238,0.0,meta,202205.0,0.2607178465,bdsrc,,,,0.513228736206306,0.6005802486846313,0.38166725616948,0.579843178450557,0.3644003112682153,0.5993754895575368,0.6707827953878813,0.5512754370332639,0.6751736418464472,0.6693601022524301,0.6281146292328905,0.5137551219594421,0.6974692196298428,0.5596195892168617,0.5895860735625865,0.5307815025013586,0.7876033492223271,0.45007316014609633,0.7181617217879654,0.48137086702669385,0.26285714285714284,0.6024771654827304,0.5529692340174979
facebook/opt-66b,OPT,66.0,0.18,71.28,0.269930021,0.46331058,0.76249751,0.700078927,0.35429656,0.016679303,0.642631463,0.012195122,meta,202205.0,,,,,,,,,,,,,,,,,,,,,,,,,,,,
mosaicml/mpt-30b,MPT,30.0,1.0,180.0,0.479981807,0.559726962,0.8242382,0.749013418,0.384155825,0.169067475,0.745335406,0.213414634,mosaicml,202306.0,0.4727246831,bdsrc,,,,0.16262861718023328,0.9716585960144455,0.32629940818518777,0.98856188140709,0.13033386856697454,0.9752333493261188,0.16058903163556676,0.9613269369375372,0.13855527321128255,0.9825750117397919,0.23419908923377278,0.9846938024315202,0.2009958524511669,0.9602222001702271,0.34875237629880007,0.9614736170796907,0.33914230404592466,1.0095351990862194,0.4218109171172158,0.9592421562665459,0.7142857142857143,0.24781637352694114,0.9753267722967345
mosaicml/mpt-7b,MPT,7.0,1.0,42.0,0.280684314,0.476962457,0.775343557,0.721389108,0.335450604,0.040181956,0.714400118,0.164634146,mosaicml,202305.0,,bdsrc,,,,0.3809535525816236,0.9510538890825695,0.48473115278376344,0.9587995499059025,0.4300951451750488,0.938769942973129,0.3881828311801165,0.9546174376175789,0.3956964451725189,0.9583082329387492,0.45318995586018157,0.9554424054007034,0.5056862392021056,0.9663301108386063,0.49414007116222713,0.9508607036216161,0.6271180907899477,0.9495316455112006,0.5531386896534493,0.9318753203991221,0.46285714285714286,0.47138988372100793,0.9515234998163487
facebook/xglm-564M,XGLM,0.564,0.5,1.692,0.251796636,0.245733788,0.346444931,0.522494081,0.404320588,0.00227445,0.585509055,0.0,meta,202112.0,0.2503916821,rllab,,,,,,,,,,,,,,,,,,,,,,,,,,
facebook/xglm-1.7B,XGLM,1.7,0.5,5.1,0.251004165,0.258532423,0.456781518,0.539068666,0.372063415,0.007581501,0.630680872,0.0,meta,202112.0,0.2506053269,rllab,,,,0.27805391526720746,0.6174331260048929,0.528947037266666,0.6513784253814134,0.6454637296576978,0.7010943820308936,0.5067878258816407,0.6206476699570871,0.6162861692116033,0.7120558442957867,0.6221898062770124,0.7401650912607108,0.6435051155392144,0.6997406846202553,0.7796994208652129,0.7053775198523153,0.7636181269179526,0.6504776285611635,0.8678574266479738,0.5435436642177329,0.24571428571428572,0.626265298668489,0.6638494342043856
facebook/xglm-4.5B,XGLM,4.5,0.5,13.5,0.254299777,0.314846416,0.579466242,0.549329124,0.358393949,0.00227445,0.658513957,0.0,meta,202112.0,0.254379718,rllab,,,,0.35241528139040296,0.770640771046377,0.5713644893192399,0.7768840193871352,0.49663978826710153,0.7379025762606333,0.5732385898550197,0.6757789712373642,0.43752054684140285,0.7420618932999,0.5764455225557797,0.8128888801730988,0.6011892695021883,0.8027335896364354,0.7144806507929086,0.7420559275069442,0.7605857366286565,0.7828619962671569,0.8172232061880359,0.7263555423472957,0.26857142857142857,0.5918371705228773,0.7567243096137809
facebook/xglm-7.5B,XGLM,7.5,0.5,22.5,0.277886681,0.341296928,0.607747461,0.587213891,0.366615239,0.00227445,0.695550561,0.0,meta,202112.0,0.273821393,rllab,,,,0.3615991952061875,0.694831359696599,0.5852311960758559,0.7160519545865546,0.5513327670818563,0.6624916473172621,0.5355779490892663,0.7170871365517404,0.4968894082165902,0.7419390156502211,0.5650176685457668,0.7654277716256637,0.6167580438948123,0.768878047498569,0.62153470584333,0.655644924603726,0.6732961209531567,0.6655887175874876,0.7807981881560554,0.6379668229179186,0.26857142857142857,0.5799129076558807,0.7024720250108186
codellama/CodeLlama-7b-hf,CodeLlama,7.0,2.52,105.84,0.311220648,0.399317406,0.608046206,0.640094712,0.378216756,0.051554208,0.72972396,0.335365854,meta,202308.0,,,,,,,,,,,,,,,,,,,,,,,,,,,,
codellama/CodeLlama-13b-hf,CodeLlama,13.0,2.52,196.56,0.328088358,0.408703072,0.633539136,0.671665351,0.437942698,0.121304018,0.734948573,0.384146341,meta,202308.0,,,,,,,,,,,,,,,,,,,,,,,,,,,,
codellama/CodeLlama-34b-hf,CodeLlama,34.0,2.52,514.08,0.550208399,0.540955631,0.758215495,0.735595896,0.391136184,0.343442002,0.786124588,0.475609756,meta,202308.0,,,,,,,,,,,,,,,,,,,,,,,,,,,,
codellama/CodeLlama-70b-hf,CodeLlama,70.0,3.02,1268.4,0.596665899,0.567406143,0.782115117,0.752170481,0.397884774,0.439727066,0.775638856,0.548780488,meta,202401.0,,,,,,,,,,,,,,,,,,,,,,,,,,,,
bigcode/starcoderbase-1b,StarCoder,1.0,1.0,6.0,0.266738816,0.226962457,0.343059152,0.499605367,0.457892866,0.009097801,0.561739334,0.146,bigcode(huggingface),202305.0,,,,,,,,,,,,,,,,,,,,,,,,,,,,
bigcode/starcoderbase-3b,StarCoder,3.0,1.0,18.0,0.273528005,0.258532423,0.391057558,0.511444357,0.43054512,0.017437453,0.597635573,0.177,bigcode(huggingface),202305.0,,,,,,,,,,,,,,,,,,,,,,,,,,,,
bigcode/starcoderbase-7b,StarCoder,7.0,1.0,42.0,0.284464385,0.298634812,0.438657638,0.543804262,0.404626336,0.054586808,0.597831124,0.244,bigcode(huggingface),202305.0,,,,,,,,,,,,,,,,,,,,,,,,,,,,
bigcode/starcoderbase,StarCoder,15.5,1.0,93.0,0.321170975,0.302901024,0.472117108,0.55801105,0.400215714,0.078847612,0.595190171,0.341,bigcode(huggingface),202305.0,,,,,,,,,,,,,,,,,,,,,,,,,,,,
bigcode/starcoder2-15b,StarCoder2,15.0,4.3,387.0,0.513458387,0.473549488,0.640908186,0.63851618,0.378734193,0.522365428,0.738282013,0.463,bigcode(huggingface),202402.0,,,,,,,,,,,,,,,,,,,,,,,,,,,,
bigcode/starcoder2-7b,StarCoder2,7.0,3.7,155.4,0.412133186,0.383105802,0.519119697,0.591949487,0.419934977,0.250947688,0.620089807,0.354,bigcode(huggingface),202402.0,,,,,,,,,,,,,,,,,,,,,,,,,,,,
bigcode/starcoder2-3b,StarCoder2,3.0,3.3,59.4,0.386486021,0.34556314,0.47619996,0.545382794,0.404869824,0.196360879,0.603682999,0.317,bigcode(huggingface),202402.0,,,,,,,,,,,,,,,,,,,,,,,,,,,,
deepseek-ai/deepseek-coder-1.3b-base,DeepSeek-Coder,1.3,2.0,15.6,0.260247316,0.257679181,0.392750448,0.527229676,0.426136821,0.029567854,0.606345816,0.287,deepseek,202311.0,,,,,,,,,,,,,,,,,,,,,,,,,,,,
deepseek-ai/deepseek-coder-6.7b-base,DeepSeek-Coder,6.7,2.0,80.4,0.38391431,0.370307167,0.53455487,0.580899763,0.402813121,0.179681577,0.678870819,0.476,deepseek,202311.0,,,,,,,,,,,,,,,,,,,,,,,,,,,,
deepseek-ai/deepseek-coder-33b-base,DeepSeek-Coder,33.0,2.0,396.0,0.409137308,0.424914676,0.599880502,0.624309392,0.399701882,0.300227445,0.696131702,0.512,deepseek,202311.0,,,,,,,,,,,,,,,,,,,,,,,,,,,,
01-ai/Yi-6B-200K,Yi-200K,6.0,3.0,108.0,0.646493014,0.535836177,0.755825533,0.74269929,0.417425955,0.303260045,,,01-ai,202311.0,,,,,,0.2039262801141457,0.9592539399303164,0.3761400804773847,0.9706306432175362,0.24596677733504696,0.9662880714630001,0.09911812048881402,0.9704722691054974,0.09831504395945775,0.9788274334367264,0.24780143688795292,0.9731844198504476,0.17710990119866132,0.976322177886136,0.3953423903845304,0.9511723532678423,0.4385661455116085,0.9911241043372366,0.5820764885326052,0.9372840815777573,0.68,0.28796939325659904,0.9672586009500089
01-ai/Yi-34B-200K,Yi-200K,34.0,3.0,612.0,0.755618005,0.657849829,0.820553675,0.828729282,0.426021459,0.348749052,,,01-ai,202311.0,,,,,,,,,,,,,,,,,,,,,,,,,,,,
openlm-research/open_llama_7b_v2,OpenLlamaV2,13.0,1.0,78.0,0.412939739,0.436860068,0.721967736,0.693764799,0.355392154,0.034874905,,,openlm-research(UCB),202306.0,,,,,,0.21995594656157877,0.951343412237195,0.5257453271833279,0.9624328519689906,0.2800846013152706,0.9430300362767831,0.2430659944333821,0.9623512862343431,0.262620446546339,0.9677631617717591,0.38896104972647455,0.956055452738086,0.38611446641990094,0.9696107931277692,0.4665423896922774,0.9388120656178717,0.5362967740466194,0.9513624052404014,0.6048246530166477,0.9418132541660221,0.5142857142857142,0.39297564254893147,0.9543956293724123
openlm-research/open_llama_3b_v2,OpenLlamaV2,3.0,1.0,18.0,0.27117981,0.402730375,0.71599283,0.670086819,0.347774532,0.009097801,,,openlm-research(UCB),202306.0,,,,,,0.3947276470943714,0.8896667215016437,0.48514272220202515,0.9281392719172837,0.4616980738767994,0.8939671966888918,0.4447654054729504,0.8924150151304975,0.47234232808101995,0.9337704445306714,0.5218347767613308,0.9199124585266295,0.511748886364922,0.933104867673458,0.6069114545260136,0.8783269077629471,0.7143080209744515,0.8956339413314267,0.6677164370955481,0.8865377702634314,0.3028571428571429,0.5286097062154188,0.9050308545380438
openlm-research/open_llama_13b,OpenLlama,13.0,0.6,46.8,0.437545283,0.511945392,0.752340171,0.720599842,0.380759673,0.032600455,,,openlm-research(UCB),202304.0,,,,,,0.21994911168533365,0.9647585687025274,0.3245129237356505,0.9739985298015521,0.2604117155724742,0.9395337752084771,0.16578631237921918,0.9666481754902085,0.20763834256810754,0.9794849911165042,0.3326244527529984,0.9714519882288781,0.2723939773111553,0.9773980709997412,0.40006589391304154,0.9547763789250526,0.5263762556936128,0.965770520647992,0.554554704276448,0.9483938247351306,0.6228571428571429,0.32726215437230904,0.9641881194441934
openlm-research/open_llama_7b,OpenLlama,7.0,1.0,42.0,0.304934081,0.470136519,0.719776937,0.679558011,0.348473071,0.015921152,,,openlm-research(UCB),202304.0,,,,,,0.34945050444497006,0.8788759559136885,0.44101703477088305,0.9154783261442062,0.3572835428754179,0.8768129899121148,0.3047350770598896,0.8841639128374106,0.3503348027963828,0.9197696768492671,0.3887025189468952,0.8982324897409464,0.4767075069720948,0.9167464877694016,0.4418669764640622,0.8942125590947624,0.5974491194426353,0.8904644017104516,0.6256293784103274,0.8942273864943987,0.52,0.4335197191015575,0.8969088333956846
openlm-research/open_llama_3b,OpenLlama,3.0,1.0,18.0,0.26936287,0.398464164,0.626468831,0.647198106,0.349651358,0.004548901,,,openlm-research(UCB),202304.0,,,,,,0.28667458293026576,0.9035392766686823,0.3716046580734842,0.9132539595465996,0.4029635759086327,0.8824214093833347,0.3606569434019534,0.8711409634503973,0.45659907089048457,0.9034425693311607,0.538604412615223,0.9155092218874079,0.5625810855762421,0.8997690161466011,0.5846108240990032,0.856007016595457,0.6707163461152941,0.899141392773533,0.7424137567235882,0.8692124949330661,0.4,0.49836639972910957,0.8911631891919374
openai-community/gpt2,GPT-2,0.124,,,0.258337178,0.220136519,0.315275841,0.504340963,0.40691164,0.006823351,0.483628723,,openai,201902.0,0.261572426,rllab,,,,,,,,,,,,,,,,,,,,,,,,,,
openai-community/gpt2-large,GPT-2,0.774,,,0.260674031,0.257679181,0.456184027,0.55406472,0.38718452,0.008339651,,,openai,201902.0,0.255234297,rllab,,,,,,,,,,,,,,,,,,,,,,,,,,
internlm/internlm2-20b,InternLM2,20.0,,,0.675806686,0.629692833,0.832105158,0.855564325,0.512652004,0.679302502,,,internlm(Shanghai AI Lab),202401.0,,,,,,,,,,,,,,,,,,,,,,,,,,,,
internlm/internlm2-7b,InternLM2,7.0,,,0.652428476,0.580204778,0.812387971,0.838200474,0.487268393,0.630022745,,,internlm(Shanghai AI Lab),202401.0,,,,,,,,,,,,,,,,,,,,,,,,,,,,
deepseek-ai/deepseek-llm-67b-base,DeepSeek-LLM,67.0,2.0,804.0,0.717793274,0.65443686,0.871041625,0.841357537,0.510801367,0.567096285,,,deepseek,202311.0,,,,,,,,,,,,,,,,,,,,,,,,,,,,
deepseek-ai/deepseek-moe-16b-base,DeepSeek-MoE,16.0,2.0,192.0,0.463061136,0.532423208,0.797749452,0.737174428,0.360793034,0.172858226,,,deepseek,202311.0,0.4503631961,bdsrc,,,,0.1384830903144306,0.9373063720452128,0.3286375708600676,0.9535417732416062,0.20030721349978528,0.9494170051946699,0.16947970585436656,0.9137339271371315,0.2560300467490179,0.9524020108260411,0.3256732964125572,0.9192255888021774,0.2503792457566094,0.9301979877322308,0.24126504817215633,0.9229498963829015,0.5042035659408134,0.8975836545706503,0.4909750798110153,0.9041947772847398,0.6571428571428571,0.2911337507337948,0.9279031248431064
Deci/DeciLM-7B,DeciLM,7.0,,,0.597629389,0.593856655,0.825134435,0.79952644,0.403262533,0.473843821,,,deci,202309.0,0.5859564165,rllab,,,,0.12583172643471166,0.9787976157514033,0.1996783971517503,0.9877655461245433,0.19907148001101072,0.9807788484891167,0.05374241313935882,0.9941442704414709,0.11796114532255896,0.9892351982789608,0.2042798955187934,0.9906165999963884,0.11541144996883079,0.9957364983819721,0.2732765735952482,0.9750751428018936,0.36912143060132196,1.0047228279266616,0.45341737458014575,0.9836451505580468,0.7428571428571429,0.2119134669799355,0.9880002719353145
stabilityai/stablelm-base-alpha-7b-v2,StableLM,7.0,1.1,46.2,0.450989399,0.473549488,0.770762796,0.685082873,0.364572018,0.025777104,,,stabilityai,202304.0,0.4482267483,rllab,,,,0.27473081437296104,0.9294055427395088,0.4409441658066344,0.9572335132368289,0.24419807986994232,0.9360609391347904,0.27662715900425583,0.9422825767471961,0.3708524556573793,0.9595625659129406,0.29613556055022516,0.9482544346625846,0.38861556564252586,0.9584769734296976,0.5085157998049665,0.951013338019401,0.5598728307620269,0.9481922375276436,0.5710012048506948,0.9135295558020885,0.5142857142857142,0.39387780404276684,0.9443457824633356
stabilityai/stablelm-base-alpha-3b,StableLM,3.0,1.5,27.0,0.254305266,0.264505119,0.422425812,0.539068666,0.404965786,0.004548901,,,stabilityai,202304.0,0.2503916821,rllab,,,,0.31082154216101765,0.4873235799060094,0.40817092054723225,0.584918272713932,0.39859855673048344,0.5596976027915579,0.5728760376710063,0.44469951634434246,0.4992101411695501,0.5391694903488458,0.6140428540086852,0.5492768714772411,0.6766832256731843,0.5008073930220197,0.7485787170733743,0.4899869219726425,0.6763568276194243,0.43409058461954264,0.7836461712600725,0.3900999909761387,0.3314285714285714,0.5705146262691368,0.49782957362521657
stabilityai/stablelm-base-alpha-7b,StableLM,7.0,1.5,63.0,0.262051609,0.31996587,0.517825134,0.55406472,0.40193766,0.006065201,,,stabilityai,202304.0,0.2528129896,rllab,,,,0.3014308373973136,0.7345083245410152,0.4638378387137567,0.674382624857279,0.5207865819840861,0.7443399049348453,0.5027643614255392,0.6938761563062521,0.5238582724329475,0.7492558439686862,0.679162776333856,0.7509886887557587,0.6955050229285966,0.7324731178133865,0.8055430572669809,0.6821995459585071,0.7719447447059765,0.7083979531464841,0.8861996809616951,0.6573294107520944,0.2742857142857143,0.6166004095729404,0.7121745893383606
stabilityai/stablelm-2-1_6b,StableLM,1.6,2.0,19.2,0.389465726,0.433447099,0.704540928,0.645619574,0.367838582,0.174374526,,,stabilityai,202304.0,0.3805013531,rllab,,,,0.36759655657297285,0.9682014432616337,0.5593603907140584,0.9698838178659308,0.39108482095728225,0.9662477070676078,0.3735361950898926,0.9255645085373091,0.4011344187353634,0.9745278174768165,0.35319977005259673,0.9676541063935742,0.3767850479223585,0.9694401366951455,0.5031783209334766,0.9461119235121027,0.5560621911929494,1.011386555753547,0.6337916157452145,0.9567146393633431,0.41714285714285715,0.4525169420977718,0.9652193379796083
RWKV/rwkv-4-169m-pile,RWKV,0.169,,,0.2317624,0.236348123,0.317367058,0.509076559,0.419232363,0.004548901,,,rwkv,202305.0,,,,,should be rwkv-4,,,,,,,,,,,,,,,,,,,,,,,
RWKV/rwkv-4-430m-pile,RWKV,0.43,,,0.248549698,0.267064846,0.400119498,0.511444357,0.395822188,0.003790751,,,rwkv,202305.0,,,,,,,,,,,,,,,,,,,,,,,,,,,,
RWKV/rwkv-4-1b5-pile,RWKV,1.5,,,0.257744696,0.318259386,0.522505477,0.5382794,0.357956961,0.0,,,rwkv,202305.0,,,,,,,,,,,,,,,,,,,,,,,,,,,,
RWKV/rwkv-4-7b-pile,RWKV,7.0,,,0.249593634,0.396757679,0.663114917,0.623520126,0.336529831,0.007581501,,,rwkv,202305.0,,,,,,,,,,,,,,,,,,,,,,,,,,,,
RWKV/rwkv-4-14b-pile,RWKV,14.0,,,0.261243635,0.444539249,0.710714997,0.6543015,0.32042194,0.003790751,,,rwkv,202305.0,,,,,,,,,,,,,,,,,,,,,,,,,,,,
RWKV/rwkv-raven-14b,RWKV,14.0,,,0.25919331,0.446245734,0.712507469,0.666929755,0.419325693,0.021228203,,,rwkv,202305.0,,,,,,,,,,,,,,,,,,,,,,,,,,,,
RWKV/rwkv-4-3b-pile,RWKV,3.0,,,0.246708722,0.360068259,0.596594304,0.583267561,0.321370226,0.006823351,,,rwkv,202305.0,,,,,,,,,,,,,,,,,,,,,,,,,,,,
togethercomputer/RedPajama-INCITE-Base-3B-v1,RedPajama-INCITE-Base,3.0,0.8,14.4,0.270278742,0.401877133,0.647679745,0.647198106,0.332348868,0.012888552,,,togetherai,202305.0,0.2681954138,rllab,,,,0.37472855102921676,0.8886579734078405,0.44583385129803105,0.9070854650996516,0.3400286884550181,0.8494480809944778,0.45180505316413533,0.8660252903206052,0.4753607386315477,0.8823227093038404,0.5038425394465081,0.874175289322418,0.5872211692028699,0.8748082905784778,0.548158261095082,0.82883882146582,0.6713459417983043,0.8662211826414865,0.728846028987587,0.8612926690906055,0.37714285714285717,0.5133736555818996,0.8698188895035881
togethercomputer/RedPajama-INCITE-Base-7B-v0.1,RedPajama-INCITE-Base,7.0,1.0,42.0,0.276821402,0.462457338,0.716291575,0.673243883,0.330347542,0.015921152,,,togetherai,202305.0,0.2762427005,rllab,,,,0.34721257104287073,0.8040660592156232,0.4607011441909794,0.8543299502879733,0.37255439782990996,0.7751995909837159,0.3199561490655069,0.789383000385757,0.3229352948320148,0.8114661888405914,0.35722056168480937,0.7989126181705463,0.5057784138066134,0.854725088268323,0.4416640630267028,0.7832268338886195,0.6038953525200226,0.8048086146983155,0.6187103624020572,0.7565976621222451,0.48,0.4351939060411161,0.803077802180024
LLM360/Amber,Amber,7.0,1.259,52.878,0.268356842,0.409556314,0.737900817,0.678768745,0.335563739,0.028051554,,,llm360,202312.0,0.2756729811,rllab,,,,0.36585254456757593,0.9477947873835338,0.4754708349967849,0.9539743338949511,0.4831297889418793,0.9191325636026146,0.5441982060265826,0.9222480249410037,0.4942421678965323,0.9566755655183921,0.4478157782100416,0.9551563350532591,0.5409412443475353,0.9527459511439379,0.60633691847405,0.9128065449601583,0.6055467952217829,0.9290832735560882,0.7095638078679147,0.9273824762624421,0.34285714285714286,0.5281488743824968,0.9376032301285165
Salesforce/codegen-6B-nl,Codegen,6.0,0.36,12.96,0.259344781,0.423208191,0.68591914,0.664561957,0.344704613,0.021986353,,,salesforce,202203.0,0.2559464464,bdsrc,,,,0.31439701430993294,0.8654884252022176,0.40071973360952917,0.9015267880204707,0.3097150766236918,0.8647349734599726,0.41929905433298154,0.865785676974612,0.4785145875014877,0.8802415751399286,0.4926286613603129,0.9008459668005138,0.5340189905806393,0.874923782569551,0.6390001605943252,0.8361684674945593,0.7350063152820084,0.8725590132579962,0.753211516764284,0.8413029237001204,0.4057142857142857,0.5086031315026727,0.8703225651287385
Salesforce/codegen-16B-nl,Codegen,16.0,0.36,34.56,0.323543017,0.467576792,0.718681538,0.679558011,0.339466724,0.026535254,,,salesforce,202203.0,0.316550349,bdsrc,,,,0.3239886978558233,0.9355701806816245,0.4294548250543526,0.9428365216300967,0.38045197526076,0.9257647972853589,0.3619549762708079,0.9312607513959887,0.4416905666148114,0.9458633969455424,0.4197177945762206,0.9405560239537605,0.5162329963433675,0.9353152182103789,0.6435851732401098,0.8959490646862142,0.6346728660936967,0.9630590658995583,0.6427396165154182,0.9084315912586045,0.42857142857142855,0.48002156387821837,0.9322134077487185
,,,,,,,,,,,,,,,,,,,,,,,,,,,,,,,,,,,,,,,,,,
,,,,,,,,,,,,,,,,,,,,,,,,,,,,,,,,,,,,,,,,,,
,,,,,,,,,,,,,,,,,,,,,,,,,,,,,,,,,,,,,,,,,,
,,,,,,,,,,,,,,,,,,,,,,,,,,,,,,,,,,,,,,,,,,
,,,,,,,,,,,,,,,,,,,,,,,,,,,,,,,,,,,,,,,,,,
openai-community/gpt2,GPT-2,0.355,,,,,,,,,,,openai,201902.0,0.263780088,rllab,,,,,,,,,,,,,,,,,,,,,,,,,,
openai-community/gpt2-large,GPT-2,1.5,,,,,,,,,,,openai,201902.0,0.263139154,rllab,,,,,,,,,,,,,,,,,,,,,,,,,,
