Model,Model Family,Model Size (B),Pretraining Data Size (T),FLOPs (1E21),MMLU,ARC-C,HellaSwag,Winograd,TruthfulQA,GSM8K,XWinograd,HumanEval,Company,Release Date,MMLU-ours,platform,Unnamed: 17,Unnamed: 18,Unnamed: 19,0_10_brier,0_10_san,10_20_brier,10_20_san,20_30_brier,20_30_san,30_41_brier,30_41_san,41_51_brier,41_51_san,51_61_brier,51_61_san,61_72_brier,61_72_san,72_82_brier,72_82_san,82_92_brier,82_92_san,92_103_brier,92_103_san,acc,brier,san
meta-llama/Llama-2-7b-hf,Llama-2,7.0,2.0,84.0,0.437960964,0.530716724,0.777434774,0.740331492,0.389802028,0.144806672,0.754881273,0.12804878,meta,202307.0,0.458624128,rllab,,,,0.12005859105279862,0.9505322541613479,0.49679059593570907,0.9140504459378065,0.48223668715553564,0.928697979388175,0.3543956831993546,0.9568385832726647,0.22724471057820464,0.9301848269339008,0.6457139050822704,0.9079251102647923,0.5602588411676473,0.9235786121262362,0.478109718568005,0.9671898663673894,0.40496173346028314,0.9603607456719233,0.6321371668971828,0.9529635332598189,0.44660194174757284,0.44238706817703016,0.939384468956304
meta-llama/Llama-2-13b-hf,Llama-2,13.0,2.0,156.0,0.543378428,0.58105802,0.809699263,0.766377269,0.34172403,0.228203184,0.786798487,0.182926829,meta,202307.0,0.5491382994,bdsrc,,,,0.0404437087785745,0.9821537860296052,0.31958755448491305,0.9364513461699691,0.281123807691192,0.9743667553851214,0.22836891232067372,0.9780053532237555,0.13561564604503573,0.9683138273975581,0.46845904898186524,0.9488933109873015,0.2768906783044617,0.9603429717308877,0.34190012899365535,0.9686811098551684,0.39969298329891684,0.9732362276321129,0.5596980806803268,0.9695562525304389,0.6699029126213593,0.30662876861263694,0.9660962523000416
meta-llama/Llama-2-70b-hf,Llama-2,70.0,2.0,840.0,0.698320892,0.673208191,0.873332006,0.837411208,0.449234937,0.540561031,0.824453228,0.298780488,meta,202307.0,,,,,,,,,,,,,,,,,,,,,,,,,,,,
huggyllama/llama-7b,Llama,6.7,1.0,40.2,0.356933064,0.509385666,0.778131846,0.714285714,0.343279329,0.080363912,0.693204495,0.12804878,meta,202302.0,0.34952286,rllab,,,,0.19612469223627468,0.9029865102643125,0.41840648015206633,0.8885722816980509,0.40318431172354374,0.9033195970857101,0.4655315540541585,0.9165651984676786,0.41609824861567607,0.8801546179667319,0.5812062863510599,0.9230169471422791,0.6282635425546351,0.8748631705197394,0.6046834744213546,0.905981374951541,0.6752208591325743,0.926108631215919,0.774232359615512,0.9085134987903088,0.33980582524271846,0.5193936460659498,0.9029200014446646
huggyllama/llama-13b,Llama,13.0,1.0,78.0,0.476105883,0.561433447,0.809201354,0.762430939,0.394788826,0.075815011,0.730361681,0.158536585,meta,202302.0,,,,,,0.18477545451403402,0.9705957548723811,0.4151542134154466,0.9360309155234289,0.449749005586862,0.9626445979521165,0.3848177553934575,0.9554606366943134,0.3823377956224603,0.9567502098623905,0.4369340003131458,0.9285677623177631,0.5553313000025581,0.9315310585697243,0.5622645087430729,0.9563506155897116,0.6515603334667268,0.969205496536038,0.7013930545789507,0.9643843126142998,0.42718446601941745,0.4746088963722536,0.9530736855650485
huggyllama/llama-30b,Llama,32.5,1.4,273.0,0.584466128,0.614334471,0.847341167,0.800315706,0.42273876,0.148597422,0.771147904,0.207317073,meta,202302.0,,,,,,,,,,,,,,,,,,,,,,,,,,,,
huggyllama/llama-65b,Llama,65.2,1.4,547.68,0.639306418,0.634812287,0.860884286,0.825572218,0.434287607,0.372251706,0.776834807,0.231707317,meta,202302.0,,,,,,,,,,,,,,,,,,,,,,,,,,,,
meta-llama/Meta-Llama-3-70B,Llama-3,70.0,15.0,6300.0,0.792329339,,0.87980482,0.853196527,0.455623682,0.768764215,0.844706094,0.524390244,meta,202404.0,,,,,,,,,,,,,,,,,,,,,,,,,,,,
meta-llama/Meta-Llama-3-8B,Llama-3,8.0,15.0,720.0,0.664949549,,0.820155348,0.771112865,0.439522651,0.453373768,0.801151665,0.384146341,meta,202404.0,0.651687794,rllab,,,,,,,,,,,,,,,,,,,,,,,,,,
Qwen/Qwen1.5-72B,Qwen1.5,72.0,3.0,1296.0,0.772014583,0.658703072,0.859888468,0.830307814,0.596080564,0.657316149,0.825768095,0.451219512,alibaba,202402.0,,,,,,,,,,,,,,,,,,,,,,,,,,,,
Qwen/Qwen1.5-32B,Qwen1.5,32.0,4.0,768.0,0.742996128,0.635665529,0.850029875,0.814522494,0.573944434,0.611068992,0.791176059,0.420731707,alibaba,202402.0,,,,,,0.006489225907491883,0.0704610347607427,0.2486238300055072,0.16026146605515473,0.08361839414737918,0.06376459221131298,0.2138479779129743,0.06333701703820392,0.08465052720984881,0.05839575751657274,0.2529802029593072,0.07389346290674119,0.07874728061200591,0.06740976211546783,0.15792979338588725,0.07246498222149678,0.2134065948275175,0.06853338767949083,0.354559011142616,0.06778679752065787,0.7961165048543689,0.17083187039585385,0.07632637064983247
Qwen/Qwen1.5-14B,Qwen1.5,14.0,4.0,336.0,0.693602647,0.565699659,0.810794662,0.73480663,0.520609239,0.676269901,0.777502468,0.396341463,alibaba,202402.0,,,,,,0.0026177609811289786,0.06056003670991722,0.2835671030252319,0.14848152413335308,0.15974933079302273,0.05668083713065468,0.19560946828185238,0.052292252221932484,0.14690496666690772,0.052947846801799626,0.22918823137445538,0.05637528788462799,0.1372359490129466,0.0561371300700733,0.2833809268464243,0.058278023817800395,0.25120770102247103,0.058098693221385424,0.36237459038103065,0.05692821711059648,0.7281553398058253,0.20595709020903447,0.06537044747984475
Qwen/Qwen1.5-7B,Qwen1.5,7.0,4.0,168.0,0.619700217,0.541808874,0.785102569,0.712707182,0.51082277,0.53525398,0.752361398,0.347560976,alibaba,202402.0,0.604828372,rllab,,,,0.0034864670381901212,0.025006857225738543,0.35202431785657107,0.09759591725308905,0.2985517144637625,0.025681443226316325,0.15238382539259165,0.03123481974192063,0.04573848137902514,0.03122509541582156,0.287608328611423,0.022016493761252354,0.3792231358618183,0.02541720946986913,0.34864812705757064,0.02960336812919965,0.37389870765195976,0.02753989680027085,0.5265018584634317,0.029485654564701355,0.6407766990291263,0.2790170724027308,0.03431267222969209
Qwen/Qwen1.5-4B,Qwen1.5,4.0,2.4,57.6,0.565235196,0.484641638,0.715793667,0.662194159,0.472731898,0.522365428,0.688785439,0.262195122,alibaba,202402.0,0.5526278308,rllab,,,,0.09178866340425376,0.044171250625363645,0.42310110275843843,0.10336304803530132,0.3140881265741275,0.057052627217421104,0.35498650934687215,0.049589613862978436,0.16258031390718206,0.04462453237892381,0.331554111198286,0.05267765679683069,0.29004004000438544,0.03705583867852096,0.49074058756256117,0.05386572131132986,0.4194196103615389,0.050755179108204984,0.47630493675894486,0.04702939715969857,0.5728155339805825,0.33657642237743773,0.05374294661598962
Qwen/Qwen1.5-1.8B,Qwen1.5,1.8,2.4,25.92,0.467083853,0.37883959,0.614220275,0.602999211,0.394278142,0.3358605,0.643824663,0.182926829,alibaba,202402.0,0.4600484262,rllab,,,,0.11538736111311616,0.03374544905163422,0.4368397846325903,0.08723550303184226,0.35436901150731887,0.031730596553329424,0.3376627404321649,0.024803558550469132,0.307779841150147,0.031249338111828444,0.49343210043853025,0.029110373205229773,0.599100151536767,0.025013741203842935,0.7478479674393514,0.02819047463084017,0.5956098462016688,0.0345850646104638,0.6579521807047578,0.020876084786642123,0.4174757281553398,0.4665487856722118,0.0343310215718658
Qwen/Qwen1.5-0.5B,Qwen1.5,0.5,2.4,7.2,0.393533408,0.314846416,0.490539733,0.572217837,0.382992684,0.163002274,0.575621493,0.115853659,alibaba,202402.0,0.3886198547,rllab,,,,0.18610748822990011,0.04621269597888071,0.42240047499891764,0.10152044206455099,0.35736548204865237,0.054430071078716655,0.5791872605646993,0.04566758578842187,0.34384127182743884,0.07536747938702316,0.47784927276921996,0.05461525014320957,0.6979838448597862,0.06195785990677463,0.7025094227231636,0.05581545301067564,0.7427626851435449,0.05900457922204688,0.8913667815102385,0.061559274442547024,0.34951456310679613,0.5454590071232072,0.061463025537536076
Qwen/Qwen-72B,Qwen,72.0,3.0,1296.0,0.773737575,0.651877133,0.85939056,0.824782952,0.601910952,0.704321456,0.828731413,0.37195122,alibaba,202311.0,,,,,,,,,,,,,,,,,,,,,,,,,,,,
Qwen/Qwen-14B,Qwen,14.0,3.0,252.0,0.677042803,0.582764505,0.839872535,0.767955801,0.494329446,0.589840788,0.791508524,0.353658537,alibaba,202309.0,,,,,,,,,,,,,,,,,,,,,,,,,,,,
Qwen/Qwen-7B,Qwen,7.0,2.4,100.8,0.598387921,0.513651877,0.784704242,0.72691397,0.477859305,0.449583017,0.734576728,0.317073171,alibaba,202308.0,0.5828941746,rllab,,,,0.05654182559651744,0.15804040256631025,0.4806924075168547,0.17449730749443976,0.48602772444029424,0.16997669903016896,0.2095024744554113,0.18435718572014526,0.13558133821623458,0.18922966749208409,0.2110323895363942,0.18219040256157057,0.30691116230135695,0.14498622797318503,0.371217063411802,0.1316058751460098,0.49608870883325873,0.15896418170462603,0.42802581070398704,0.17534143818040676,0.6116504854368932,0.3180645485202123,0.1669570750540116
mistralai/Mistral-7B-v0.1,Mistral,7.3,,,0.641644838,0.599829352,0.833100976,0.786108919,0.421531711,0.370735406,0.781857102,0.274390244,mistral,202309.0,0.62590799,rllab,,,,0.0371452592710458,0.9762037680496819,0.20555974587322368,0.967016382835164,0.20175154877218046,0.9658855014302288,0.17758505736834032,0.9717142367072629,0.08212090456377061,0.9715908588588944,0.3534060839885161,0.8911135256325204,0.22654139544386423,0.9628421661314643,0.38672648706585566,0.9648175437572967,0.26586731543559605,0.9662178177637472,0.4633795994765569,0.9609374991670854,0.7281553398058253,0.2414401944162938,0.9599891932557209
mistralai/Mixtral-8x7B-v0.1,Mixtral,45.0,,,0.718783933,0.663822526,0.864568811,0.816890292,0.46805433,0.576194086,0.800190967,0.335365854,mistral,202312.0,,,,,,,,,,,,,,,,,,,,,,,,,,,,
01-ai/Yi-6B,Yi,6.0,3.0,108.0,0.641070914,0.555460751,0.765684127,0.741910024,0.419616075,0.121304018,0.723879126,0.158536585,01-ai,202311.0,0.6344537815,bdsrc,,,,0.06138572124251562,0.989408000475428,0.34780477815675637,0.9679582917816477,0.4053808916010738,0.9560890031440001,0.2475919365437225,0.9789172678430692,0.2694493828155861,0.9754087735080311,0.20048974968386482,0.9757659966611045,0.3345551186841584,0.9011552939190163,0.30533393237064205,0.9773011299990962,0.271200616343357,0.9744067929744057,0.32490079759092577,0.9371782975438343,0.6796116504854369,0.27755317575868765,0.9626518382310895
01-ai/Yi-34B,Yi,34.0,3.0,612.0,0.763515673,0.645904437,0.856901016,0.830307814,0.562308393,0.506444276,0.795640491,0.268292683,01-ai,202311.0,,,,,,,,,,,,,,,,,,,,,,,,,,,,
google/gemma-7b,Gemma,7.0,6.0,252.0,0.660274573,0.610921502,0.824736108,0.784530387,0.449054884,0.527672479,0.783899856,0.335365854,google,202402.0,0.6509756445,bdsrc,,,,0.08085882498239062,0.9775457825846943,0.19695213129968928,0.9476747447666629,0.20212992358714935,0.9680408927076781,0.23478053702203566,0.9664167616010204,0.15562635305166306,0.968274027936132,0.27851149804301706,0.965278037459116,0.07517111269092495,0.9554621946918914,0.19847713122438826,0.9683111470568484,0.15884228420652535,0.9682942950478676,0.34902683725097217,0.9583280564996278,0.7766990291262136,0.19381305651020864,0.9642375380224072
google/gemma-2b,Gemma,2.0,6.0,72.0,0.417731464,0.483788396,0.71768572,0.662983425,0.330844343,0.169067475,0.709318357,0.231707317,google,202402.0,0.4119071357,bdsrc,,,,0.2552534742293064,0.9280633296988906,0.4351356352354198,0.9178486744070188,0.5542740131490423,0.8994855651035355,0.4062667405907959,0.9320482889611088,0.41392971837472,0.9261165245218143,0.601312993640535,0.9504441265731673,0.6689249671780855,0.9139307318432114,0.5533200946594146,0.9425331354496322,0.6855185624810659,0.920350059730149,0.6228487847086522,0.930162151791577,0.34951456310679613,0.5210280615043487,0.9260773500329792
tiiuae/falcon-180B,Falcon,180.0,3.5,3780.0,0.695866104,0.691979522,0.88886676,0.868981847,0.451569509,0.459438969,0.844553352,,tiiuae,202309.0,,,,,,,,,,,,,,,,,,,,,,,,,,,,
tiiuae/falcon-40b,Falcon,40.0,1.0,240.0,0.569797005,0.619453925,0.852818164,0.812943962,0.417169225,0.214556482,0.784630576,,tiiuae,202309.0,,,,,,,,,,,,,,,,,,,,,,,,,,,,
tiiuae/falcon-7b,Falcon,7.0,1.5,63.0,0.277854702,0.478668942,0.781318462,0.723756906,0.342638255,0.046247157,0.717572363,,tiiuae,202309.0,0.2707591511,bdsrc,,,,0.2928321199950563,0.9234071126779924,0.4362404117090385,0.926355146715007,0.5665693655726934,0.9246325868281806,0.459917464854167,0.9223367157053641,0.5994353779200252,0.9102873781494198,0.6763954982265681,0.9113227775262189,0.6171462227242102,0.8858578388619165,0.7076863691751616,0.9213348121094882,0.7683006511767715,0.9463259102356192,0.8813453063392643,0.9178862246629484,0.27184466019417475,0.6021077366101668,0.9186752020772019
tiiuae/falcon-rw-1b,Falcon,1.0,0.35,2.1,0.252803188,0.350682594,0.635630353,0.620363062,0.35955599,0.005307051,0.535498701,,tiiuae,202307.0,0.2507477567,bdsrc,,,,0.22370072151891102,0.8735906350080958,0.3641253774799519,0.8006721688723566,0.5486424354728145,0.7906638438865171,0.569548638338298,0.8121337167178662,0.6633444676064297,0.7816242333655101,0.7413728515981319,0.8713526005703498,0.7112107704563295,0.8448215114979821,0.8832691779910327,0.83540831672798,0.8905004432996801,0.8828285233929922,0.980135770974723,0.8495389770081303,0.2524271844660194,0.6603825410401201,0.8342994123854539
microsoft/phi-2,Phi,2.7,1.4,22.68,0.579202667,0.610068259,0.749153555,0.73480663,0.442368784,0.549658832,0.526666391,0.493902439,miscrosoft,202306.0,0.5694345535,bdsrc,,,,0.13761368636766041,0.9632570194794499,0.290775751523101,0.9287207630427693,0.3674512572365307,0.938186588374557,0.27703538321472804,0.9534871407630866,0.10248757796601822,0.9583601572920448,0.2754948456007749,0.9291985999368663,0.4958225909138063,0.9428013541465283,0.4153644211345961,0.9583684904500658,0.4099970389211654,0.9225659127353728,0.48910709342274644,0.9407716119053422,0.6310679611650486,0.328868558549151,0.9436333639619011
microsoft/phi-1_5,Phi,1.3,0.15,1.17,0.438864678,0.529010239,0.637920733,0.722178374,0.408899386,0.124336619,0.511112784,0.341463415,miscrosoft,202306.0,0.4246546076,bdsrc,,,,0.07875813019109348,0.8943930207614883,0.18216646586592772,0.8781399932032267,0.4960412717668962,0.8653796111109949,0.39809886310461234,0.8878284815362174,0.4305969649143334,0.9148106712913222,0.6970666286564522,0.9063514823663225,0.6944048571710587,0.8493808730584145,0.7772834107100617,0.8326947484356326,0.6910462342189528,0.8932086774438336,0.7783570569264793,0.8482578799620474,0.36893203883495146,0.5253306758491338,0.8766011808373947
EleutherAI/pythia-1b-deduped,Pythia,1.0,0.3,1.8,0.242710646,0.290955631,0.496514639,0.535911602,0.389393782,0.011372252,0.56099166,0.042682927,EleutherAI,202302.0,0.2493946731,bdsrc,,,,0.20703472325973804,0.7173761081485915,0.30185305683294533,0.6478343814820628,0.6660357416829411,0.6731042968941513,0.5815483339269287,0.6824901065026588,0.7466380405314832,0.736230323131106,0.7569853083613342,0.6908742164181476,0.9145558249691558,0.7068332458908857,0.8020152222787361,0.668646609505522,0.8181150010928218,0.7055832590185829,0.9420908605964595,0.7158949852304617,0.22330097087378642,0.6777370500467765,0.6946979966975313
EleutherAI/pythia-410m-deduped,Pythia,0.41,0.3,0.738,0.259888196,0.248293515,0.412865963,0.543804262,0.409475786,0.0030326,0.536312165,0.012195122,EleutherAI,202302.0,0.2551630822,bdsrc,,,,0.08898822947114095,0.5154896962438125,0.3444120941861117,0.4373423034542835,0.43874325050724733,0.43352281844857654,0.5744905733285761,0.4130038744807239,0.5901954110436494,0.43809998030924835,0.8687849238682744,0.5254995924270178,0.8312257806798956,0.3982726505930405,0.8583135755927284,0.4384683209126206,0.8466828081466925,0.5544252057653868,0.9763256742029853,0.588908320336085,0.2815533980582524,0.6462491770726647,0.47408264538949335
EleutherAI/pythia-6.9b-deduped,Pythia,6.9,0.3,12.42,0.264809441,0.412969283,0.670483967,0.640883978,0.351945849,0.016679303,0.652470454,0.085365854,EleutherAI,202302.0,0.2605754166,bdsrc,,,,0.10652739426652971,0.8470342261269019,0.3232955382444439,0.8289571425053767,0.5834925811203406,0.8494132081694467,0.5065901167464374,0.831318196622071,0.6954744544502507,0.8503163313712567,0.5756963937884164,0.879234852929949,0.6716486593010574,0.8240380894723033,0.8202774118545033,0.826468996016145,0.8497493138440919,0.8736571139796141,0.8979372495349789,0.8481709263794326,0.32038834951456313,0.605660846185369,0.8455302723126095
EleutherAI/pythia-2.8b-deduped,Pythia,2.8,0.3,5.04,0.267846374,0.362627986,0.60655248,0.602209945,0.355597823,0.008339651,0.639989047,0.048780488,EleutherAI,202302.0,0.2663438257,bdsrc,,,,0.29919407477118576,0.741895285147178,0.2834410437614034,0.7901374992355686,0.5204535260601889,0.8469210673983755,0.6149244509950407,0.7417813096648552,0.5920745957585606,0.7929937068045804,0.6187101344881892,0.8236335034805127,0.8136546037004749,0.7804521673182884,0.7373300592463312,0.8449333009181679,0.8886987923133114,0.8270981594032737,0.880222903725183,0.8154242425018043,0.27184466019417475,0.6290858622001881,0.7999064091088446
EleutherAI/pythia-12b-deduped,Pythia,12.0,0.3,21.6,0.256306029,0.413822526,0.702648875,0.664561957,0.329988729,0.014404852,0.682420515,0.115853659,EleutherAI,202302.0,0.2617148554,bdsrc,,,,0.1867717657560694,0.8003502311462588,0.361607673152161,0.7932994365177362,0.44941014397883955,0.8460902150979515,0.46955508000927354,0.7910206304141315,0.670946850954087,0.850338345334763,0.6817449854096942,0.8505135803319238,0.8112595364116927,0.7806700655281577,0.8244496438716578,0.8515872223058322,0.7180347040560676,0.8532595893060744,0.8370513856938507,0.7875113495958416,0.2621359223300971,0.6041377057771722,0.819471929139076
EleutherAI/pythia-70m-deduped,Pythia,0.07,0.3,0.126,0.25260507,0.210750853,0.271659032,0.496448303,0.475143855,0.0,0.510099914,0.0,EleutherAI,202302.0,0.2573707449,bdsrc,,,,0.5922931171823149,0.027203881754579738,0.6822226111633066,0.04339664059745038,0.4130618001497055,0.03752636782631232,0.4980465251287444,0.045025550321658864,0.7384362272792708,0.030534221126720763,0.6657550740911867,0.022362065464424135,0.5902068420928549,0.04492547497823902,0.6505269492055179,0.018936459252648676,0.5853619484223124,0.05979906956633522,0.8024471950677584,0.044064491677843744,0.2524271844660194,0.6220804219429039,0.0375898809965036
EleutherAI/pythia-1.4b-deduped,Pythia,1.4,0.3,2.52,0.255554967,0.326791809,0.549591715,0.573007103,0.386584645,0.008339651,0.594062854,0.042682927,EleutherAI,202302.0,0.2502492522,bdsrc,,,,0.1774287786672558,0.743978022405547,0.4088349777640265,0.6519684965344431,0.6106732672319227,0.8015147923918342,0.7039201037765911,0.6943611743475437,0.6218203185783978,0.7102319472159608,0.4840391407555007,0.7427663771232815,0.7386936504532243,0.7014484781471221,0.8355653164258271,0.7237022421385333,0.8912996385168874,0.7405926703808122,0.9014015151799136,0.7438045065764712,0.24271844660194175,0.6415609936204386,0.7250805944823947
EleutherAI/pythia-160m-deduped,Pythia,0.16,0.3,0.288,0.24860575,0.240614334,0.313881697,0.513812155,0.443404464,0.00227445,0.523599803,0.0,EleutherAI,202302.0,0.2527417747,bdsrc,,,,0.3693982907029965,0.18447759855451965,0.4546092043980009,0.1547070107127501,0.49537856503526195,0.20235524479797937,0.5928723496159617,0.21222835920800673,0.6651967758810241,0.23397256104398556,0.778843995397164,0.27560764220377154,0.6083595967386768,0.18624229553477278,0.7318903840587697,0.20282012372461589,0.8342489630430118,0.22504514749928814,0.9095044883492668,0.17731929848735517,0.2621359223300971,0.6457646851155848,0.20508293952330664
bigscience/bloom-560m,BLOOM,0.56,0.341,1.14576,0.242154121,0.247440273,0.371539534,0.519337017,0.424442817,0.0030326,0.578551515,0.006097561,bigscience(huggingface),202207.0,0.2444096283,rllab,,,,0.19073646628861285,0.04175742356011164,0.518269170496749,0.07381728617614239,0.5669608659175471,0.03991051425237796,0.45393341859540454,0.03509433443932945,0.6184198129764038,0.03781538981721377,0.7505687062865023,0.041901489301824524,0.7756732698904703,0.035390465914940855,0.8205832220397096,0.03922578277885685,0.8802061397066347,0.04277807893163134,0.9493292174500678,0.0437106754550473,0.24271844660194175,0.6546188233244364,0.042992328952272604
bigscience/bloom-1b1,BLOOM,1.1,0.341,2.2506,0.267021483,0.283276451,0.427803226,0.55011839,0.41797167,0.00227445,0.609512962,0.0,bigscience(huggingface),202207.0,0.2658453212,rllab,,,,0.1270875569331013,0.061257695356854325,0.5156044753463751,0.0861129125138933,0.5799201389963013,0.08449623774180527,0.7365910862743199,0.053337095197008404,0.798371105680981,0.0644553082621967,0.7175082403034534,0.05191716901520974,0.8974552467652889,0.05088843999224786,0.8022515585006657,0.05018354775041948,0.9227568355286145,0.04780956754555173,0.9433250941397833,0.04206128833309554,0.1650485436893204,0.7086027651637692,0.058946402335972606
bigscience/bloom-3b,BLOOM,3.0,0.341,6.138,0.265925092,0.357508532,0.543716391,0.576164167,0.40572463,0.015163002,0.664767416,0.018292683,bigscience(huggingface),202207.0,0.2593647629,rllab,,,,0.13471092854014916,0.06578227164486872,0.22048702096806308,0.14337890546898335,0.3550081545982083,0.08914594746591507,0.536136448869414,0.0741736474053012,0.7045365250089735,0.08226845816262192,0.7132580194459962,0.08937044697942094,0.761251595013896,0.08407049172231612,0.8347166222610032,0.09705041021472288,0.8355559442253824,0.0888083200934557,0.8710988865366766,0.07859854359232793,0.2621359223300971,0.6003503726708505,0.08896424378853673
bigscience/bloom-7b1,BLOOM,7.1,0.341,14.5266,0.262462224,0.411262799,0.619996017,0.6543015,0.388978422,0.013646702,0.697719119,0.048780488,bigscience(huggingface),202207.0,0.2629967241,rllab,,,,0.12101150288626332,0.036820615716341716,0.24933603973148383,0.09237940848370471,0.3683253682498359,0.04494129764539095,0.5853028752991191,0.042995448592406914,0.6249472477635715,0.0353047441484768,0.6389499567726719,0.04397004140323914,0.6641420669302238,0.03854988369317311,0.8025919170583851,0.03514606746490795,0.8363568075643715,0.04165632288949203,0.8769610279934589,0.03768155552968935,0.30097087378640774,0.580637418181715,0.04479301692702423
bigscience/bloom,BLOOM,176.0,0.366,386.496,0.308540091,0.504266212,0.764090819,0.720599842,0.397596228,0.06899166,0.735544419,0.12195122,bigscience(huggingface),202207.0,,,,,,,,,,,,,,,,,,,,,,,,,,,,
EleutherAI/gpt-neox-20b,GPT-Neo/J,20.0,0.472,56.64,0.250025953,0.457337884,0.734515037,0.689029203,0.31613146,0.054586808,0.716280975,0.12804878,EleutherAI,202103.0,0.2487537388,bdsrc,,,,0.1331533886792074,0.8625502545588658,0.33286871689252656,0.8379617056999995,0.3549264126835609,0.8603230191299549,0.5583242467277523,0.8172712126890005,0.5980139789773051,0.8526008539909451,0.668537938610304,0.8621244580881784,0.6943319786525467,0.7738221311802325,0.8211891258719873,0.8471166669909959,0.8157361384773084,0.8925720422476087,0.9378767031853773,0.895520748578015,0.30097087378640774,0.5955351380208196,0.8495654856697591
EleutherAI/gpt-neo-2.7B,GPT-Neo/J,2.7,0.42,6.804,0.264539788,0.333617747,0.562437761,0.600631413,0.397779599,0.012888552,0.573989469,0.067073171,EleutherAI,202103.0,0.2656316764,bdsrc,,,,0.16879352131574332,0.8289261988193012,0.2560145554008222,0.8359672136554135,0.5057974882054788,0.8384253478519728,0.6329572726194426,0.7706183632113859,0.5579730266830408,0.8100219796547252,0.6968065234132483,0.8610604154990117,0.8066487839758758,0.8153081740681053,0.8007467209174097,0.8718219161575919,0.9168908472654168,0.8370285705153389,0.8695264155665005,0.8340072863714632,0.2912621359223301,0.625540621609627,0.8296290143853791
EleutherAI/gpt-neo-1.3B,GPT-Neo/J,1.3,0.38,2.964,0.248216555,0.312286689,0.484664409,0.569060773,0.39629306,0.004548901,0.561091098,0.036585366,EleutherAI,202103.0,0.2445520581,bdsrc,,,,0.21118134137523045,0.6554743596913086,0.31966588305253235,0.6408825613511149,0.48974360496620417,0.646841433362005,0.5992341675388936,0.6238167081759065,0.6895449142566112,0.7194243396360476,0.6171573781202985,0.6718212971860698,0.8108013236547147,0.6419294392047538,0.8616216849331686,0.7375005418461926,0.873590282907788,0.6373569265600186,0.8423123902148659,0.7032532804190427,0.2815533980582524,0.6349599766175877,0.6674952262342163
EleutherAI/gpt-neo-125m,GPT-Neo/J,0.125,0.3,0.225,0.259703914,0.229522184,0.302628958,0.517758485,0.455761631,0.0030326,0.502213531,0.006097561,EleutherAI,202103.0,0.2579404643,bdsrc,,,,0.40740309079045184,0.14511695088001714,0.7744346349829712,0.14420909848367808,0.3832491816079166,0.16942752265899239,0.6257005778600367,0.18784640228688268,0.6028595840777558,0.2335652194979913,0.7325963978260508,0.205780446753548,0.5726799788292473,0.12890990162832286,0.7069659620958382,0.10286688358430993,0.8798253605445236,0.16701477363855127,0.9488329128286558,0.1536474005951906,0.23300970873786409,0.6649775755723534,0.16363349227752655
EleutherAI/gpt-j-6b,GPT-Neo/J,6.05,0.402,14.5926,0.267839994,0.413822526,0.675363473,0.659826361,0.359624729,0.029567854,0.681077656,0.115853659,EleutherAI,202103.0,0.2693348526,bdsrc,,,,0.24352823221617864,0.8140292635418248,0.35078458562402304,0.8313841301178897,0.564644227690199,0.8340946216970282,0.5525884097683802,0.8161154783018767,0.6369629823226456,0.8636919585767966,0.6736668979790998,0.8785137453168776,0.755135998874067,0.8487875624685358,0.8366372347539984,0.8660534791616872,0.8879690743497701,0.8724322581413808,0.900615805305153,0.7902419109092601,0.23300970873786409,0.6430453854639102,0.8408600877088475
facebook/opt-6.7b,OPT,6.7,0.18,7.236,0.245674066,0.391638225,0.686616212,0.659826361,0.351221498,0.009855951,0.594269081,0.006097561,meta,202205.0,0.2483264492,bdsrc,,,,0.2711940073409892,0.7927608738353429,0.3008661146923752,0.8437416962194068,0.4355736712640169,0.8324003442186054,0.6458495865562746,0.8152183586719081,0.579508169244247,0.8505998313943894,0.7610637932094675,0.8524539611178674,0.7615463827201442,0.8598188260114719,0.7760478578780656,0.8663320737229159,0.8895845520325476,0.8469945345943554,0.9089241703942137,0.8734900839536408,0.2621359223300971,0.6370670212912044,0.843559544718796
facebook/opt-1.3b,OPT,1.3,0.18,1.404,0.249630458,0.295221843,0.545309699,0.597474349,0.387106758,0.0015163,0.544028761,0.0,meta,202205.0,0.2471870104,bdsrc,,,,0.23739880853768466,0.8324403422849596,0.2118911258949963,0.8055734263366302,0.45008229595413046,0.7368775995912229,0.581173504252422,0.7875325406111343,0.701763108267697,0.7607996141857566,0.6045635260888934,0.8004197108652672,0.7857776184349845,0.8026187992651845,0.8023617749009796,0.8304787184230256,0.8515650149031437,0.8412765940443843,0.9832236055020979,0.8610546097639453,0.2815533980582524,0.625710471413202,0.8062322864403433
facebook/opt-350m,OPT,0.35,0.18,0.378,0.260230967,0.235494881,0.367257518,0.52644041,0.408285328,0.0030326,0.51811094,0.0,meta,202205.0,0.2612875659,bdsrc,,,,0.3880204014952679,0.4242963337227811,0.5073831079530446,0.3902406862002349,0.5238215819319626,0.37283577098652254,0.5219734493350257,0.3334657966096742,0.6336433391238842,0.3927256585245905,0.6709928801232179,0.43458078616586204,0.6714696003491447,0.4472309193132639,0.7051784571222404,0.4088343993426616,0.6683151422307824,0.3073418471864625,0.9685413285283523,0.4713339546373518,0.27184466019417475,0.6286929831081722,0.3988436135675178
facebook/opt-13b,OPT,13.0,0.18,14.04,0.248956622,0.399317406,0.71200956,0.685082873,0.340958399,0.017437453,0.608779356,0.006097561,meta,202205.0,0.2527417747,bdsrc,,,,0.26709349624669687,0.8580770757949848,0.4125198588731422,0.7913948177709227,0.5820866235533486,0.8658055677020238,0.6412972758350107,0.8299769604233437,0.550449628462083,0.8389037816623153,0.6422061456703172,0.8892066211630782,0.5977782119057008,0.8607011861441783,0.7654729231258228,0.9025960757364441,0.7487866682143975,0.8819458670129618,0.9052638257729544,0.8560050022073399,0.23300970873786409,0.6143095717486253,0.8572117738344739
facebook/opt-2.7b,OPT,2.7,0.18,2.916,0.254319729,0.339590444,0.614319857,0.619573796,0.37425418,0.00227445,0.568486894,0.0,meta,202205.0,0.2543085031,bdsrc,,,,0.32384103696766386,0.7704088433542255,0.5023787265096421,0.719423168300449,0.5292163511578913,0.7289321341260514,0.7579543909101424,0.7310874549588333,0.6839142665816731,0.7478756656925672,0.6868758634759005,0.7798146920533752,0.6796257175611072,0.7654140411526176,0.810688917259721,0.7478137328009195,0.8501324993211752,0.7896229382026985,0.8732413083491889,0.8011987645701637,0.1941747572815534,0.6727137106578789,0.7583846078912682
facebook/opt-30b,OPT,30.0,0.18,32.4,0.2665873,0.432593857,0.740689106,0.706393054,0.351638263,0.021986353,0.626407888,0.012195122,meta,202205.0,0.2675544794,bdsrc,,,,0.17646989479461042,0.8743112526641811,0.48149470369283814,0.8529272936192601,0.4522318310081618,0.8671493543407773,0.6731978618405632,0.8717971237773529,0.6313417372580468,0.8855778960209315,0.6981089195525292,0.9053296099494232,0.7430771819880572,0.8835092100588443,0.7434926393090635,0.8936993189818784,0.8191655039843218,0.8856497365071657,0.9423118847164896,0.905501391649087,0.2524271844660194,0.6404612476698248,0.8826731029240228
facebook/opt-125m,OPT,0.125,0.18,0.135,0.260155876,0.228668942,0.314678351,0.516179953,0.42868758,0.00075815,0.498684238,0.0,meta,202205.0,0.2607178465,bdsrc,,,,0.34912656364571903,0.19006524440946743,0.6778184197157887,0.15157665803147752,0.5188319433252698,0.2276235709604389,0.5969168650000866,0.18562407294218344,0.5769034050884742,0.2569419353216412,0.7121332728573049,0.2251276011956389,0.5749884354583655,0.1594469316305864,0.6490005943907955,0.15788753342606393,0.7711656979951098,0.1793668891775385,0.8459045086496805,0.15022266417346303,0.27184466019417475,0.6285990958288744,0.18770994836340998
facebook/opt-66b,OPT,66.0,0.18,71.28,0.269930021,0.46331058,0.76249751,0.700078927,0.35429656,0.016679303,0.642631463,0.012195122,meta,202205.0,,,,,,,,,,,,,,,,,,,,,,,,,,,,
mosaicml/mpt-30b,MPT,30.0,1.0,180.0,0.479981807,0.559726962,0.8242382,0.749013418,0.384155825,0.169067475,0.745335406,0.213414634,mosaicml,202306.0,0.4727246831,bdsrc,,,,0.11140438914615018,0.9765975133289825,0.2836330972401843,0.9648690846964637,0.26502192459648094,0.9712937027524887,0.3202554787415372,0.9612834834702452,0.2867502345685099,0.965287831100085,0.4783622782226763,0.9509542521147715,0.4291521050844853,0.9448819427290315,0.3510621548797066,0.9718202401263538,0.44989918489695696,0.9702681315121181,0.6875205720284132,0.9633022155658904,0.5631067961165048,0.3695877898049071,0.9638354525798976
mosaicml/mpt-7b,MPT,7.0,1.0,42.0,0.280684314,0.476962457,0.775343557,0.721389108,0.335450604,0.040181956,0.714400118,0.164634146,mosaicml,202305.0,,bdsrc,,,,0.21019790900695354,0.9234017466829586,0.4109580942413972,0.9000883212383259,0.48251899589915304,0.9073962571555876,0.4402922381414203,0.9246897250657671,0.509203849169469,0.9065612613670723,0.536245935105861,0.9301426043594109,0.6526007999602799,0.9106827892357081,0.5211990340288899,0.9155670007965744,0.5376017347301814,0.9331008088167755,0.7167325666870197,0.9234226208375623,0.36893203883495146,0.5047100696552909,0.9175662766087036
facebook/xglm-564M,XGLM,0.564,0.5,1.692,0.251796636,0.245733788,0.346444931,0.522494081,0.404320588,0.00227445,0.585509055,0.0,meta,202112.0,0.2503916821,rllab,,,,,,,,,,,,,,,,,,,,,,,,,,
facebook/xglm-1.7B,XGLM,1.7,0.5,5.1,0.251004165,0.258532423,0.456781518,0.539068666,0.372063415,0.007581501,0.630680872,0.0,meta,202112.0,0.2506053269,rllab,,,,0.3766847090044455,0.8292225981466148,0.37936289639718496,0.8398754646105717,0.6749956033826026,0.7499366087437256,0.552788170051771,0.7494222652431926,0.5155432049385904,0.7782959123656075,0.695424045839572,0.8206826311281891,0.7758103525050476,0.8475274995734433,0.6226487071961869,0.8184080249290206,0.7935610029017263,0.8162766202976233,0.889160748401456,0.8460952383725072,0.2524271844660194,0.6308500357004282,0.8097133362844086
facebook/xglm-4.5B,XGLM,4.5,0.5,13.5,0.254299777,0.314846416,0.579466242,0.549329124,0.358393949,0.00227445,0.658513957,0.0,meta,202112.0,0.254379718,rllab,,,,0.12110450373204559,0.7297573935118705,0.41435606555419513,0.6573888017179381,0.4140927461291096,0.6241502106431964,0.6405448937049845,0.6799588601078462,0.7855750523652443,0.6428473008527247,0.6843283090652175,0.7111090463718828,0.7972894505517464,0.7333881636569067,0.8046478319261107,0.6971534780059374,0.8536544096718602,0.7392593038291475,0.906601579855293,0.6953351283560557,0.24271844660194175,0.6462755762103894,0.6913801846859791
facebook/xglm-7.5B,XGLM,7.5,0.5,22.5,0.277886681,0.341296928,0.607747461,0.587213891,0.366615239,0.00227445,0.695550561,0.0,meta,202112.0,0.273821393,rllab,,,,0.2180270084553389,0.49897739200570584,0.3377398107523717,0.4819619882084232,0.5646985046108071,0.4628034973206452,0.4736627986645987,0.43495308412402295,0.4855538308035701,0.42863489725588594,0.5518118200317053,0.5212818752694155,0.758734901215036,0.473142643831785,0.6979968675644915,0.3369439950676109,0.7628243582483174,0.4154127202442073,0.9168430320980557,0.4924775842383578,0.3300970873786408,0.5808560199652486,0.45501427269761907
codellama/CodeLlama-7b-hf,CodeLlama,7.0,2.52,105.84,0.311220648,0.399317406,0.608046206,0.640094712,0.378216756,0.051554208,0.72972396,0.335365854,meta,202308.0,,,,,,,,,,,,,,,,,,,,,,,,,,,,
codellama/CodeLlama-13b-hf,CodeLlama,13.0,2.52,196.56,0.328088358,0.408703072,0.633539136,0.671665351,0.437942698,0.121304018,0.734948573,0.384146341,meta,202308.0,,,,,,,,,,,,,,,,,,,,,,,,,,,,
codellama/CodeLlama-34b-hf,CodeLlama,34.0,2.52,514.08,0.550208399,0.540955631,0.758215495,0.735595896,0.391136184,0.343442002,0.786124588,0.475609756,meta,202308.0,,,,,,,,,,,,,,,,,,,,,,,,,,,,
codellama/CodeLlama-70b-hf,CodeLlama,70.0,3.02,1268.4,0.596665899,0.567406143,0.782115117,0.752170481,0.397884774,0.439727066,0.775638856,0.548780488,meta,202401.0,,,,,,,,,,,,,,,,,,,,,,,,,,,,
bigcode/starcoderbase-1b,StarCoder,1.0,1.0,6.0,0.266738816,0.226962457,0.343059152,0.499605367,0.457892866,0.009097801,0.561739334,0.146,bigcode(huggingface),202305.0,,,,,,,,,,,,,,,,,,,,,,,,,,,,
bigcode/starcoderbase-3b,StarCoder,3.0,1.0,18.0,0.273528005,0.258532423,0.391057558,0.511444357,0.43054512,0.017437453,0.597635573,0.177,bigcode(huggingface),202305.0,,,,,,,,,,,,,,,,,,,,,,,,,,,,
bigcode/starcoderbase-7b,StarCoder,7.0,1.0,42.0,0.284464385,0.298634812,0.438657638,0.543804262,0.404626336,0.054586808,0.597831124,0.244,bigcode(huggingface),202305.0,,,,,,,,,,,,,,,,,,,,,,,,,,,,
bigcode/starcoderbase,StarCoder,15.5,1.0,93.0,0.321170975,0.302901024,0.472117108,0.55801105,0.400215714,0.078847612,0.595190171,0.341,bigcode(huggingface),202305.0,,,,,,,,,,,,,,,,,,,,,,,,,,,,
bigcode/starcoder2-15b,StarCoder2,15.0,4.3,387.0,0.513458387,0.473549488,0.640908186,0.63851618,0.378734193,0.522365428,0.738282013,0.463,bigcode(huggingface),202402.0,,,,,,,,,,,,,,,,,,,,,,,,,,,,
bigcode/starcoder2-7b,StarCoder2,7.0,3.7,155.4,0.412133186,0.383105802,0.519119697,0.591949487,0.419934977,0.250947688,0.620089807,0.354,bigcode(huggingface),202402.0,,,,,,,,,,,,,,,,,,,,,,,,,,,,
bigcode/starcoder2-3b,StarCoder2,3.0,3.3,59.4,0.386486021,0.34556314,0.47619996,0.545382794,0.404869824,0.196360879,0.603682999,0.317,bigcode(huggingface),202402.0,,,,,,,,,,,,,,,,,,,,,,,,,,,,
deepseek-ai/deepseek-coder-1.3b-base,DeepSeek-Coder,1.3,2.0,15.6,0.260247316,0.257679181,0.392750448,0.527229676,0.426136821,0.029567854,0.606345816,0.287,deepseek,202311.0,,,,,,,,,,,,,,,,,,,,,,,,,,,,
deepseek-ai/deepseek-coder-6.7b-base,DeepSeek-Coder,6.7,2.0,80.4,0.38391431,0.370307167,0.53455487,0.580899763,0.402813121,0.179681577,0.678870819,0.476,deepseek,202311.0,,,,,,,,,,,,,,,,,,,,,,,,,,,,
deepseek-ai/deepseek-coder-33b-base,DeepSeek-Coder,33.0,2.0,396.0,0.409137308,0.424914676,0.599880502,0.624309392,0.399701882,0.300227445,0.696131702,0.512,deepseek,202311.0,,,,,,,,,,,,,,,,,,,,,,,,,,,,
01-ai/Yi-6B-200K,Yi-200K,6.0,3.0,108.0,0.646493014,0.535836177,0.755825533,0.74269929,0.417425955,0.303260045,,,01-ai,202311.0,,,,,,0.059972286645750626,0.9504179660349428,0.3137576382688375,0.9242953599754641,0.30446111894541056,0.9283992335065051,0.2787290866075156,0.9260641602525375,0.20988365358266958,0.9355250027443299,0.39659734345112096,0.8744618514860367,0.44035063654684625,0.8786254259210499,0.3114862379997927,0.9208920586663233,0.5616492890332018,0.934389109302774,0.6149807699055514,0.8660602564834289,0.6116504854368932,0.35196836022259115,0.9132238260814655
01-ai/Yi-34B-200K,Yi-200K,34.0,3.0,612.0,0.755618005,0.657849829,0.820553675,0.828729282,0.426021459,0.348749052,,,01-ai,202311.0,,,,,,,,,,,,,,,,,,,,,,,,,,,,
openlm-research/open_llama_7b_v2,OpenLlamaV2,13.0,1.0,78.0,0.412939739,0.436860068,0.721967736,0.693764799,0.355392154,0.034874905,,,openlm-research(UCB),202306.0,,,,,,0.09744236897725016,0.9312855474716146,0.4843503269679842,0.9214236809956103,0.4689411889156075,0.932700198915903,0.48645444418554623,0.9180499198905191,0.4589079798614808,0.8982380336650438,0.5625002369113326,0.9375841082005912,0.7558443550785576,0.9149011722559309,0.5501545690162881,0.9417577971538481,0.6829095606013509,0.9417781762040794,0.6797655292781905,0.9025746694279487,0.36893203883495146,0.5261628148201765,0.9236743573144199
openlm-research/open_llama_3b_v2,OpenLlamaV2,3.0,1.0,18.0,0.27117981,0.402730375,0.71599283,0.670086819,0.347774532,0.009097801,,,openlm-research(UCB),202306.0,,,,,,0.24913052814200337,0.8400590911883971,0.4041105211464967,0.8539632747687529,0.623265987383797,0.9038226116524951,0.6586924897755992,0.8837163391095696,0.4685253845291011,0.8891787775320198,0.596784573116819,0.9042163442266882,0.6712739343888604,0.863842629852437,0.6741836124397976,0.9117044769394689,0.7132923751348135,0.9142594989805467,0.7674567782943348,0.9157156859735524,0.22330097087378642,0.5860639324851942,0.8880394364774254
openlm-research/open_llama_13b,OpenLlama,13.0,0.6,46.8,0.437545283,0.511945392,0.752340171,0.720599842,0.380759673,0.032600455,,,openlm-research(UCB),202304.0,,,,,,0.1463213050823855,0.9236839803721348,0.32538123934224006,0.9213135583177919,0.4653261622003206,0.9410616849313701,0.39562171775244165,0.9346063430558439,0.37518749970198284,0.9190436685546771,0.5546143562576028,0.9452684703601675,0.6964380777638461,0.9225435562865667,0.5756560544099096,0.9490176335633997,0.6449304916422639,0.948311338795049,0.7157567464552849,0.9112374044547448,0.3786407766990291,0.4928170198840231,0.9313520746671321
openlm-research/open_llama_7b,OpenLlama,7.0,1.0,42.0,0.304934081,0.470136519,0.719776937,0.679558011,0.348473071,0.015921152,,,openlm-research(UCB),202304.0,,,,,,0.15504506669203327,0.9031440176405899,0.339927161581033,0.9216108122737344,0.4729550248593736,0.9247610503675251,0.49819548503705663,0.8884631793903108,0.459730401441678,0.9181245990002275,0.6498293216186714,0.9073922371696286,0.728745627732415,0.9002416840528226,0.7096233766658141,0.9151506086163492,0.7979632554346843,0.9322997812818418,0.7722749711205625,0.9156852939816736,0.32038834951456313,0.5615739126769247,0.9123604154871054
openlm-research/open_llama_3b,OpenLlama,3.0,1.0,18.0,0.26936287,0.398464164,0.626468831,0.647198106,0.349651358,0.004548901,,,openlm-research(UCB),202304.0,,,,,,0.19521769124181035,0.7922525795540835,0.40037518724675414,0.7988565801735825,0.38368523915121655,0.8473102773764121,0.6455126158302545,0.8196499091449401,0.4656375794419234,0.8588609617309958,0.7381383557162471,0.8704315598136534,0.7814424380361191,0.7908796764553748,0.724718742415693,0.8105807933626972,0.8008931120713632,0.8747494165785141,0.8690036295754033,0.831372791296891,0.2815533980582524,0.6052641222398993,0.829042211958919
openai-community/gpt2,GPT-2,0.124,,,0.258337178,0.220136519,0.315275841,0.504340963,0.40691164,0.006823351,0.483628723,,openai,201902.0,0.261572426,rllab,,,,,,,,,,,,,,,,,,,,,,,,,,
openai-community/gpt2-large,GPT-2,0.774,,,0.260674031,0.257679181,0.456184027,0.55406472,0.38718452,0.008339651,,,openai,201902.0,0.255234297,rllab,,,,,,,,,,,,,,,,,,,,,,,,,,
internlm/internlm2-20b,InternLM2,20.0,,,0.675806686,0.629692833,0.832105158,0.855564325,0.512652004,0.679302502,,,internlm(Shanghai AI Lab),202401.0,,,,,,,,,,,,,,,,,,,,,,,,,,,,
internlm/internlm2-7b,InternLM2,7.0,,,0.652428476,0.580204778,0.812387971,0.838200474,0.487268393,0.630022745,,,internlm(Shanghai AI Lab),202401.0,,,,,,,,,,,,,,,,,,,,,,,,,,,,
deepseek-ai/deepseek-llm-67b-base,DeepSeek-LLM,67.0,2.0,804.0,0.717793274,0.65443686,0.871041625,0.841357537,0.510801367,0.567096285,,,deepseek,202311.0,,,,,,,,,,,,,,,,,,,,,,,,,,,,
deepseek-ai/deepseek-moe-16b-base,DeepSeek-MoE,16.0,2.0,192.0,0.463061136,0.532423208,0.797749452,0.737174428,0.360793034,0.172858226,,,deepseek,202311.0,0.4503631961,bdsrc,,,,0.24287310197841122,0.9138301870794105,0.3840550218677031,0.8991644157912144,0.535858258820902,0.9465772254087002,0.3884321944913427,0.9323875857626721,0.5173450933891359,0.9122643418987806,0.6549198369023969,0.9347822754251023,0.6682545878857478,0.9084106025049808,0.5218792118532752,0.9230192831121109,0.6103473488875064,0.9401923547277832,0.764085454073129,0.8897308784246892,0.2912621359223301,0.531080323669376,0.9197487433790952
Deci/DeciLM-7B,DeciLM,7.0,,,0.597629389,0.593856655,0.825134435,0.79952644,0.403262533,0.473843821,,,deci,202309.0,0.5859564165,rllab,,,,0.056567582370925164,0.983065617319786,0.2770525156975654,0.9782419703041443,0.22372978966920617,0.9752704764240369,0.19423285629569847,0.9794199599198016,0.0934695555941807,0.9759148589646218,0.34556299484209424,0.9390308937725976,0.2287574021522521,0.9666055827041157,0.4359074761098878,0.9728227611340732,0.3039920218282447,0.9744509625746385,0.4113904143592732,0.9750601963252506,0.7184466019417476,0.2576796773009758,0.9720380440133964
stabilityai/stablelm-base-alpha-7b-v2,StableLM,7.0,1.1,46.2,0.450989399,0.473549488,0.770762796,0.685082873,0.364572018,0.025777104,,,stabilityai,202304.0,0.4482267483,rllab,,,,0.1559888255550213,0.9152768007335871,0.3926922031443938,0.9097076946352513,0.43961178766996395,0.9356042999477883,0.4574583875305816,0.9041205513964077,0.5472614923803787,0.901594095919797,0.585946030423772,0.9312587801146384,0.6294680384259624,0.9187723889779655,0.6057049549620428,0.9282442578268796,0.7186589199126979,0.9301124918258589,0.6933391221532189,0.9135271739984532,0.33980582524271846,0.5246753705795155,0.9186272375547485
stabilityai/stablelm-base-alpha-3b,StableLM,3.0,1.5,27.0,0.254305266,0.264505119,0.422425812,0.539068666,0.404965786,0.004548901,,,stabilityai,202304.0,0.2503916821,rllab,,,,0.3920472780463715,0.05593515833006363,0.6140256109617047,0.06234656562865305,0.5397152605783878,0.09284818222933802,0.5201687392598408,0.050860940658827465,0.7837968842634295,0.07372662026616042,0.7489574633028433,0.05089492832587349,0.7226524938564286,0.054581185185113575,0.7937413801608437,0.10146459953118506,0.8319027477817414,0.04477641594555785,0.9126793302318134,0.07138226016691342,0.18446601941747573,0.6869162373571078,0.06567954319114286
stabilityai/stablelm-base-alpha-7b,StableLM,7.0,1.5,63.0,0.262051609,0.31996587,0.517825134,0.55406472,0.40193766,0.006065201,,,stabilityai,202304.0,0.2528129896,rllab,,,,0.11206709367293302,0.5301809332079378,0.37447745244092906,0.5650727829698977,0.561687036652504,0.6072941124384197,0.721368381106802,0.6501911955591334,0.733229621888933,0.6177281311475312,0.7488371829697383,0.572412325370743,0.8170090032738336,0.6201642561110469,0.8486370416633658,0.5423866852582655,0.9382925948369534,0.5453359195124063,0.9163691556733362,0.6740309159632482,0.23300970873786409,0.6813057493383228,0.5941005722623274
stabilityai/stablelm-2-1_6b,StableLM,1.6,2.0,19.2,0.389465726,0.433447099,0.704540928,0.645619574,0.367838582,0.174374526,,,stabilityai,202304.0,0.3805013531,rllab,,,,0.2258941771448053,0.7667165478761055,0.3771388762695156,0.8186535627932214,0.33542887837103935,0.7176562782525825,0.5034899506874048,0.675572169652417,0.49795829958331617,0.7246936580766217,0.5241650757452785,0.7664927293899121,0.6210779919563694,0.7450629698017385,0.5341725610905681,0.7779938539825754,0.7440261556110018,0.77267045070865,0.7958703272548646,0.7392034600608426,0.36893203883495146,0.5195404000683522,0.7495824796646763
RWKV/rwkv-4-169m-pile,RWKV,0.169,,,0.2317624,0.236348123,0.317367058,0.509076559,0.419232363,0.004548901,,,rwkv,202305.0,,,,,should be rwkv-4,,,,,,,,,,,,,,,,,,,,,,,
RWKV/rwkv-4-430m-pile,RWKV,0.43,,,0.248549698,0.267064846,0.400119498,0.511444357,0.395822188,0.003790751,,,rwkv,202305.0,,,,,,,,,,,,,,,,,,,,,,,,,,,,
RWKV/rwkv-4-1b5-pile,RWKV,1.5,,,0.257744696,0.318259386,0.522505477,0.5382794,0.357956961,0.0,,,rwkv,202305.0,,,,,,,,,,,,,,,,,,,,,,,,,,,,
RWKV/rwkv-4-7b-pile,RWKV,7.0,,,0.249593634,0.396757679,0.663114917,0.623520126,0.336529831,0.007581501,,,rwkv,202305.0,,,,,,,,,,,,,,,,,,,,,,,,,,,,
RWKV/rwkv-4-14b-pile,RWKV,14.0,,,0.261243635,0.444539249,0.710714997,0.6543015,0.32042194,0.003790751,,,rwkv,202305.0,,,,,,,,,,,,,,,,,,,,,,,,,,,,
RWKV/rwkv-raven-14b,RWKV,14.0,,,0.25919331,0.446245734,0.712507469,0.666929755,0.419325693,0.021228203,,,rwkv,202305.0,,,,,,,,,,,,,,,,,,,,,,,,,,,,
RWKV/rwkv-4-3b-pile,RWKV,3.0,,,0.246708722,0.360068259,0.596594304,0.583267561,0.321370226,0.006823351,,,rwkv,202305.0,,,,,,,,,,,,,,,,,,,,,,,,,,,,
togethercomputer/RedPajama-INCITE-Base-3B-v1,RedPajama-INCITE-Base,3.0,0.8,14.4,0.270278742,0.401877133,0.647679745,0.647198106,0.332348868,0.012888552,,,togetherai,202305.0,0.2681954138,rllab,,,,0.32350375691827443,0.8444100069105414,0.36711280544951663,0.8607048091990134,0.6066506779891038,0.8607964202500391,0.5742991002586658,0.7893214357991433,0.6275339707731009,0.8101831765793882,0.5699827939470486,0.8559918176718606,0.6873308062656508,0.8638040380819504,0.7346106572587552,0.8700164177629397,0.8181575275671849,0.8739495170056875,0.9242450355148556,0.8550901373140379,0.23300970873786409,0.626409187004473,0.8480669259897194
togethercomputer/RedPajama-INCITE-Base-7B-v0.1,RedPajama-INCITE-Base,7.0,1.0,42.0,0.276821402,0.462457338,0.716291575,0.673243883,0.330347542,0.015921152,,,togetherai,202305.0,0.2762427005,rllab,,,,0.2057903812522373,0.8680699753391352,0.2555504900984905,0.8819472131495523,0.5523498018410726,0.8844996627863381,0.43267879792044206,0.862188268738987,0.4916481349985219,0.9060762089087635,0.6291612768752646,0.87435291009504,0.6305874906094123,0.8846685285952192,0.6212202981525687,0.9081204028039034,0.777771900498568,0.9173722702984379,0.7512711240231343,0.8989914705290395,0.34951456310679613,0.5368430521868945,0.8884341493233732
LLM360/Amber,Amber,7.0,1.259,52.878,0.268356842,0.409556314,0.737900817,0.678768745,0.335563739,0.028051554,,,llm360,202312.0,0.2756729811,rllab,,,,0.3956720865667339,0.8780939970062696,0.49921975891516085,0.8578686546004286,0.4800443989547115,0.8797881256852907,0.6009771692328589,0.8985955213726441,0.5480551440306056,0.8703603177939347,0.7067500141893645,0.9182305785752753,0.7247914269849735,0.8638302471170859,0.7146083744357036,0.9036876075310298,0.7974791254631749,0.9229242979998615,0.8747961443473155,0.8904860285247573,0.18446601941747573,0.6371310793375843,0.8882676267871867
Salesforce/codegen-6B-nl,Codegen,6.0,0.36,12.96,0.259344781,0.423208191,0.68591914,0.664561957,0.344704613,0.021986353,,,salesforce,202203.0,0.2559464464,bdsrc,,,,0.21761821353242256,0.7751231925454471,0.5339997168435754,0.7706125256579138,0.4230025954700988,0.7555212125946141,0.49055272447740383,0.7461733807800447,0.5140060931364226,0.791421728094802,0.5595406473225002,0.8236482242687378,0.7223327582631257,0.7681834736079964,0.6770171455804095,0.8172674965175988,0.6575176861690689,0.8081034518175685,0.733383296042513,0.7886880515995984,0.30097087378640774,0.5556891023995966,0.7839851677750571
Salesforce/codegen-16B-nl,Codegen,16.0,0.36,34.56,0.323543017,0.467576792,0.718681538,0.679558011,0.339466724,0.026535254,,,salesforce,202203.0,0.316550349,bdsrc,,,,0.25797243612618975,0.8879536114297656,0.2951041533239092,0.8788452074038091,0.4042430614165754,0.8847378392623506,0.49326809963794976,0.8515412026490647,0.5322754401100308,0.8733368355106734,0.7482150656947928,0.8809734533635332,0.697291584886434,0.8854077914089278,0.6503234586086847,0.9019699425019205,0.6345469576539808,0.8973344437823771,0.7420325514659649,0.8846300444753762,0.34951456310679613,0.5484011682061695,0.8824163374408869
,,,,,,,,,,,,,,,,,,,,,,,,,,,,,,,,,,,,,,,,,,
,,,,,,,,,,,,,,,,,,,,,,,,,,,,,,,,,,,,,,,,,,
,,,,,,,,,,,,,,,,,,,,,,,,,,,,,,,,,,,,,,,,,,
,,,,,,,,,,,,,,,,,,,,,,,,,,,,,,,,,,,,,,,,,,
,,,,,,,,,,,,,,,,,,,,,,,,,,,,,,,,,,,,,,,,,,
openai-community/gpt2,GPT-2,0.355,,,,,,,,,,,openai,201902.0,0.263780088,rllab,,,,,,,,,,,,,,,,,,,,,,,,,,
openai-community/gpt2-large,GPT-2,1.5,,,,,,,,,,,openai,201902.0,0.263139154,rllab,,,,,,,,,,,,,,,,,,,,,,,,,,
