Model,Model Family,Model Size (B),Pretraining Data Size (T),FLOPs (1E21),MMLU,ARC-C,HellaSwag,Winograd,TruthfulQA,GSM8K,XWinograd,HumanEval,Company,Release Date,MMLU-ours,platform,Unnamed: 17,Unnamed: 18,Unnamed: 19,0_1404_brier,0_1404_san,1404_2808_brier,1404_2808_san,2808_4212_brier,2808_4212_san,4212_5616_brier,4212_5616_san,5616_7021_brier,5616_7021_san,7021_8425_brier,7021_8425_san,8425_9829_brier,8425_9829_san,9829_11233_brier,9829_11233_san,11233_12637_brier,11233_12637_san,12637_14042_brier,12637_14042_san,acc,brier,san
meta-llama/Llama-2-7b-hf,Llama-2,7.0,2.0,84.0,0.437960964,0.530716724,0.777434774,0.740331492,0.389802028,0.144806672,0.754881273,0.12804878,meta,202307.0,0.458624128,rllab,,,,0.39605218031654305,0.996199990862898,0.4366126096845602,0.9952488726695379,0.4085703242288242,0.9952338672718317,0.40318926623289614,0.9957015366371191,0.4022640165663772,0.9945012522190216,0.4261170408900952,0.9941019038207214,0.4422244958440442,0.9942278846248447,0.4723333372654656,0.9938773208728858,0.53539578640164,0.9940016842228675,0.5879019716388622,0.995006899893464,0.45862412761714855,0.45107237222628604,0.9948101133270075
meta-llama/Llama-2-13b-hf,Llama-2,13.0,2.0,156.0,0.543378428,0.58105802,0.809699263,0.766377269,0.34172403,0.228203184,0.786798487,0.182926829,meta,202307.0,0.5491382994,bdsrc,,,,0.35058887235031494,0.9911831453319789,0.38398802980608004,0.98973725451454,0.3327820193517287,0.9901089134759639,0.3377033373699388,0.9909302289785082,0.3313070469776044,0.9896112647119545,0.329625367313157,0.9896958339556988,0.36493429049055004,0.9898441502121245,0.3906376008458328,0.9877741302924434,0.464834086521504,0.987504376175975,0.5275098991484672,0.9889775800612882,0.5491382993875517,0.3813978941313258,0.9895366532652211
meta-llama/Llama-2-70b-hf,Llama-2,70.0,2.0,840.0,0.698320892,0.673208191,0.873332006,0.837411208,0.449234937,0.540561031,0.824453228,0.298780488,meta,202307.0,,,,,,,,,,,,,,,,,,,,,,,,,,,,
huggyllama/llama-7b,Llama,6.7,1.0,40.2,0.356933064,0.509385666,0.778131846,0.714285714,0.343279329,0.080363912,0.693204495,0.12804878,meta,202302.0,0.34952286,rllab,,,,0.4941139647127706,0.9907630219904343,0.5094443430159213,0.9896124374358686,0.5164809933085465,0.9910684782473628,0.5227868274175169,0.9903249159255058,0.5254546236760415,0.9895614616105558,0.5318170242306111,0.9900437986908842,0.5428294837448762,0.987126024256305,0.5562238861225297,0.9872176582174373,0.5776799303759532,0.9852058393074677,0.6187951588240652,0.9881954492980277,0.3495228599914542,0.5395672613818964,0.9889119037332688
huggyllama/llama-13b,Llama,13.0,1.0,78.0,0.476105883,0.561433447,0.809201354,0.762430939,0.394788826,0.075815011,0.730361681,0.158536585,meta,202302.0,,,,,,0.3991318895660562,0.9903097839323503,0.43129506214479574,0.9911686695065997,0.39541099954251124,0.9911676525097365,0.39839004101735087,0.9908337470922003,0.40425276991630327,0.9895847444517948,0.4136649379460194,0.989411253433327,0.4519464487508802,0.9893276570551361,0.47324239054143696,0.9887751325228412,0.534856869902918,0.9879932825540065,0.5499007859361957,0.9891541336272689,0.468807862127902,0.4452137584181142,0.989772548245564
huggyllama/llama-30b,Llama,32.5,1.4,273.0,0.584466128,0.614334471,0.847341167,0.800315706,0.42273876,0.148597422,0.771147904,0.207317073,meta,202302.0,,,,,,0.3149264920747853,0.99284231340354,0.3405487021902316,0.992336635438535,0.2925209361248909,0.9932814404203256,0.30382982284359655,0.9930195539829668,0.2990048896614037,0.9923694037653983,0.30797172492882374,0.9921213214127035,0.3489559888585378,0.99056899809173,0.4041277882035361,0.990101249944488,0.46857306125403675,0.99083057247649,0.5436117926013786,0.9912066476967908,0.5820395954992167,0.3624155091664248,0.9918678022991149
huggyllama/llama-65b,Llama,65.2,1.4,547.68,0.639306418,0.634812287,0.860884286,0.825572218,0.434287607,0.372251706,0.776834807,0.231707317,meta,202302.0,,,,,,,,,,,,,,,,,,,,,,,,,,,,
meta-llama/Meta-Llama-3-70B,Llama-3,70.0,15.0,6300.0,0.792329339,,0.87980482,0.853196527,0.455623682,0.768764215,0.844706094,0.524390244,meta,202404.0,,,,,,,,,,,,,,,,,,,,,,,,,,,,
meta-llama/Meta-Llama-3-8B,Llama-3,8.0,15.0,720.0,0.664949549,,0.820155348,0.771112865,0.439522651,0.453373768,0.801151665,0.384146341,meta,202404.0,0.651687794,rllab,,,,0.24488188938782288,0.998344403330607,0.29572541784066375,0.9980636530324787,0.2504385368362413,0.9981304414892145,0.2630092133760947,0.9978747161007687,0.248232211987701,0.9984433638605666,0.24442396474734113,0.9983555511094169,0.2810095718433509,0.9984857811936618,0.33725487415290417,0.9981668077158654,0.3655049174079183,0.9979551029358114,0.43920974362590987,0.997133423691135,0.6519726534681669,0.2969756929930743,0.998095280729863
Qwen/Qwen1.5-72B,Qwen1.5,72.0,3.0,1296.0,0.772014583,0.658703072,0.859888468,0.830307814,0.596080564,0.657316149,0.825768095,0.451219512,alibaba,202402.0,,,,,,,,,,,,,,,,,,,,,,,,,,,,
Qwen/Qwen1.5-32B,Qwen1.5,32.0,4.0,768.0,0.742996128,0.635665529,0.850029875,0.814522494,0.573944434,0.611068992,0.791176059,0.420731707,alibaba,202402.0,,,,,,0.17653815605735232,0.9962986498572497,0.2435250470911034,0.9966598200792265,0.1720889896138541,0.9968808564271826,0.1591396715574942,0.997144264533498,0.16394531886128097,0.9970785734271596,0.18248049299737693,0.9968713018123837,0.20866600746076341,0.9968701153267897,0.24695835835613755,0.9965655405734671,0.2817940953912466,0.9962172650540626,0.3560875789800756,0.9951924106469746,0.734297108673978,0.2191281961740983,0.9965778167645789
Qwen/Qwen1.5-14B,Qwen1.5,14.0,4.0,336.0,0.693602647,0.565699659,0.810794662,0.73480663,0.520609239,0.676269901,0.777502468,0.396341463,alibaba,202402.0,,,,,,0.2142602046462571,0.9972675450854386,0.266341295892569,0.9979974876923275,0.21764146008189078,0.9981405071296234,0.21073151559640274,0.9980613184674463,0.21517966895879,0.9979149975174731,0.2265463143677787,0.997721329216938,0.25935223936996504,0.9979510536070139,0.29840917616390994,0.9976599214817712,0.3473895312740261,0.9970221192608378,0.43899101353995773,0.9966807798542247,0.679532830081185,0.2694924461052721,0.9976416569614752
Qwen/Qwen1.5-7B,Qwen1.5,7.0,4.0,168.0,0.619700217,0.541808874,0.785102569,0.712707182,0.51082277,0.53525398,0.752361398,0.347560976,alibaba,202402.0,0.604828372,rllab,,,,0.28929028687574576,0.9974238380657657,0.34060398424728605,0.9980505064933798,0.27937414289207485,0.9980583358246222,0.25946420060893866,0.9980009636087573,0.2582314908553372,0.9976399411006253,0.26846683221508266,0.9976113427016041,0.32430041794358033,0.9977822719629484,0.35828985733547575,0.9976970899676275,0.40630752784212454,0.9971802967232501,0.4689903946490139,0.997027639028072,0.6048283720267769,0.32533736562298166,0.9976471779055188
Qwen/Qwen1.5-4B,Qwen1.5,4.0,2.4,57.6,0.565235196,0.484641638,0.715793667,0.662194159,0.472731898,0.522365428,0.688785439,0.262195122,alibaba,202402.0,0.5526278308,rllab,,,,0.33549189391377054,0.997562157998952,0.3667279952638808,0.9976275065103511,0.32170886852348884,0.9976755823590026,0.32311824829483676,0.997886756329452,0.3140615654580105,0.9975816469544811,0.32345922665039445,0.9974309199607403,0.35956297290875344,0.9974248674217437,0.3743442842416245,0.9974960285191642,0.46958241522203337,0.9971341765372904,0.5246136472135609,0.9969006745116443,0.5526278307933343,0.3712739584425223,0.997471998827361
Qwen/Qwen1.5-1.8B,Qwen1.5,1.8,2.4,25.92,0.467083853,0.37883959,0.614220275,0.602999211,0.394278142,0.3358605,0.643824663,0.182926829,alibaba,202402.0,0.4600484262,rllab,,,,0.4209943131418687,0.996985246118966,0.42700327090304574,0.9969123584014403,0.40696162124832924,0.9968910190343767,0.4139279981356154,0.9969934403925789,0.3950182813728836,0.9964550240924426,0.40730397086463865,0.9965234700337935,0.4317924433096136,0.9966519761488695,0.44351090668591214,0.9963483711824086,0.5148467844663608,0.9961088238348561,0.5633658600685222,0.9963590618254335,0.4600484261501211,0.44247777497634055,0.9966228483650071
Qwen/Qwen1.5-0.5B,Qwen1.5,0.5,2.4,7.2,0.393533408,0.314846416,0.490539733,0.572217837,0.382992684,0.163002274,0.575621493,0.115853659,alibaba,202402.0,0.3886198547,rllab,,,,0.45910234964173996,0.9954727531863277,0.5004941810376828,0.9956120982116228,0.47721019050172653,0.9958183925152279,0.48284403599114667,0.9962145832157864,0.45231774369695876,0.995901504289375,0.490584280288302,0.9956563737147988,0.49597468327931504,0.9953764287219355,0.5170820547030974,0.9951545124235194,0.5428978730223744,0.9945408013601461,0.5725407990770063,0.994606113299869,0.38861985472154964,0.49910671692371505,0.9954353302361088
Qwen/Qwen-72B,Qwen,72.0,3.0,1296.0,0.773737575,0.651877133,0.85939056,0.824782952,0.601910952,0.704321456,0.828731413,0.37195122,alibaba,202311.0,,,,,,,,,,,,,,,,,,,,,,,,,,,,
Qwen/Qwen-14B,Qwen,14.0,3.0,252.0,0.677042803,0.582764505,0.839872535,0.767955801,0.494329446,0.589840788,0.791508524,0.353658537,alibaba,202309.0,,,,,,,,,,,,,,,,,,,,,,,,,,,,
Qwen/Qwen-7B,Qwen,7.0,2.4,100.8,0.598387921,0.513651877,0.784704242,0.72691397,0.477859305,0.449583017,0.734576728,0.317073171,alibaba,202308.0,0.5828941746,rllab,,,,0.3247052697829912,0.9976162216132597,0.3556639305322093,0.9978824164895543,0.3074713663548316,0.9976811359619883,0.29681007463394854,0.9978768660851031,0.28703868163366725,0.9977448725939583,0.30110714978108927,0.9976987155887025,0.34364106265883887,0.9977277603747241,0.3735835964273117,0.9975470414126032,0.43979763420432133,0.9974800676497279,0.48624661842234973,0.9969530272527611,0.5828941746190002,0.3516115286313892,0.9976207737808997
mistralai/Mistral-7B-v0.1,Mistral,7.3,,,0.641644838,0.599829352,0.833100976,0.786108919,0.421531711,0.370735406,0.781857102,0.274390244,mistral,202309.0,0.62590799,rllab,,,,0.2535463444236419,0.9946948441947302,0.3064713218606164,0.9939881682991619,0.25470233485942606,0.9945211992387663,0.2610960914916341,0.9942997747656854,0.26669909656748353,0.9943750297594228,0.27647617609913894,0.9935439573218173,0.3048087984646591,0.9929548085011042,0.36277477421210863,0.9933116047983493,0.4318960455311008,0.9926962709973673,0.4943497245608902,0.9935098831276323,0.62590799031477,0.32129050868482967,0.9937895758782651
mistralai/Mixtral-8x7B-v0.1,Mixtral,45.0,,,0.718783933,0.663822526,0.864568811,0.816890292,0.46805433,0.576194086,0.800190967,0.335365854,mistral,202312.0,,,,,,,,,,,,,,,,,,,,,,,,,,,,
01-ai/Yi-6B,Yi,6.0,3.0,108.0,0.641070914,0.555460751,0.765684127,0.741910024,0.419616075,0.121304018,0.723879126,0.158536585,01-ai,202311.0,0.6344537815,bdsrc,,,,0.27517582455229644,0.9911492747798638,0.3149553660359928,0.9920438402608057,0.27052659055753714,0.9918987324659322,0.2700182126871122,0.9922520377361658,0.2628279019287809,0.9919573213243965,0.26358787948443413,0.991733685208532,0.30365173361926273,0.991871967818017,0.3460977567555443,0.9916531992230273,0.39085908338079917,0.9907579480425944,0.4265986192839742,0.9906053362963113,0.634453781512605,0.3124344949433408,0.9915922900190868
01-ai/Yi-34B,Yi,34.0,3.0,612.0,0.763515673,0.645904437,0.856901016,0.830307814,0.562308393,0.506444276,0.795640491,0.268292683,01-ai,202311.0,,,,,,,,,,,,,,,,,,,,,,,,,,,,
google/gemma-7b,Gemma,7.0,6.0,252.0,0.660274573,0.610921502,0.824736108,0.784530387,0.449054884,0.527672479,0.783899856,0.335365854,google,202402.0,0.6509756445,bdsrc,,,,0.25959887264075115,0.9961022484675328,0.28613057879934695,0.9962825844462545,0.24174246877256958,0.9963555916620868,0.27830421070357647,0.9968379156011626,0.26381695381285625,0.9965525778999179,0.2515664418280158,0.9963969497213166,0.29226678508462,0.9961088076841441,0.3515721383989879,0.9957618965643662,0.3700381947467012,0.9955736475325849,0.45165794400467507,0.9954472141597194,0.6509756444950862,0.30467701734524555,0.9961419231421267
google/gemma-2b,Gemma,2.0,6.0,72.0,0.417731464,0.483788396,0.71768572,0.662983425,0.330844343,0.169067475,0.709318357,0.231707317,google,202402.0,0.4119071357,bdsrc,,,,0.48036183380834274,0.9959525890395494,0.47645069946830565,0.995788567942569,0.4616226572329279,0.9958033225572779,0.47355202728528434,0.9963181144401391,0.47317875977679585,0.995895298184095,0.48641230727330237,0.9958118752557084,0.5131412594507108,0.9958313382939544,0.5192412278579458,0.9959370047216033,0.5426595644360572,0.9954972055170505,0.5522333026687569,0.9947568688517585,0.4119071357356502,0.4978874748313102,0.9957591567890205
tiiuae/falcon-180B,Falcon,180.0,3.5,3780.0,0.695866104,0.691979522,0.88886676,0.868981847,0.451569509,0.459438969,0.844553352,,tiiuae,202309.0,,,,,,,,,,,,,,,,,,,,,,,,,,,,
tiiuae/falcon-40b,Falcon,40.0,1.0,240.0,0.569797005,0.619453925,0.852818164,0.812943962,0.417169225,0.214556482,0.784630576,,tiiuae,202309.0,,,,,,,,,,,,,,,,,,,,,,,,,,,,
tiiuae/falcon-7b,Falcon,7.0,1.5,63.0,0.277854702,0.478668942,0.781318462,0.723756906,0.342638255,0.046247157,0.717572363,,tiiuae,202309.0,0.2707591511,bdsrc,,,,0.5418869260065738,0.9948615040182494,0.5367315196413555,0.9946855876918709,0.5425003081902354,0.994624656080254,0.5330380124702414,0.9950635820569383,0.5413439440273875,0.9946664092688929,0.5571470558262934,0.9945807145284407,0.5600034913072354,0.9944221663189151,0.5614272990021456,0.9942458745026324,0.5839329961423754,0.9938790203227778,0.6506213708752959,0.9943173335945402,0.27075915111807436,0.5608682943949441,0.9945346787404444
tiiuae/falcon-rw-1b,Falcon,1.0,0.35,2.1,0.252803188,0.350682594,0.635630353,0.620363062,0.35955599,0.005307051,0.535498701,,tiiuae,202307.0,0.2507477567,bdsrc,,,,0.572663562827971,0.9889678361016696,0.549008738020188,0.9897371861660569,0.5449329121864774,0.9898662589429796,0.5500653887476609,0.9899274523527339,0.55599649151453,0.9897776413781674,0.5625904838425387,0.9897178345024801,0.5697951540447023,0.9893291863558408,0.5769847354573292,0.9890135121759984,0.5953302798072513,0.9881362171069117,0.6452923702251527,0.9875687138877396,0.2507477567298106,0.5722700536014735,0.9892041082659097
microsoft/phi-2,Phi,2.7,1.4,22.68,0.579202667,0.610068259,0.749153555,0.73480663,0.442368784,0.549658832,0.526666391,0.493902439,miscrosoft,202306.0,0.5694345535,bdsrc,,,,0.3215337599959693,0.9966971714790059,0.3488343621871631,0.9971850165676881,0.31288179755226725,0.9972645319328449,0.3061636125147281,0.9974575712454292,0.300576293849552,0.9971544997349961,0.30536302389604547,0.9971215538245233,0.3497813559777011,0.9967048762758726,0.3857664086051452,0.9968974025994193,0.4559760581760436,0.996267295079876,0.530683930355259,0.9956504333083431,0.5694345534824099,0.3617637335842796,0.9968399728819544
microsoft/phi-1_5,Phi,1.3,0.15,1.17,0.438864678,0.529010239,0.637920733,0.722178374,0.408899386,0.124336619,0.511112784,0.341463415,miscrosoft,202306.0,0.4246546076,bdsrc,,,,0.4109999729506254,0.9959630263045125,0.4347833378915747,0.9963284810971266,0.397870412081106,0.9965433495172995,0.3930124323990829,0.9966019986847412,0.4034696141349372,0.9958280489843997,0.43606325233099813,0.9958108171468033,0.47758164651952445,0.996020796644067,0.5125786047037113,0.9963258339316121,0.5612262597064187,0.9949423235635246,0.6213851487328099,0.9939220489477224,0.4246546076057542,0.46490383788062645,0.9958285366577223
EleutherAI/pythia-1b-deduped,Pythia,1.0,0.3,1.8,0.242710646,0.290955631,0.496514639,0.535911602,0.389393782,0.011372252,0.56099166,0.042682927,EleutherAI,202302.0,0.2493946731,bdsrc,,,,0.5236589823455835,0.9823342834304248,0.5409596088299256,0.9838905166993349,0.5360910331921782,0.9827298242301816,0.5441147110710499,0.9846940092538772,0.5535552423897658,0.9840625024214891,0.5699099934145697,0.9836950803875609,0.5881554681648831,0.9834147561284702,0.5979242527749934,0.9820924270824687,0.6009777699642631,0.9807940689830893,0.665501936815248,0.9795778755591606,0.24939467312348668,0.5720902329954854,0.9827284050420987
EleutherAI/pythia-410m-deduped,Pythia,0.41,0.3,0.738,0.259888196,0.248293515,0.412865963,0.543804262,0.409475786,0.0030326,0.536312165,0.012195122,EleutherAI,202302.0,0.2551630822,bdsrc,,,,0.44942363163812504,0.9665226403749495,0.5113655353993221,0.969174477314537,0.540444835005646,0.97007770163511,0.5623889387085221,0.9688261350448361,0.5724080839652957,0.9682106411916928,0.5876618110064252,0.9683410747651323,0.5970635162907089,0.966661830384579,0.6086878408761209,0.9650869560531531,0.6378252965744186,0.9629503775649446,0.7173382763915368,0.9609402757149224,0.2551630821820253,0.5784702356945205,0.9666789113672176
EleutherAI/pythia-6.9b-deduped,Pythia,6.9,0.3,12.42,0.264809441,0.412969283,0.670483967,0.640883978,0.351945849,0.016679303,0.652470454,0.085365854,EleutherAI,202302.0,0.2605754166,bdsrc,,,,0.5421194788952207,0.9963296097515758,0.54995612322263,0.9966649758276241,0.549581566821012,0.9967686210418997,0.5605639166348512,0.996876902485271,0.5562082489349166,0.9965575053473709,0.5575153595963543,0.9966959099216512,0.5601877352146367,0.9964860177234929,0.5536111618207644,0.996237011810845,0.5752786991315281,0.9956659703503086,0.6229732585497672,0.9951573460892893,0.2605754166073209,0.5628033707487033,0.9963439177340745
EleutherAI/pythia-2.8b-deduped,Pythia,2.8,0.3,5.04,0.267846374,0.362627986,0.60655248,0.602209945,0.355597823,0.008339651,0.639989047,0.048780488,EleutherAI,202302.0,0.2663438257,bdsrc,,,,0.5361865340723241,0.991832984048764,0.5608364007513675,0.991469928229927,0.55089045408312,0.9915670554294388,0.5437929031429903,0.9918755204111178,0.5478404506649986,0.9918731727913366,0.5543018880384416,0.9920582473357658,0.5651732472049019,0.9914247224026097,0.574730038226194,0.9907494426195751,0.5806041720926096,0.9905236665489069,0.6218479657810106,0.9895351296714335,0.26634382566585957,0.5636234283089249,0.9912909033659608
EleutherAI/pythia-12b-deduped,Pythia,12.0,0.3,21.6,0.256306029,0.413822526,0.702648875,0.664561957,0.329988729,0.014404852,0.682420515,0.115853659,EleutherAI,202302.0,0.2617148554,bdsrc,,,,0.5674739880184795,0.9958041443024085,0.5579440624256851,0.995601363295368,0.5538212257099138,0.9953407862159754,0.5496823964178025,0.995682451745772,0.5519626141378445,0.9953631946682953,0.5532573651253249,0.9949568116437257,0.5604845901732912,0.9950060345051203,0.5632337301341735,0.9950278966264405,0.5726142193844017,0.9949297567571699,0.6064971528491135,0.9948479737498368,0.2617148554336989,0.5636993467647838,0.9952560199214183
EleutherAI/pythia-70m-deduped,Pythia,0.07,0.3,0.126,0.25260507,0.210750853,0.271659032,0.496448303,0.475143855,0.0,0.510099914,0.0,EleutherAI,202302.0,0.2573707449,bdsrc,,,,0.5308187761395473,0.6010867134329836,0.6504457994979775,0.6048785598904615,0.6969426325113388,0.570453030836072,0.7384264647867801,0.5796070965329333,0.7654707234290284,0.5613579321844172,0.7877581718940155,0.541593898165151,0.7961176812295833,0.5479189140521676,0.794749098978458,0.5732875878305682,0.8156429887038388,0.5790639160045694,0.8337126371638235,0.6288177230978065,0.2573707449081327,0.741016841427584,0.5788088561445223
EleutherAI/pythia-1.4b-deduped,Pythia,1.4,0.3,2.52,0.255554967,0.326791809,0.549591715,0.573007103,0.386584645,0.008339651,0.594062854,0.042682927,EleutherAI,202302.0,0.2502492522,bdsrc,,,,0.49684753468956794,0.9885826923446268,0.5101612910637993,0.9908846476409066,0.5317809448896677,0.990732552579878,0.5638738668231446,0.9916446062123401,0.5681480168126175,0.9909146195000281,0.5769448137205319,0.9904519016800347,0.5799707291639137,0.9896858648098951,0.5826224823087014,0.988964072323978,0.6190282021304407,0.9876010000365115,0.6828025823571506,0.9869717561276812,0.2502492522432702,0.5712257742485729,0.9896432715985524
EleutherAI/pythia-160m-deduped,Pythia,0.16,0.3,0.288,0.24860575,0.240614334,0.313881697,0.513812155,0.443404464,0.00227445,0.523599803,0.0,EleutherAI,202302.0,0.2527417747,bdsrc,,,,0.35905593096443267,0.889297696439222,0.4716960164538875,0.884524317641837,0.5344447751526811,0.8696350589727108,0.553829316675471,0.8749735062451367,0.6046803636563973,0.8653634796925623,0.6577973690781704,0.8589596817867934,0.6957324976873827,0.8559919827104374,0.7465565525231189,0.864736183017838,0.7935081961221521,0.8692224392679498,0.8874306279866551,0.8930919662022013,0.2527417746759721,0.6304896270045129,0.8725805780844003
bigscience/bloom-560m,BLOOM,0.56,0.341,1.14576,0.242154121,0.247440273,0.371539534,0.519337017,0.424442817,0.0030326,0.578551515,0.006097561,bigscience(huggingface),202207.0,0.2444096283,rllab,,,,0.3537970373028752,0.949784857553599,0.45664108372534273,0.9537184566478376,0.5356367133220902,0.9502470077079167,0.5809120982832753,0.9482445767434048,0.604977187165405,0.9451084251262956,0.6249247238845309,0.9461376047375629,0.6487635531228577,0.9457956456594994,0.6828669117787005,0.9464826161571159,0.724992967779678,0.9449619677772796,0.8138816448177936,0.9496359065437571,0.2444096282580829,0.602754587962706,0.9480116153757456
bigscience/bloom-1b1,BLOOM,1.1,0.341,2.2506,0.267021483,0.283276451,0.427803226,0.55011839,0.41797167,0.00227445,0.609512962,0.0,bigscience(huggingface),202207.0,0.2658453212,rllab,,,,0.4527089027368346,0.986350184577834,0.49137294015580346,0.9872522055333987,0.522673150998507,0.9886426656642636,0.5435956463491707,0.9884497576499357,0.5622799867876399,0.9884639908648738,0.5685307741424539,0.9887806768338737,0.5902633989484795,0.9879438694996205,0.6092718819130816,0.9867955307146177,0.6556849884811383,0.9865702119334488,0.7183769513552325,0.983925925622757,0.2658453211793192,0.5714856688535362,0.9873173420057324
bigscience/bloom-3b,BLOOM,3.0,0.341,6.138,0.265925092,0.357508532,0.543716391,0.576164167,0.40572463,0.015163002,0.664767416,0.018292683,bigscience(huggingface),202207.0,0.2593647629,rllab,,,,0.5151646637585624,0.979200784618012,0.5489688072223677,0.9792563033712348,0.5494631921399409,0.9812464916847475,0.5460231055872212,0.9800532864881755,0.5610162858576583,0.9799243757516275,0.5780340916652429,0.9808063876846785,0.5926819280511602,0.9797256970912043,0.6042456521578767,0.9783923350481439,0.599575088807734,0.9776089711172252,0.6112955871495843,0.9765381957470186,0.2593647628542943,0.5706490491980499,0.9792751341638453
bigscience/bloom-7b1,BLOOM,7.1,0.341,14.5266,0.262462224,0.411262799,0.619996017,0.6543015,0.388978422,0.013646702,0.697719119,0.048780488,bigscience(huggingface),202207.0,0.2629967241,rllab,,,,0.5284166590813915,0.9907563681891028,0.5348456922250171,0.9893360002422168,0.5461568904301776,0.9891335156595686,0.5492431329933228,0.9892440998848717,0.5536149099565966,0.9888704476155318,0.5622924909278028,0.9890815181998952,0.5726314609491222,0.9888126954426079,0.5841989766464752,0.9891360364575073,0.5975006153722546,0.9892707867630155,0.6494610139524549,0.989879726625882,0.26299672411337416,0.5678409843927245,0.9893521227792906
bigscience/bloom,BLOOM,176.0,0.366,386.496,0.308540091,0.504266212,0.764090819,0.720599842,0.397596228,0.06899166,0.735544419,0.12195122,bigscience(huggingface),202207.0,,,,,,,,,,,,,,,,,,,,,,,,,,,,
EleutherAI/gpt-neox-20b,GPT-Neo/J,20.0,0.472,56.64,0.250025953,0.457337884,0.734515037,0.689029203,0.31613146,0.054586808,0.716280975,0.12804878,EleutherAI,202103.0,0.2487537388,bdsrc,,,,0.567170183986457,0.9949200155485192,0.5592997606064879,0.9947090565374973,0.5530480021680726,0.9944794187999565,0.5441494963650254,0.9950841975892587,0.5523257253795005,0.9947503369717309,0.5616286149897224,0.9947437420059572,0.5703915443053668,0.9946244731801512,0.5757792389404435,0.9944827478004049,0.5813555698218027,0.9941989572352266,0.5934823669288523,0.9935251113825863,0.24875373878364906,0.5658640531971867,0.9945517467275564
EleutherAI/gpt-neo-2.7B,GPT-Neo/J,2.7,0.42,6.804,0.264539788,0.333617747,0.562437761,0.600631413,0.397779599,0.012888552,0.573989469,0.067073171,EleutherAI,202103.0,0.2656316764,bdsrc,,,,0.5393078081517579,0.985961567110641,0.5622757053324563,0.9859582696848862,0.5520952039070086,0.9853318683986896,0.5514340694508857,0.986282196956503,0.5572471313341945,0.9854054731781863,0.5602644808723016,0.9847138632258482,0.5732908932347252,0.9842277864048954,0.5866886809399908,0.9846532755564045,0.5726164151424423,0.98426121998469,0.6086116482997466,0.9845739593838955,0.2656316763993733,0.566385560337426,0.985136927018273
EleutherAI/gpt-neo-1.3B,GPT-Neo/J,1.3,0.38,2.964,0.248216555,0.312286689,0.484664409,0.569060773,0.39629306,0.004548901,0.561091098,0.036585366,EleutherAI,202103.0,0.2445520581,bdsrc,,,,0.495626276816884,0.9850071424571264,0.5331853911926315,0.9868466227752679,0.5425366833392343,0.9863824833036581,0.5531128096502281,0.9872221362094499,0.5631911230449502,0.9863315226407259,0.5793279933083115,0.9859147832655935,0.5860601631643911,0.9852685479172855,0.5911221818725028,0.9851346614776603,0.6188056500633693,0.9834959036437287,0.6723442226603811,0.9829328219296593,0.24455205811138014,0.5735375500985797,0.985453545557272
EleutherAI/gpt-neo-125m,GPT-Neo/J,0.125,0.3,0.225,0.259703914,0.229522184,0.302628958,0.517758485,0.455761631,0.0030326,0.502213531,0.006097561,EleutherAI,202103.0,0.2579404643,bdsrc,,,,0.3449424354962339,0.9315874250101197,0.44002705661139635,0.9419823339510522,0.5283909819850522,0.9345310187222392,0.5851700966717353,0.9358067542051286,0.6116831551028379,0.9264419677717528,0.642062973928549,0.9260952875125928,0.658849143204968,0.9275472007482275,0.6770032258166631,0.9288267168113902,0.7501718557339214,0.9249863414228311,0.8229886939568634,0.9241256585635879,0.2579404643213217,0.6061448010421998,0.930192371247093
EleutherAI/gpt-j-6b,GPT-Neo/J,6.05,0.402,14.5926,0.267839994,0.413822526,0.675363473,0.659826361,0.359624729,0.029567854,0.681077656,0.115853659,EleutherAI,202103.0,0.2693348526,bdsrc,,,,0.5409323435101655,0.9902794327631945,0.5506143474999646,0.991255974423585,0.5540892160342968,0.991502988311192,0.5644874412819595,0.992907755493373,0.5602442332096997,0.9924255898784109,0.5640796785104876,0.9923099236006045,0.5656148320977086,0.9917182905846602,0.5669371187770395,0.9912136860273321,0.5775950890083753,0.9895529780033997,0.5947916397529928,0.987481094148219,0.2693348525851018,0.5639405280720325,0.9910646130226841
facebook/opt-6.7b,OPT,6.7,0.18,7.236,0.245674066,0.391638225,0.686616212,0.659826361,0.351221498,0.009855951,0.594269081,0.006097561,meta,202205.0,0.2483264492,bdsrc,,,,0.5169349990451501,0.988681421198088,0.52621288720009,0.9898375796658996,0.5411141092698444,0.9896329495778884,0.5496220942590568,0.989998332799277,0.5580496933128591,0.9888645287738206,0.5676978515471587,0.9888303470474556,0.5765891786643587,0.9877001758801819,0.5944096965779873,0.987190344262611,0.6049401555721882,0.986400132763175,0.6681036021066378,0.9856050739975385,0.2483264492237573,0.570373509823613,0.9882739405710718
facebook/opt-1.3b,OPT,1.3,0.18,1.404,0.249630458,0.295221843,0.545309699,0.597474349,0.387106758,0.0015163,0.544028761,0.0,meta,202205.0,0.2471870104,bdsrc,,,,0.5032987547010316,0.9605398145618637,0.517395353896267,0.9653689924966776,0.5387858149486201,0.9607252994964453,0.5485879610354434,0.9633195574348289,0.5648006625206279,0.9595609105480705,0.5837946554797881,0.9578552666431244,0.59411446161108,0.9557934694627936,0.6085020582092286,0.9582057484347392,0.6387088301248067,0.9533853577176222,0.7234821943026052,0.9557264240713441,0.24718701039737928,0.5821559045296647,0.9590478840558702
facebook/opt-350m,OPT,0.35,0.18,0.378,0.260230967,0.235494881,0.367257518,0.52644041,0.408285328,0.0030326,0.51811094,0.0,meta,202205.0,0.2612875659,bdsrc,,,,0.3753168014656123,0.9660843886381411,0.4982358919676499,0.9703337867751434,0.5446237989991334,0.9688318231680078,0.5657492999321523,0.9694950484348457,0.5877112162528692,0.9674313927974701,0.5945250703654428,0.964998881162301,0.6102936699636199,0.9645410275529408,0.6238228565764358,0.9650513020828857,0.6994336536543682,0.9626440315210505,0.7226913710704229,0.9695381619881337,0.26128756587380714,0.582250754839424,0.9668952108460761
facebook/opt-13b,OPT,13.0,0.18,14.04,0.248956622,0.399317406,0.71200956,0.685082873,0.340958399,0.017437453,0.608779356,0.006097561,meta,202205.0,0.2527417747,bdsrc,,,,0.5317643694365286,0.9906422331409701,0.5176139299209332,0.9914370011847771,0.5429840322782618,0.9917014941602472,0.5541344515638588,0.9918329082262133,0.5582532667149401,0.9914297734662385,0.5624615948264231,0.9911642705529883,0.574998938688009,0.9904130359451782,0.5875418760628595,0.9897991697403357,0.6025316629775537,0.9893555508442883,0.6518931848599601,0.9886121669524806,0.2527417746759721,0.5684229515697236,0.9906386724295999
facebook/opt-2.7b,OPT,2.7,0.18,2.916,0.254319729,0.339590444,0.614319857,0.619573796,0.37425418,0.00227445,0.568486894,0.0,meta,202205.0,0.2543085031,bdsrc,,,,0.5127380001218578,0.9810216308878161,0.5333711468583675,0.9817490201960906,0.5427043544970642,0.9821660845031736,0.5572584147593769,0.9830783330191111,0.565863228203691,0.9809838109097604,0.5709401018376338,0.981339363705123,0.5767472582242057,0.9796335358540101,0.5796810808347292,0.9795931541941275,0.6071197659183215,0.9782843672822537,0.6666643323351884,0.9788034531408629,0.25430850306224184,0.5713151712948054,0.9806651654641836
facebook/opt-30b,OPT,30.0,0.18,32.4,0.2665873,0.432593857,0.740689106,0.706393054,0.351638263,0.021986353,0.626407888,0.012195122,meta,202205.0,0.2675544794,bdsrc,,,,0.5291530400751158,0.9913681682489358,0.5512705546924979,0.9911522223751705,0.5446257331927611,0.9917071763299846,0.5499270810725416,0.9918176443582658,0.5528841771307536,0.9912473817095468,0.5629861551690082,0.9915560033046109,0.5692789628369099,0.990990234200061,0.5804060656537399,0.9906983821869909,0.5923888002948029,0.9901199106279367,0.6083268152706879,0.9884772627801441,0.2675544794188862,0.5641270858907945,0.9909132889018105
facebook/opt-125m,OPT,0.125,0.18,0.135,0.260155876,0.228668942,0.314678351,0.516179953,0.42868758,0.00075815,0.498684238,0.0,meta,202205.0,0.2607178465,bdsrc,,,,0.45458194496906373,0.7636881011423604,0.5524399360299065,0.7546644935028849,0.6190428079404532,0.7414419505424646,0.6748207545902718,0.7423153834007865,0.7032879450144972,0.7181849672456834,0.7160858783950348,0.6941623728922072,0.7349277568761732,0.6781278317904057,0.7474834574444317,0.7155014482406741,0.7533679726260258,0.7294259568147635,0.8050613764147683,0.814986030467948,0.26071784646061813,0.6761211017706589,0.7352543167353739
facebook/opt-66b,OPT,66.0,0.18,71.28,0.269930021,0.46331058,0.76249751,0.700078927,0.35429656,0.016679303,0.642631463,0.012195122,meta,202205.0,,,,,,,,,,,,,,,,,,,,,,,,,,,,
mosaicml/mpt-30b,MPT,30.0,1.0,180.0,0.479981807,0.559726962,0.8242382,0.749013418,0.384155825,0.169067475,0.745335406,0.213414634,mosaicml,202306.0,0.4727246831,bdsrc,,,,0.4432789844439864,0.994743328359995,0.4462111069514937,0.9945080087190438,0.40057029138476835,0.9953772268878376,0.39553496476274386,0.9951872615011332,0.3947422077053413,0.995057138228055,0.4025434577409879,0.9956289680090813,0.42898592842705685,0.9947054442280502,0.45210776917927287,0.9942859728915319,0.5173477669167876,0.9941932289195664,0.5569431536301911,0.9928753611905171,0.4727246830935764,0.44383112316518963,0.9946560956248348
mosaicml/mpt-7b,MPT,7.0,1.0,42.0,0.280684314,0.476962457,0.775343557,0.721389108,0.335450604,0.040181956,0.714400118,0.164634146,mosaicml,202305.0,,bdsrc,,,,0.5056344192656891,0.9932802317846832,0.5208676039055408,0.9936714891311486,0.5416176068938174,0.9939823468484402,0.5604224727212704,0.99437883249342,0.5537281216661939,0.9940492644782801,0.5501616547508817,0.9939513046229376,0.5574663489689893,0.9931722951273239,0.5597793750388316,0.9929967891322317,0.5885163338026849,0.992227617135877,0.6158402896610669,0.9905448247150795,0.2951858709585529,0.5554076073681178,0.9932253673072435
facebook/xglm-564M,XGLM,0.564,0.5,1.692,0.251796636,0.245733788,0.346444931,0.522494081,0.404320588,0.00227445,0.585509055,0.0,meta,202112.0,0.2503916821,rllab,,,,0.2988437037900107,0.919460869009632,0.4153968853998305,0.9290781468866162,0.5344681829368427,0.9242620702941248,0.583545429925008,0.9317080659133578,0.626614598229554,0.9222940918520656,0.6716768081512705,0.9163366936947471,0.7081555653344438,0.915973673610036,0.7478207335608424,0.9212359274487473,0.8380047810439741,0.9180761910863435,0.9120280341841395,0.9203343513750349,0.2503916820965674,0.6336747951218423,0.9218759281019009
facebook/xglm-1.7B,XGLM,1.7,0.5,5.1,0.251004165,0.258532423,0.456781518,0.539068666,0.372063415,0.007581501,0.630680872,0.0,meta,202112.0,0.2506053269,rllab,,,,0.38622414536194577,0.9534470835576153,0.4704306078435912,0.95253379100348,0.5185305784165156,0.9518466615331146,0.5486893097355249,0.9540467999522778,0.578061326461713,0.9524474527455147,0.6039417883725262,0.9486336889963763,0.6344872815041532,0.9477767350893973,0.6776103838015766,0.948257176262896,0.7113510307658029,0.9466917865291413,0.8025218395670812,0.945780685735256,0.2506053268765133,0.5931986600837496,0.9501460391362467
facebook/xglm-4.5B,XGLM,4.5,0.5,13.5,0.254299777,0.314846416,0.579466242,0.549329124,0.358393949,0.00227445,0.658513957,0.0,meta,202112.0,0.254379718,rllab,,,,0.5322065462886051,0.9494175232106591,0.5522326775819151,0.9534102847832568,0.5591747589993906,0.958462046586225,0.5657081297691517,0.9578579566170032,0.5707389268250854,0.9560854941352028,0.5674597749366797,0.9574547239515866,0.576057081998776,0.9535915943159767,0.5912477770660557,0.9486793063323132,0.6215470788065572,0.9469523941933359,0.6931230123831846,0.9346470865575923,0.2543797179888905,0.5829565528781867,0.9516549452485283
facebook/xglm-7.5B,XGLM,7.5,0.5,22.5,0.277886681,0.341296928,0.607747461,0.587213891,0.366615239,0.00227445,0.695550561,0.0,meta,202112.0,0.273821393,rllab,,,,0.5107811106737222,0.9449297688926359,0.5371320519061739,0.9490549514137837,0.5436676772643348,0.9565052535985638,0.5608059926783531,0.9590382935250612,0.571344131755576,0.9589892081827374,0.5834057520313026,0.958848222972709,0.5989550749280238,0.9553211552210212,0.6116843474806402,0.9501085723646989,0.6195529381288665,0.9506900904766747,0.6479328565302871,0.9290271514856397,0.27382139296396524,0.5785306246581715,0.9512502351815336
codellama/CodeLlama-7b-hf,CodeLlama,7.0,2.52,105.84,0.311220648,0.399317406,0.608046206,0.640094712,0.378216756,0.051554208,0.72972396,0.335365854,meta,202308.0,,,,,,,,,,,,,,,,,,,,,,,,,,,,
codellama/CodeLlama-13b-hf,CodeLlama,13.0,2.52,196.56,0.328088358,0.408703072,0.633539136,0.671665351,0.437942698,0.121304018,0.734948573,0.384146341,meta,202308.0,,,,,,,,,,,,,,,,,,,,,,,,,,,,
codellama/CodeLlama-34b-hf,CodeLlama,34.0,2.52,514.08,0.550208399,0.540955631,0.758215495,0.735595896,0.391136184,0.343442002,0.786124588,0.475609756,meta,202308.0,,,,,,,,,,,,,,,,,,,,,,,,,,,,
codellama/CodeLlama-70b-hf,CodeLlama,70.0,3.02,1268.4,0.596665899,0.567406143,0.782115117,0.752170481,0.397884774,0.439727066,0.775638856,0.548780488,meta,202401.0,,,,,,,,,,,,,,,,,,,,,,,,,,,,
bigcode/starcoderbase-1b,StarCoder,1.0,1.0,6.0,0.266738816,0.226962457,0.343059152,0.499605367,0.457892866,0.009097801,0.561739334,0.146,bigcode(huggingface),202305.0,,,,,,,,,,,,,,,,,,,,,,,,,,,,
bigcode/starcoderbase-3b,StarCoder,3.0,1.0,18.0,0.273528005,0.258532423,0.391057558,0.511444357,0.43054512,0.017437453,0.597635573,0.177,bigcode(huggingface),202305.0,,,,,,,,,,,,,,,,,,,,,,,,,,,,
bigcode/starcoderbase-7b,StarCoder,7.0,1.0,42.0,0.284464385,0.298634812,0.438657638,0.543804262,0.404626336,0.054586808,0.597831124,0.244,bigcode(huggingface),202305.0,,,,,,,,,,,,,,,,,,,,,,,,,,,,
bigcode/starcoderbase,StarCoder,15.5,1.0,93.0,0.321170975,0.302901024,0.472117108,0.55801105,0.400215714,0.078847612,0.595190171,0.341,bigcode(huggingface),202305.0,,,,,,,,,,,,,,,,,,,,,,,,,,,,
bigcode/starcoder2-15b,StarCoder2,15.0,4.3,387.0,0.513458387,0.473549488,0.640908186,0.63851618,0.378734193,0.522365428,0.738282013,0.463,bigcode(huggingface),202402.0,,,,,,,,,,,,,,,,,,,,,,,,,,,,
bigcode/starcoder2-7b,StarCoder2,7.0,3.7,155.4,0.412133186,0.383105802,0.519119697,0.591949487,0.419934977,0.250947688,0.620089807,0.354,bigcode(huggingface),202402.0,,,,,,,,,,,,,,,,,,,,,,,,,,,,
bigcode/starcoder2-3b,StarCoder2,3.0,3.3,59.4,0.386486021,0.34556314,0.47619996,0.545382794,0.404869824,0.196360879,0.603682999,0.317,bigcode(huggingface),202402.0,,,,,,,,,,,,,,,,,,,,,,,,,,,,
deepseek-ai/deepseek-coder-1.3b-base,DeepSeek-Coder,1.3,2.0,15.6,0.260247316,0.257679181,0.392750448,0.527229676,0.426136821,0.029567854,0.606345816,0.287,deepseek,202311.0,,,,,,,,,,,,,,,,,,,,,,,,,,,,
deepseek-ai/deepseek-coder-6.7b-base,DeepSeek-Coder,6.7,2.0,80.4,0.38391431,0.370307167,0.53455487,0.580899763,0.402813121,0.179681577,0.678870819,0.476,deepseek,202311.0,,,,,,,,,,,,,,,,,,,,,,,,,,,,
deepseek-ai/deepseek-coder-33b-base,DeepSeek-Coder,33.0,2.0,396.0,0.409137308,0.424914676,0.599880502,0.624309392,0.399701882,0.300227445,0.696131702,0.512,deepseek,202311.0,,,,,,,,,,,,,,,,,,,,,,,,,,,,
01-ai/Yi-6B-200K,Yi-200K,6.0,3.0,108.0,0.646493014,0.535836177,0.755825533,0.74269929,0.417425955,0.303260045,,,01-ai,202311.0,,,,,,0.27552921667844804,0.9948882522383151,0.3110668959007104,0.9950966159197249,0.2696507846138308,0.9949922053615321,0.26415866985110953,0.9954050504184849,0.25780883718522596,0.9950802471674136,0.2529631723684369,0.9947863818859655,0.29359897516486244,0.994833883984406,0.3493143381608951,0.9945209405600924,0.4076773373248352,0.9941916131670668,0.4885726673029895,0.9944012344158305,0.6194986469163937,0.31704208784037546,0.9948196312739247
01-ai/Yi-34B-200K,Yi-200K,34.0,3.0,612.0,0.755618005,0.657849829,0.820553675,0.828729282,0.426021459,0.348749052,,,01-ai,202311.0,,,,,,,,,,,,,,,,,,,,,,,,,,,,
openlm-research/open_llama_7b_v2,OpenLlamaV2,13.0,1.0,78.0,0.412939739,0.436860068,0.721967736,0.693764799,0.355392154,0.034874905,,,openlm-research(UCB),202306.0,,,,,,0.45333388415610987,0.99365897291231,0.47848096686316127,0.993092828795573,0.4550998091411685,0.9931808519285628,0.46602700128469376,0.9935524849034513,0.4748345979560746,0.9932985735912588,0.4851519813783882,0.9934706137900736,0.5130609054192299,0.9932510482181232,0.5289682768928259,0.9932256826438085,0.5369074382065954,0.9929061438980642,0.5405731400428738,0.9931561968692223,0.4013673265916536,0.4932458596796024,0.9932793323551684
openlm-research/open_llama_3b_v2,OpenLlamaV2,3.0,1.0,18.0,0.27117981,0.402730375,0.71599283,0.670086819,0.347774532,0.009097801,,,openlm-research(UCB),202306.0,,,,,,0.5694153464400722,0.9947630565227538,0.5636017856088363,0.9947201018683598,0.5540770968587198,0.9949540849684028,0.5529602998241828,0.9952972410303557,0.5533535054442105,0.9951718695245491,0.5535603624504765,0.9951307452372324,0.5579769743464915,0.9947767371471775,0.5585797522194135,0.9945866810247915,0.5675052811780142,0.994553449241468,0.5924514088718517,0.9940385888135087,0.2628542942600769,0.5623496845681858,0.9947992279027135
openlm-research/open_llama_13b,OpenLlama,13.0,0.6,46.8,0.437545283,0.511945392,0.752340171,0.720599842,0.380759673,0.032600455,,,openlm-research(UCB),202304.0,,,,,,0.49149887922845736,0.9949845782984909,0.48185827527214153,0.9947341757468333,0.4359809039062745,0.9952702001965009,0.4429880238801857,0.9957754666044469,0.44629701541180605,0.9950722860668485,0.467610143852718,0.9951317842004193,0.48784721602007874,0.9939897812480463,0.5104092706182496,0.99369514995681,0.5186704494183146,0.9930310171852976,0.5526133331705791,0.9931705837462032,0.4239424583392679,0.4835796125539078,0.9944854504709199
openlm-research/open_llama_7b,OpenLlama,7.0,1.0,42.0,0.304934081,0.470136519,0.719776937,0.679558011,0.348473071,0.015921152,,,openlm-research(UCB),202304.0,,,,,,0.5524980277317469,0.9926094721865721,0.5534789946028407,0.9924841509944872,0.5397461407349685,0.9933836893047179,0.5224250452472544,0.9929095644174316,0.5360448663558959,0.9925670584987323,0.5510612252475197,0.993269663387142,0.5666867022484503,0.990746200678272,0.5712010963162346,0.9907141061884867,0.5630708449035979,0.9906089950795499,0.602359020347559,0.9882705879786318,0.29639652471157957,0.5558590970639642,0.9917561583678238
openlm-research/open_llama_3b,OpenLlama,3.0,1.0,18.0,0.26936287,0.398464164,0.626468831,0.647198106,0.349651358,0.004548901,,,openlm-research(UCB),202304.0,,,,,,0.584917786703291,0.9959899630013909,0.5866822910521493,0.9956382602366218,0.5457576293243295,0.9961532072856296,0.5149133954337268,0.9963079865274856,0.5360920916138585,0.9962323285422006,0.5585157281828297,0.9960364397030348,0.575305423630887,0.995493486319195,0.594093250750836,0.9952351622404928,0.5647865084754302,0.9951306022578105,0.5951398855227492,0.9948865032195755,0.2662013958125623,0.5656203984408217,0.9957103724295636
openai-community/gpt2,GPT-2,0.124,,,0.258337178,0.220136519,0.315275841,0.504340963,0.40691164,0.006823351,0.483628723,,openai,201902.0,0.261572426,rllab,,,,0.3540021074581889,0.9006410639513973,0.44923676794041245,0.9049012092984197,0.5500608661950808,0.8918158490419102,0.6013604063247888,0.9029070336512389,0.636771971622323,0.8895102979891862,0.6591801369022563,0.8797012240443524,0.6763451740096802,0.8800650676350033,0.6915433018565585,0.8831397260866576,0.7343099378317854,0.8810831196256603,0.8345131059212705,0.89312688853871,0.26157242558040167,0.6187490291033367,0.8906892376380577
openai-community/gpt2-large,GPT-2,0.774,,,0.260674031,0.257679181,0.456184027,0.55406472,0.38718452,0.008339651,,,openai,201902.0,0.255234297,rllab,,,,0.43616532728671714,0.9751811764843134,0.4537139807776048,0.9753409933557557,0.5121844727324348,0.9763897676948075,0.5336508061041852,0.9750629327169731,0.559025244736375,0.9740820861271182,0.5906720824629523,0.9733657583813106,0.613166414442288,0.9710990012615971,0.6522912908654641,0.9710134035276585,0.6805572588564159,0.97163883947951,0.7894160097271109,0.972344711481727,0.25523429710867396,0.5820974117643226,0.9735518188430945
internlm/internlm2-20b,InternLM2,20.0,,,0.675806686,0.629692833,0.832105158,0.855564325,0.512652004,0.679302502,,,internlm(Shanghai AI Lab),202401.0,,,,,,,,,,,,,,,,,,,,,,,,,,,,
internlm/internlm2-7b,InternLM2,7.0,,,0.652428476,0.580204778,0.812387971,0.838200474,0.487268393,0.630022745,,,internlm(Shanghai AI Lab),202401.0,,,,,,,,,,,,,,,,,,,,,,,,,,,,
deepseek-ai/deepseek-llm-67b-base,DeepSeek-LLM,67.0,2.0,804.0,0.717793274,0.65443686,0.871041625,0.841357537,0.510801367,0.567096285,,,deepseek,202311.0,,,,,,,,,,,,,,,,,,,,,,,,,,,,
deepseek-ai/deepseek-moe-16b-base,DeepSeek-MoE,16.0,2.0,192.0,0.463061136,0.532423208,0.797749452,0.737174428,0.360793034,0.172858226,,,deepseek,202311.0,0.4503631961,bdsrc,,,,0.4344561803172853,0.9953477958426248,0.42534659307242395,0.9956941939137722,0.4168606718939227,0.9956723197659108,0.41324187815819546,0.9960600300451762,0.4111977952665996,0.9957656019806248,0.4148751669688921,0.9956310899981576,0.44876203918288915,0.9954983336823171,0.4918404868587913,0.9953871928795073,0.5183310412411531,0.9946935858732652,0.5724109336122963,0.9946592014693412,0.45036319612590797,0.4547375588289843,0.9954409019951707
Deci/DeciLM-7B,DeciLM,7.0,,,0.597629389,0.593856655,0.825134435,0.79952644,0.403262533,0.473843821,,,deci,202309.0,0.5859564165,rllab,,,,0.2972248522304221,0.9985456972962052,0.33436394004216813,0.9981841653225698,0.2908883523750459,0.9985477613154732,0.302356274724198,0.9984697081346919,0.29254594195570677,0.9983465356586143,0.29500629556731395,0.9984220701632912,0.3332295966173222,0.9980540045862911,0.37149527592900794,0.9980230113994303,0.45167743366572854,0.9980117574743028,0.5107866103965941,0.9976342316668533,0.585956416464891,0.3479651070895377,0.9982238610428902
stabilityai/stablelm-base-alpha-7b-v2,StableLM,7.0,1.1,46.2,0.450989399,0.473549488,0.770762796,0.685082873,0.364572018,0.025777104,,,stabilityai,202304.0,0.4482267483,rllab,,,,0.4270409454140035,0.9969749695968316,0.43778331385515046,0.99663783219535,0.4225963071904703,0.996728825856118,0.42194275737226006,0.9969830166753771,0.41456262272018435,0.9969470210172109,0.42279207838570443,0.996889828353356,0.4629675150887472,0.9966073906340402,0.48172164880435403,0.9965471792313133,0.5308376555371997,0.9961605272798622,0.5560686949562593,0.9958898973487523,0.4482267483264492,0.45783526851794887,0.9966366177421064
stabilityai/stablelm-base-alpha-3b,StableLM,3.0,1.5,27.0,0.254305266,0.264505119,0.422425812,0.539068666,0.404965786,0.004548901,,,stabilityai,202304.0,0.2503916821,rllab,,,,0.45045024282431,0.9875667386892419,0.49208387167314427,0.9903149442219048,0.5093663995140781,0.9895640372024196,0.5228112775518801,0.9893186882394734,0.5610643161792294,0.988516486405691,0.6014317665152442,0.9873787975530395,0.6335182528032295,0.9883081975421314,0.6691460263738305,0.9882750326076236,0.6736443808858781,0.9864614711017313,0.7647236385013444,0.9868890218607305,0.2503916820965674,0.5878347094856156,0.9882592622677366
stabilityai/stablelm-base-alpha-7b,StableLM,7.0,1.5,63.0,0.262051609,0.31996587,0.517825134,0.55406472,0.40193766,0.006065201,,,stabilityai,202304.0,0.2528129896,rllab,,,,0.5333029087559091,0.9872396494512704,0.5255998361090242,0.9893936761466101,0.5250569062618397,0.9893935965692245,0.532370151068266,0.9903395629687926,0.5440338083216271,0.9896855020393857,0.5636869144496348,0.9891756218970232,0.5997059191172525,0.9887717259801487,0.636154540835348,0.9880699692347336,0.6132535033271762,0.9869966414718885,0.6350599333021512,0.9845989487693533,0.2528129896026207,0.5708251090724523,0.9883663150810846
stabilityai/stablelm-2-1_6b,StableLM,1.6,2.0,19.2,0.389465726,0.433447099,0.704540928,0.645619574,0.367838582,0.174374526,,,stabilityai,202304.0,0.3805013531,rllab,,,,0.46783862062117626,0.9934690580191672,0.4663016904341835,0.994743462456792,0.45608393318062745,0.9953795481651483,0.4787732066974057,0.9954214384516622,0.4845257601838769,0.9949178057453545,0.4953725868496088,0.9946309206208925,0.5071025752597265,0.9937230010270726,0.5183495706484215,0.9925404823061338,0.5818792854319879,0.9929354842530773,0.6169755411273068,0.9915885584601047,0.38050135308360633,0.5073264628251757,0.9939348788427466
RWKV/rwkv-4-169m-pile,RWKV,0.169,,,0.2317624,0.236348123,0.317367058,0.509076559,0.419232363,0.004548901,,,rwkv,202305.0,,,,,should be rwkv-4,,,,,,,,,,,,,,,,,,,,,,,
RWKV/rwkv-4-430m-pile,RWKV,0.43,,,0.248549698,0.267064846,0.400119498,0.511444357,0.395822188,0.003790751,,,rwkv,202305.0,,,,,,,,,,,,,,,,,,,,,,,,,,,,
RWKV/rwkv-4-1b5-pile,RWKV,1.5,,,0.257744696,0.318259386,0.522505477,0.5382794,0.357956961,0.0,,,rwkv,202305.0,,,,,,,,,,,,,,,,,,,,,,,,,,,,
RWKV/rwkv-4-7b-pile,RWKV,7.0,,,0.249593634,0.396757679,0.663114917,0.623520126,0.336529831,0.007581501,,,rwkv,202305.0,,,,,,,,,,,,,,,,,,,,,,,,,,,,
RWKV/rwkv-4-14b-pile,RWKV,14.0,,,0.261243635,0.444539249,0.710714997,0.6543015,0.32042194,0.003790751,,,rwkv,202305.0,,,,,,,,,,,,,,,,,,,,,,,,,,,,
RWKV/rwkv-raven-14b,RWKV,14.0,,,0.25919331,0.446245734,0.712507469,0.666929755,0.419325693,0.021228203,,,rwkv,202305.0,,,,,,,,,,,,,,,,,,,,,,,,,,,,
RWKV/rwkv-4-3b-pile,RWKV,3.0,,,0.246708722,0.360068259,0.596594304,0.583267561,0.321370226,0.006823351,,,rwkv,202305.0,,,,,,,,,,,,,,,,,,,,,,,,,,,,
togethercomputer/RedPajama-INCITE-Base-3B-v1,RedPajama-INCITE-Base,3.0,0.8,14.4,0.270278742,0.401877133,0.647679745,0.647198106,0.332348868,0.012888552,,,togetherai,202305.0,0.2681954138,rllab,,,,0.5491956839060329,0.9909425710927431,0.5549396050105386,0.9903008245382843,0.5585642369334445,0.9897672583337419,0.5605347020062964,0.9904998585804827,0.5597357664641981,0.9896331507500657,0.5660761343918255,0.9893815094379006,0.5765906231188018,0.988557938118596,0.5843298199375414,0.9889178503691533,0.5618518383776299,0.9886571499488255,0.5845366001709925,0.9893106269150668,0.26819541375872386,0.5656364269229645,0.989596856006897
togethercomputer/RedPajama-INCITE-Base-7B-v0.1,RedPajama-INCITE-Base,7.0,1.0,42.0,0.276821402,0.462457338,0.716291575,0.673243883,0.330347542,0.015921152,,,togetherai,202305.0,0.2762427005,rllab,,,,0.5866599355075871,0.991669488942822,0.5796161792470441,0.990836896979956,0.564248676782381,0.9930184377154113,0.5617355003852041,0.9917789111323342,0.5553524799563361,0.9921527201183602,0.5569628744139318,0.9931656946946607,0.5620973924464625,0.9916517083516856,0.5691939329820862,0.9903737958967909,0.5520033231500742,0.9897295376617621,0.5354133383326689,0.9886606405001669,0.27624270047001853,0.5623259497818279,0.99130365542516
LLM360/Amber,Amber,7.0,1.259,52.878,0.268356842,0.409556314,0.737900817,0.678768745,0.335563739,0.028051554,,,llm360,202312.0,0.2756729811,rllab,,,,0.5736266643306718,0.9913445855700103,0.5636648857347584,0.991074042822368,0.5612803222321028,0.9916476232959732,0.564182679161036,0.9919552147369816,0.5602128326444359,0.9917053258517571,0.5518615733283998,0.9919174853460532,0.5538252832531062,0.9916137076089407,0.5572838414845586,0.9906616114188456,0.5580801637850411,0.9902118626804667,0.5635815350992456,0.9900983711032636,0.2756729810568295,0.5607601400773875,0.9912229373043159
Salesforce/codegen-6B-nl,Codegen,6.0,0.36,12.96,0.259344781,0.423208191,0.68591914,0.664561957,0.344704613,0.021986353,,,salesforce,202203.0,0.2559464464,bdsrc,,,,0.5547179458182733,0.9949772251941853,0.5445174633821196,0.9957197761716794,0.551532166950484,0.9957962757281903,0.5586122570722398,0.9959149940104404,0.5604560970371442,0.9955009011319564,0.5614639290247462,0.9955023004816643,0.5694701101905125,0.9951249630531362,0.5713384028489338,0.994527448491164,0.577475073593384,0.994314864416904,0.5965291768010774,0.9927912875040543,0.25594644637516023,0.564613239394047,0.9950168795748549
Salesforce/codegen-16B-nl,Codegen,16.0,0.36,34.56,0.323543017,0.467576792,0.718681538,0.679558011,0.339466724,0.026535254,,,salesforce,202203.0,0.316550349,bdsrc,,,,0.5328546239729666,0.9938795763006877,0.5359359388304616,0.9952792628904346,0.5358265531146017,0.9952666953085755,0.5366889228796883,0.9953914862233847,0.5401467274468078,0.9950309148954829,0.5440258713852927,0.9948770431661874,0.5520483451907885,0.9938453306684566,0.5539880389426414,0.9935563264509947,0.5804938573018551,0.9930561328483845,0.6143039365827906,0.9912185776615892,0.3165503489531406,0.5526347844917864,0.9941399900198059
,,,,,,,,,,,,,,,,,,,,,,,,,,,,,,,,,,,,,,,,,,
,,,,,,,,,,,,,,,,,,,,,,,,,,,,,,,,,,,,,,,,,,
,,,,,,,,,,,,,,,,,,,,,,,,,,,,,,,,,,,,,,,,,,
,,,,,,,,,,,,,,,,,,,,,,,,,,,,,,,,,,,,,,,,,,
,,,,,,,,,,,,,,,,,,,,,,,,,,,,,,,,,,,,,,,,,,
openai-community/gpt2,GPT-2,0.355,,,,,,,,,,,openai,201902.0,0.263780088,rllab,,,,0.3540021074581889,0.9006410639513973,0.44923676794041245,0.9049012092984197,0.5500608661950808,0.8918158490419102,0.6013604063247888,0.9029070336512389,0.636771971622323,0.8895102979891862,0.6591801369022563,0.8797012240443524,0.6763451740096802,0.8800650676350033,0.6915433018565585,0.8831397260866576,0.7343099378317854,0.8810831196256603,0.8345131059212705,0.89312688853871,0.26157242558040167,0.6187490291033367,0.8906892376380577
openai-community/gpt2-large,GPT-2,1.5,,,,,,,,,,,openai,201902.0,0.263139154,rllab,,,,0.43616532728671714,0.9751811764843134,0.4537139807776048,0.9753409933557557,0.5121844727324348,0.9763897676948075,0.5336508061041852,0.9750629327169731,0.559025244736375,0.9740820861271182,0.5906720824629523,0.9733657583813106,0.613166414442288,0.9710990012615971,0.6522912908654641,0.9710134035276585,0.6805572588564159,0.97163883947951,0.7894160097271109,0.972344711481727,0.25523429710867396,0.5820974117643226,0.9735518188430945
