Model,Model Family,Model Size (B),Pretraining Data Size (T),FLOPs (1E21),MMLU,ARC-C,HellaSwag,Winograd,TruthfulQA,GSM8K,XWinograd,HumanEval,Company,Release Date,MMLU-ours,platform,Unnamed: 17,Unnamed: 18,Unnamed: 19,0_1502_brier,0_1502_san,1502_3004_brier,1502_3004_san,3004_4506_brier,3004_4506_san,4506_6009_brier,4506_6009_san,6009_7511_brier,6009_7511_san,7511_9013_brier,7511_9013_san,9013_10516_brier,9013_10516_san,10516_12018_brier,10516_12018_san,12018_13520_brier,12018_13520_san,13520_15023_brier,13520_15023_san,acc,brier,san
meta-llama/Llama-2-7b-hf,Llama-2,7.0,2.0,84.0,0.437960964,0.530716724,0.777434774,0.740331492,0.389802028,0.144806672,0.754881273,0.12804878,meta,202307.0,0.458624128,rllab,,,,0.13039032984044735,0.8725853654182674,0.2295645106644622,0.8445987734382226,0.31475910821732267,0.8375400993845372,0.40787576858211594,0.8243003951570282,0.4769053470747968,0.796203589715199,0.5283872510197845,0.7841844263298624,0.5718788518034814,0.7650194017269011,0.635992447608071,0.7555969166281629,0.7173171060227471,0.7498653343498393,0.8397685704594159,0.7622176457910261,0.5304533049324369,0.4853081367711107,0.7992081264226282
meta-llama/Llama-2-13b-hf,Llama-2,13.0,2.0,156.0,0.543378428,0.58105802,0.809699263,0.766377269,0.34172403,0.228203184,0.786798487,0.182926829,meta,202307.0,0.5491382994,bdsrc,,,,0.039588575626525305,0.9434131307597979,0.0795939001046165,0.9177438293440742,0.126682367733996,0.9096526281344464,0.2155242662427277,0.8962943637576086,0.27083033040785903,0.8792379111655305,0.3291713975424793,0.8670505043504692,0.3694312549100712,0.8527213001231015,0.4312454123913677,0.8441675939172989,0.571691408437174,0.8249061716584802,0.7899081140685578,0.8181233357588237,0.6848831791253411,0.3223938453629909,0.8753271592885616
meta-llama/Llama-2-70b-hf,Llama-2,70.0,2.0,840.0,0.698320892,0.673208191,0.873332006,0.837411208,0.449234937,0.540561031,0.824453228,0.298780488,meta,202307.0,,,,,,,,,,,,,,,,,,,,,,,,,,,,
huggyllama/llama-7b,Llama,6.7,1.0,40.2,0.356933064,0.509385666,0.778131846,0.714285714,0.343279329,0.080363912,0.693204495,0.12804878,meta,202302.0,0.34952286,rllab,,,,0.09860997924297248,0.9474224058773937,0.18373511594650496,0.9191904673798541,0.3267910149684874,0.8909745028838475,0.5042179170729222,0.8575729061368087,0.5881721018830056,0.8425318627186129,0.6414570029206095,0.839173944959667,0.7070136212478145,0.8365039554456175,0.7845344651768793,0.837372658981639,0.8480901399686946,0.8480641027108596,0.9355633402892286,0.8776038587546453,0.38880383412101444,0.5618491787493652,0.8696385875541148
huggyllama/llama-13b,Llama,13.0,1.0,78.0,0.476105883,0.561433447,0.809201354,0.762430939,0.394788826,0.075815011,0.730361681,0.158536585,meta,202302.0,,,,,,0.03376537078328953,0.9864254600346488,0.09134282869669207,0.979533363233072,0.16861016843408583,0.9924232233663532,0.2937141569518793,1.001856062696598,0.39210266393941295,0.9987962297404979,0.46214905069544093,0.9990211943791317,0.5123850572094807,0.9929853285766712,0.5803035205645278,0.9951831945700779,0.7051811907875873,0.9977717263724405,0.8658858007246485,0.9832050129117121,0.5153431405178726,0.4105732928052324,0.9927200720107674
huggyllama/llama-30b,Llama,32.5,1.4,273.0,0.584466128,0.614334471,0.847341167,0.800315706,0.42273876,0.148597422,0.771147904,0.207317073,meta,202302.0,,,,,,,,,,,,,,,,,,,,,,,,,,,,
huggyllama/llama-65b,Llama,65.2,1.4,547.68,0.639306418,0.634812287,0.860884286,0.825572218,0.434287607,0.372251706,0.776834807,0.231707317,meta,202302.0,,,,,,,,,,,,,,,,,,,,,,,,,,,,
meta-llama/Meta-Llama-3-70B,Llama-3,70.0,15.0,6300.0,0.792329339,,0.87980482,0.853196527,0.455623682,0.768764215,0.844706094,0.524390244,meta,202404.0,,,,,,,,,,,,,,,,,,,,,,,,,,,,
meta-llama/Meta-Llama-3-8B,Llama-3,8.0,15.0,720.0,0.664949549,,0.820155348,0.771112865,0.439522651,0.453373768,0.801151665,0.384146341,meta,202404.0,0.651687794,rllab,,,,,,,,,,,,,,,,,,,,,,,,,,
Qwen/Qwen1.5-72B,Qwen1.5,72.0,3.0,1296.0,0.772014583,0.658703072,0.859888468,0.830307814,0.596080564,0.657316149,0.825768095,0.451219512,alibaba,202402.0,,,,,,,,,,,,,,,,,,,,,,,,,,,,
Qwen/Qwen1.5-32B,Qwen1.5,32.0,4.0,768.0,0.742996128,0.635665529,0.850029875,0.814522494,0.573944434,0.611068992,0.791176059,0.420731707,alibaba,202402.0,,,,,,0.012040837004517795,0.9737180759947546,0.01844312787620916,0.9675597707292968,0.019209528518867966,0.9955853685811409,0.026616850774150692,1.0203950940922153,0.0313770809756362,1.008936476027678,0.04357688904995413,1.0095566242686338,0.06076098927602381,0.9901541625175894,0.07245068768044216,0.9889993060010014,0.09207870350396861,0.9958243950271869,0.18088612581741578,0.9544490427694254,0.9322372362377688,0.05575080718382481,0.9905173952569253
Qwen/Qwen1.5-14B,Qwen1.5,14.0,4.0,336.0,0.693602647,0.565699659,0.810794662,0.73480663,0.520609239,0.676269901,0.777502468,0.396341463,alibaba,202402.0,,,,,,0.012766571023226984,0.9900189447023126,0.026233124541217318,0.9885812410563715,0.032227703960029934,1.0114352517283127,0.06359423005146504,1.0308539729488269,0.09125071548412164,1.0182718270724276,0.12397574488651072,1.0211029379744514,0.16390805887685303,1.0071797323453788,0.20997230531702213,1.0057474516405656,0.2798766647846975,1.0120308095531843,0.43300902718430545,0.9849221594553665,0.8126872129401584,0.1436966889950412,1.0070145601569238
Qwen/Qwen1.5-7B,Qwen1.5,7.0,4.0,168.0,0.619700217,0.541808874,0.785102569,0.712707182,0.51082277,0.53525398,0.752361398,0.347560976,alibaba,202402.0,0.604828372,rllab,,,,0.10318683811700427,0.9349011999724138,0.14146819706699523,0.9337248258787118,0.1307854007489532,0.9538783635722463,0.16236451984742095,0.9706726665270582,0.2062568063547873,0.9490341426005282,0.23559294337331374,0.9564111407849746,0.29188000024636335,0.9447783840902828,0.340469881486635,0.9387065112368239,0.3787610507825945,0.9466862876478891,0.5368842286371162,0.9034453512133637,0.7222924848565533,0.25278048515435153,0.9432231701015275
Qwen/Qwen1.5-4B,Qwen1.5,4.0,2.4,57.6,0.565235196,0.484641638,0.715793667,0.662194159,0.472731898,0.522365428,0.688785439,0.262195122,alibaba,202402.0,0.5526278308,rllab,,,,0.3025727505111268,0.8605327633304534,0.3326821149506582,0.8682851008092753,0.3210460768666023,0.8778890135554583,0.342687616739767,0.8981755602828685,0.36806511005940723,0.8873913948145664,0.4033631580573595,0.8954293463870362,0.42870187159660333,0.8923900470136454,0.4848894423735537,0.8835613188590054,0.5923476195970303,0.9006020615012329,0.7736549786717439,0.8833591842723499,0.5406376888770552,0.43501705219208125,0.8847628864149663
Qwen/Qwen1.5-1.8B,Qwen1.5,1.8,2.4,25.92,0.467083853,0.37883959,0.614220275,0.602999211,0.394278142,0.3358605,0.643824663,0.182926829,alibaba,202402.0,0.4600484262,rllab,,,,0.35501813083402645,0.6999997702899923,0.4583053719177073,0.6368787445898223,0.5020312136766694,0.6303183111453518,0.6112158424573189,0.6197491846549495,0.6746928789934642,0.6125305535963635,0.7075616962292928,0.6031162616014325,0.7555893321850028,0.5934871200632,0.7987991466178774,0.5719145996401113,0.8631186872248178,0.5759788901320678,0.9087202120761595,0.5820670023363681,0.40191706050722226,0.6635242227737257,0.6126012142220376
Qwen/Qwen1.5-0.5B,Qwen1.5,0.5,2.4,7.2,0.393533408,0.314846416,0.490539733,0.572217837,0.382992684,0.163002274,0.575621493,0.115853659,alibaba,202402.0,0.3886198547,rllab,,,,0.2407330328229795,0.8544533284062732,0.38301125530896923,0.8060721297521448,0.47840931721535546,0.8095195525981858,0.551545018658751,0.8145903745241817,0.5878660104576531,0.8059947482957845,0.6278295665111204,0.7986387306199727,0.6829800034580968,0.7810148515086953,0.7474207601560866,0.7657526655554842,0.8593360225379884,0.7805242846331404,0.9461677217322567,0.7876636533292238,0.3486653797510484,0.6105531087965432,0.8004212338649006
Qwen/Qwen-72B,Qwen,72.0,3.0,1296.0,0.773737575,0.651877133,0.85939056,0.824782952,0.601910952,0.704321456,0.828731413,0.37195122,alibaba,202311.0,,,,,,,,,,,,,,,,,,,,,,,,,,,,
Qwen/Qwen-14B,Qwen,14.0,3.0,252.0,0.677042803,0.582764505,0.839872535,0.767955801,0.494329446,0.589840788,0.791508524,0.353658537,alibaba,202309.0,,,,,,,,,,,,,,,,,,,,,,,,,,,,
Qwen/Qwen-7B,Qwen,7.0,2.4,100.8,0.598387921,0.513651877,0.784704242,0.72691397,0.477859305,0.449583017,0.734576728,0.317073171,alibaba,202308.0,0.5828941746,rllab,,,,0.2625269817579015,0.9206440410231298,0.34637479666993826,0.9236055115156999,0.336801374410613,0.9452331355483271,0.3641072285451127,0.9535538669024203,0.4257825226260152,0.9474723355342447,0.45597701684537917,0.9536401458327538,0.48460722785291444,0.9438636112375802,0.5405773089457416,0.937156052968542,0.5912852807381362,0.9498422222707215,0.7303974638090226,0.9082621844790526,0.4908473673700326,0.4538582033965113,0.9383266915293891
mistralai/Mistral-7B-v0.1,Mistral,7.3,,,0.641644838,0.599829352,0.833100976,0.786108919,0.421531711,0.370735406,0.781857102,0.274390244,mistral,202309.0,0.62590799,rllab,,,,0.026243491680688638,0.9726155470134009,0.05296119522818669,0.9638596402548453,0.07269737810286116,0.9829064456220729,0.09584775693648583,0.9975067191820877,0.11534667199631993,0.989645775815152,0.14673374628743552,0.9863609790962775,0.16520021395524087,0.9766314183598648,0.18169754953136713,0.9761237102162863,0.20653003488425206,0.9855182760614863,0.2979690035595485,0.9441780110281964,0.8911003128536245,0.13613273209760743,0.9775337012027142
mistralai/Mixtral-8x7B-v0.1,Mixtral,45.0,,,0.718783933,0.663822526,0.864568811,0.816890292,0.46805433,0.576194086,0.800190967,0.335365854,mistral,202312.0,,,,,,,,,,,,,,,,,,,,,,,,,,,,
01-ai/Yi-6B,Yi,6.0,3.0,108.0,0.641070914,0.555460751,0.765684127,0.741910024,0.419616075,0.121304018,0.723879126,0.158536585,01-ai,202311.0,0.6344537815,bdsrc,,,,0.15427272450039636,0.9134430413367691,0.19263846256800585,0.9387013800329465,0.23428742523295887,0.9433909068744263,0.32437715919981086,0.947579879548368,0.4059116556576145,0.9502740762016435,0.4591349331379651,0.9609519329705671,0.5059579540448474,0.9587822381175213,0.5494535770401662,0.9618874727486576,0.6193387398690215,0.962073537524531,0.7464573789543424,0.9550629303949604,0.5988151501031751,0.4192042513359726,0.9492156568904434
01-ai/Yi-34B,Yi,34.0,3.0,612.0,0.763515673,0.645904437,0.856901016,0.830307814,0.562308393,0.506444276,0.795640491,0.268292683,01-ai,202311.0,,,,,,,,,,,,,,,,,,,,,,,,,,,,
google/gemma-7b,Gemma,7.0,6.0,252.0,0.660274573,0.610921502,0.824736108,0.784530387,0.449054884,0.527672479,0.783899856,0.335365854,google,202402.0,0.6509756445,bdsrc,,,,0.020217766403953737,0.9623715864038926,0.023381119137519408,0.9592751871587752,0.02812650716507499,0.9792292537698952,0.03478913779351652,0.999832778224365,0.04016129586104014,0.9865660384688149,0.046236202880882815,0.9853754279507642,0.04906253879271535,0.9752070912672914,0.05981532465851784,0.9757996710649015,0.0830353343998005,0.979249730372488,0.1745445732726534,0.9353802462853427,0.9387605671304,0.05594300981156245,0.9738279644936092
google/gemma-2b,Gemma,2.0,6.0,72.0,0.417731464,0.483788396,0.71768572,0.662983425,0.330844343,0.169067475,0.709318357,0.231707317,google,202402.0,0.4119071357,bdsrc,,,,0.5144235965130176,0.9465741339404868,0.4967045959241827,0.9369948818751404,0.4871938914058466,0.9414941633649568,0.4776308854284042,0.9429057351620178,0.4819985623934546,0.9451302318354587,0.49250481074879554,0.9489856122004898,0.5091873423270671,0.9383978607288721,0.5290177741222358,0.9396238028048156,0.5237856410042643,0.9405807138436141,0.6091796827468693,0.936074326879668,0.43100579112028226,0.5121666395125435,0.941675637010013
tiiuae/falcon-180B,Falcon,180.0,3.5,3780.0,0.695866104,0.691979522,0.88886676,0.868981847,0.451569509,0.459438969,0.844553352,,tiiuae,202309.0,,,,,,,,,,,,,,,,,,,,,,,,,,,,
tiiuae/falcon-40b,Falcon,40.0,1.0,240.0,0.569797005,0.619453925,0.852818164,0.812943962,0.417169225,0.214556482,0.784630576,,tiiuae,202309.0,,,,,,,,,,,,,,,,,,,,,,,,,,,,
tiiuae/falcon-7b,Falcon,7.0,1.5,63.0,0.277854702,0.478668942,0.781318462,0.723756906,0.342638255,0.046247157,0.717572363,,tiiuae,202309.0,0.2707591511,bdsrc,,,,0.485980321608439,0.6343126654652721,0.6396039020767754,0.6160731840197873,0.6605138697926028,0.6422938412942297,0.6607089407903871,0.6189473779031568,0.6762602083497626,0.6072621581032283,0.6846793319793423,0.5943260483396543,0.7157611056553344,0.5653685926244567,0.7689551145512894,0.5427652273337004,0.8448616854854475,0.5491969440444825,0.931486269057954,0.5261432495606607,0.336284363975238,0.7068935433558704,0.5896650316734632
tiiuae/falcon-rw-1b,Falcon,1.0,0.35,2.1,0.252803188,0.350682594,0.635630353,0.620363062,0.35955599,0.005307051,0.535498701,,tiiuae,202307.0,0.2507477567,bdsrc,,,,0.17683326284885773,0.7877118570609626,0.2665135675522416,0.7179090959046418,0.40665138594345535,0.6818251092262824,0.5522260037903166,0.6587458583892545,0.6689571335330121,0.6341719393156463,0.7660279617677878,0.6217931557677818,0.8433443056018396,0.6223814012807775,0.9224352906366752,0.6210571812225975,0.9782128765663423,0.6646433811281761,0.9963331084502643,0.7130813893554337,0.3598482327098449,0.6577813564699109,0.672330520026871
microsoft/phi-2,Phi,2.7,1.4,22.68,0.579202667,0.610068259,0.749153555,0.73480663,0.442368784,0.549658832,0.526666391,0.493902439,miscrosoft,202306.0,0.5694345535,bdsrc,,,,0.03858379130050047,0.914333134285126,0.07913354186021822,0.8814701731139876,0.14770141225872133,0.8617145005733096,0.3042018203452541,0.8225624646990283,0.4308679860716945,0.8004399613849814,0.5370033442858043,0.783438157405861,0.6320663474827769,0.7653400059057472,0.711513594271587,0.7541844517625195,0.8056605530886961,0.7475347920759203,0.9328096145381919,0.7980634003265223,0.5423683685016308,0.46198636557601763,0.8129045923086932
microsoft/phi-1_5,Phi,1.3,0.15,1.17,0.438864678,0.529010239,0.637920733,0.722178374,0.408899386,0.124336619,0.511112784,0.341463415,miscrosoft,202306.0,0.4246546076,bdsrc,,,,0.031125689791111185,0.9374542767241342,0.1016443819385234,0.8841706954366397,0.2432506264780139,0.8134527458607691,0.49754650310102233,0.7351917463003242,0.6555227441147139,0.7065411404972487,0.7553714564042633,0.6966450571274609,0.84410528365415,0.6933185865987797,0.9090204580834538,0.7061263596951712,0.9661680367111611,0.7538756514197416,0.9933842376499412,0.8496084728793633,0.3981894428542901,0.5997496133761419,0.7776348257392228
EleutherAI/pythia-1b-deduped,Pythia,1.0,0.3,1.8,0.242710646,0.290955631,0.496514639,0.535911602,0.389393782,0.011372252,0.56099166,0.042682927,EleutherAI,202302.0,0.2493946731,bdsrc,,,,0.21859061988857312,0.7264371631455359,0.3800244648085036,0.5924861858364194,0.48176806199890543,0.5723012621811281,0.6033585370336741,0.5485884004807602,0.7270201809559295,0.5227558634451861,0.798900371195537,0.5111335869847552,0.8667530950138008,0.4958456195078821,0.9222728723557543,0.5030929318850558,0.971991889198796,0.549712455446106,0.9923537001379069,0.6013305144996797,0.3690341476402849,0.696328244811185,0.5623656465166788
EleutherAI/pythia-410m-deduped,Pythia,0.41,0.3,0.738,0.259888196,0.248293515,0.412865963,0.543804262,0.409475786,0.0030326,0.536312165,0.012195122,EleutherAI,202302.0,0.2551630822,bdsrc,,,,0.1892860880822871,0.70790757996841,0.3516981704891577,0.5914205212696845,0.5422145322213844,0.5470082457664439,0.6797160789466877,0.5200494768595632,0.7919751245588443,0.5125010073639366,0.8731572917029701,0.5117494946120779,0.9242419248919375,0.5149024900027138,0.95277182102244,0.5236591499474319,0.9785755015654098,0.556132337702896,0.9935757830307708,0.5834829036015307,0.33914664181588233,0.7277488140310006,0.5568778454321178
EleutherAI/pythia-6.9b-deduped,Pythia,6.9,0.3,12.42,0.264809441,0.412969283,0.670483967,0.640883978,0.351945849,0.016679303,0.652470454,0.085365854,EleutherAI,202302.0,0.2605754166,bdsrc,,,,0.07380480722961709,0.846357101994449,0.1643500743183247,0.7690167831582573,0.3517350991371338,0.6983654762130881,0.5787246577561723,0.6558278907441564,0.6992822862642921,0.6413488160917588,0.7815890842011727,0.6374435671626802,0.8468898745340556,0.6412444837492265,0.9027416109013757,0.6459655190073266,0.9591370332937013,0.681315313213238,0.990462854629068,0.7567044755219399,0.39033481994275443,0.634905783501887,0.6973563932628568
EleutherAI/pythia-2.8b-deduped,Pythia,2.8,0.3,5.04,0.267846374,0.362627986,0.60655248,0.602209945,0.355597823,0.008339651,0.639989047,0.048780488,EleutherAI,202302.0,0.2663438257,bdsrc,,,,0.018227068923501143,0.9566510026928359,0.045171693729743216,0.9337383453662097,0.19841342629164643,0.8862307468734633,0.4770001058738524,0.8231007982566245,0.6585828714451857,0.793771210609827,0.7612677054428403,0.787550941570742,0.8454332674968712,0.7891736966880875,0.901885101277521,0.7970911604187881,0.9649014409391237,0.8337988266518331,0.994209689947198,0.9120333108363491,0.3852759102709179,0.5865463212978258,0.8513120314073662
EleutherAI/pythia-12b-deduped,Pythia,12.0,0.3,21.6,0.256306029,0.413822526,0.702648875,0.664561957,0.329988729,0.014404852,0.682420515,0.115853659,EleutherAI,202302.0,0.2617148554,bdsrc,,,,0.014615492927711306,0.9517991856962007,0.06376208190229289,0.8968333804025069,0.2062808213804043,0.8554556335674205,0.46642310541749826,0.8277522110659367,0.642428598063278,0.8040405431319635,0.7486319067675477,0.7963351426045616,0.8315414424468719,0.7855038855844481,0.8986810550024622,0.7797522105271834,0.9549449088364402,0.8067494514383726,0.9889537616902415,0.8677763361323209,0.4032483525261266,0.5816623980769845,0.8371977633375075
EleutherAI/pythia-70m-deduped,Pythia,0.07,0.3,0.126,0.25260507,0.210750853,0.271659032,0.496448303,0.475143855,0.0,0.510099914,0.0,EleutherAI,202302.0,0.2573707449,bdsrc,,,,0.9898778735539224,0.023472104653581898,0.9883784514151441,0.028419253074673943,0.9870410633604291,0.039101502382366926,0.9819742554559773,0.05191792690146221,0.9859729386459881,0.056087912641139125,0.9885479214828393,0.05545725062819536,0.9912962591168306,0.052829757366325676,0.9918352419127664,0.04513161202193451,0.9913017319166328,0.0408200587155794,0.9905434629755046,0.02234782506881461,0.1086999933435399,0.9886767724243701,0.04155868142829994
EleutherAI/pythia-1.4b-deduped,Pythia,1.4,0.3,2.52,0.255554967,0.326791809,0.549591715,0.573007103,0.386584645,0.008339651,0.594062854,0.042682927,EleutherAI,202302.0,0.2502492522,bdsrc,,,,0.11915078192987837,0.778898139823587,0.2784196184571616,0.6511134209592824,0.4433161519153394,0.6208074152308481,0.6212808035159515,0.6221665545371088,0.7561820735768412,0.604673192168161,0.825016160946249,0.5926403260814184,0.8837798162387008,0.5995645314664161,0.9296418137665666,0.5958388734106826,0.9696698360941809,0.6074543525703185,0.9928759913989545,0.6664703444132953,0.36477401317979097,0.681963401082777,0.6339618040154028
EleutherAI/pythia-160m-deduped,Pythia,0.16,0.3,0.288,0.24860575,0.240614334,0.313881697,0.513812155,0.443404464,0.00227445,0.523599803,0.0,EleutherAI,202302.0,0.2527417747,bdsrc,,,,0.7488540887908632,0.17129976337038189,0.8345942913018168,0.13125359818625926,0.8678460623681632,0.1342426248766008,0.8990161605547162,0.14379857581078925,0.9212866205513744,0.15736915323794176,0.9510025108989976,0.15012078690607977,0.9680263390066771,0.15230219261231628,0.9765900198863757,0.16038949552543244,0.9900520873082769,0.17154485758785118,0.9964053266190133,0.15004732205764232,0.3110563802170006,0.915375161803246,0.15223613393382
bigscience/bloom-560m,BLOOM,0.56,0.341,1.14576,0.242154121,0.247440273,0.371539534,0.519337017,0.424442817,0.0030326,0.578551515,0.006097561,bigscience(huggingface),202207.0,0.2444096283,rllab,,,,0.07874096678241939,0.8054737601282091,0.15930469621642424,0.7183064112450798,0.3587197282152396,0.6314369921325569,0.6604031259746185,0.5625786931677031,0.8192099589584594,0.5416835992424256,0.8893402924888959,0.5450666902323698,0.9375567996294065,0.5401762773020106,0.9672012349485472,0.5452493598702658,0.9870153273436524,0.6121882086180945,0.9981487736954623,0.7100654670387556,0.36304333355521534,0.6855999964645872,0.6212191612741599
bigscience/bloom-1b1,BLOOM,1.1,0.341,2.2506,0.267021483,0.283276451,0.427803226,0.55011839,0.41797167,0.00227445,0.609512962,0.0,bigscience(huggingface),202207.0,0.2658453212,rllab,,,,0.2666006580801288,0.6188749054065015,0.45396457288077474,0.486551250593008,0.6375869048074707,0.4505549496841449,0.8057750015709705,0.44771182825867295,0.8598466494385955,0.4494469862822954,0.8991476812542588,0.46101212589751756,0.917826248724962,0.45270377933079997,0.9468014611956813,0.4479333282694267,0.9688371338954241,0.47159554035262446,0.9915114670682291,0.4899539477489865,0.3076615855687945,0.7748157875690629,0.477631033054309
bigscience/bloom-3b,BLOOM,3.0,0.341,6.138,0.265925092,0.357508532,0.543716391,0.576164167,0.40572463,0.015163002,0.664767416,0.018292683,bigscience(huggingface),202207.0,0.2593647629,rllab,,,,0.24302096624179112,0.6352498705085495,0.4185307478716774,0.5105471072554598,0.5490016263317411,0.5035190705218981,0.7135753838967173,0.50680103189696,0.804053725340402,0.5005711028589918,0.8557306171321691,0.49723593736407123,0.8977352168787059,0.5004172226333636,0.9379432979281447,0.4877682516234177,0.9676780271779056,0.5066801254467649,0.9899476388048459,0.5159200454508984,0.34513745590095185,0.7377475580204337,0.5164692275957966
bigscience/bloom-7b1,BLOOM,7.1,0.341,14.5266,0.262462224,0.411262799,0.619996017,0.6543015,0.388978422,0.013646702,0.697719119,0.048780488,bigscience(huggingface),202207.0,0.2629967241,rllab,,,,0.14320976178477846,0.8203703430505711,0.33122466802390665,0.7309396562856211,0.5461873088854744,0.6441406045983469,0.6833206219013231,0.6165721912378284,0.7502768504641343,0.6126535121465234,0.7907530791080069,0.623851004996491,0.8403495808968721,0.6241365413948367,0.8796932711376556,0.6197255778656201,0.9239940419922583,0.6422948126200034,0.9764553077160617,0.7176781696760849,0.32709844904479796,0.6865757699767053,0.6652337570750168
bigscience/bloom,BLOOM,176.0,0.366,386.496,0.308540091,0.504266212,0.764090819,0.720599842,0.397596228,0.06899166,0.735544419,0.12195122,bigscience(huggingface),202207.0,,,,,,,,,,,,,,,,,,,,,,,,,,,,
EleutherAI/gpt-neox-20b,GPT-Neo/J,20.0,0.472,56.64,0.250025953,0.457337884,0.734515037,0.689029203,0.31613146,0.054586808,0.716280975,0.12804878,EleutherAI,202103.0,0.2487537388,bdsrc,,,,0.037424734073522904,0.9154931225658641,0.11304201391088606,0.8546903207751337,0.3344111806870052,0.7893216608612631,0.5917472300113154,0.7502191761846971,0.7196283687810537,0.7329396418277146,0.8119401543166963,0.7315463130136866,0.8667198187347969,0.7341569097114398,0.9196402516617903,0.7296651333238375,0.9537703499392705,0.7537773670124376,0.9854012349960989,0.8103484112574375,0.35359116022099446,0.6334087282584402,0.7802127488125168
EleutherAI/gpt-neo-2.7B,GPT-Neo/J,2.7,0.42,6.804,0.264539788,0.333617747,0.562437761,0.600631413,0.397779599,0.012888552,0.573989469,0.067073171,EleutherAI,202103.0,0.2656316764,bdsrc,,,,0.1757676298951466,0.6935620109757021,0.3167609517336279,0.6189694203011032,0.4963320601812755,0.614852066349202,0.6477419148424413,0.6263119933709427,0.7413956277273023,0.6122646544937554,0.8136312422294055,0.6041599090073816,0.8697358167517639,0.6017761015167752,0.9245927496738958,0.5946195785651902,0.9668069011409941,0.6173067839231893,0.9926653993887798,0.6468496566486626,0.3529920788124875,0.6945714200935297,0.6230675993363269
EleutherAI/gpt-neo-1.3B,GPT-Neo/J,1.3,0.38,2.964,0.248216555,0.312286689,0.484664409,0.569060773,0.39629306,0.004548901,0.561091098,0.036585366,EleutherAI,202103.0,0.2445520581,bdsrc,,,,0.13921494159033115,0.7506439516415491,0.28186758456125927,0.6420865742616649,0.45145218961265915,0.6509987987873018,0.621032860648807,0.6690308365083552,0.7522812341220828,0.6550207422573552,0.8431509237809035,0.6550647615073849,0.9093873219779274,0.6467182579636952,0.9549929516206958,0.6344574013837353,0.986296660755487,0.6524467993089296,0.9972069886665917,0.6482387951933514,0.3410770152432936,0.6937180909599358,0.6604695320473449
EleutherAI/gpt-neo-125m,GPT-Neo/J,0.125,0.3,0.225,0.259703914,0.229522184,0.302628958,0.517758485,0.455761631,0.0030326,0.502213531,0.006097561,EleutherAI,202103.0,0.2579404643,bdsrc,,,,0.7002372864442041,0.2217272304892665,0.8561491211940743,0.13014096963850996,0.877925044590225,0.14472254166782436,0.9013397777201152,0.1640618920740192,0.9287143613266998,0.1641143939571549,0.9496730767463497,0.15886718387070872,0.9629535511866678,0.15153494008119398,0.9724556748493457,0.145473585363274,0.9821479852429303,0.14653914229911114,0.9912955246613462,0.132458550033001,0.32902882247220927,0.9122970430409707,0.15596272252228172
EleutherAI/gpt-j-6b,GPT-Neo/J,6.05,0.402,14.5926,0.267839994,0.413822526,0.675363473,0.659826361,0.359624729,0.029567854,0.681077656,0.115853659,EleutherAI,202103.0,0.2693348526,bdsrc,,,,0.03839207821171633,0.9219578093741072,0.14107744947136155,0.8303565433209643,0.3383987557243156,0.7788270829740462,0.5663377064971842,0.7563996060608783,0.7108624072223396,0.7457473702718925,0.791421287022133,0.7332446712690355,0.8455822292865633,0.7273734900174958,0.8979237781676062,0.7211380221355311,0.9373299527971599,0.7233056269421252,0.9823903048600027,0.7940442616541232,0.3677694202223258,0.625006168277292,0.7732366592795097
facebook/opt-6.7b,OPT,6.7,0.18,7.236,0.245674066,0.391638225,0.686616212,0.659826361,0.351221498,0.009855951,0.594269081,0.006097561,meta,202205.0,0.2483264492,bdsrc,,,,0.09748706290670882,0.7507202119787655,0.19059964275843086,0.6617944187660075,0.3604051473065639,0.6064693779579593,0.5742810067601583,0.5835436572004274,0.7084764401297055,0.5579778521978327,0.8010432103198479,0.5396823191246644,0.8746859974688658,0.5234099382788473,0.9186057123215251,0.5141959988490133,0.9718780585587912,0.5524969052562109,0.9963566817527166,0.6196237078841018,0.417759435532184,0.6494149904833587,0.5909883503507292
facebook/opt-1.3b,OPT,1.3,0.18,1.404,0.249630458,0.295221843,0.545309699,0.597474349,0.387106758,0.0015163,0.544028761,0.0,meta,202205.0,0.2471870104,bdsrc,,,,0.19632693715397653,0.6989476931484407,0.40766643245887885,0.5661400379686198,0.6284752779838316,0.5342392928541158,0.7506261051680964,0.548447198215216,0.8147966968166188,0.5587837837785086,0.8752295681275876,0.5676449992074627,0.9052769553329925,0.5746488870785725,0.944973416008835,0.5608349086635223,0.9751897055979041,0.564907541219679,0.9944352144590562,0.5767838389377024,0.305664647540438,0.7493264191276646,0.5751361184779439
facebook/opt-350m,OPT,0.35,0.18,0.378,0.260230967,0.235494881,0.367257518,0.52644041,0.408285328,0.0030326,0.51811094,0.0,meta,202205.0,0.2612875659,bdsrc,,,,0.6586981668899887,0.24823893360810978,0.8040141328768273,0.16922181435752445,0.8177860847355,0.211572070288773,0.8190572394063337,0.2722094208349415,0.8694158932190729,0.2647551587208863,0.9045087819640282,0.25602634092051746,0.9347142514182679,0.24461231379952475,0.9642781942017015,0.22115990454454837,0.9821191187129501,0.21888024744655052,0.9941477757712227,0.1687629797031884,0.34260800106503364,0.8748821711601424,0.2275441149849994
facebook/opt-13b,OPT,13.0,0.18,14.04,0.248956622,0.399317406,0.71200956,0.685082873,0.340958399,0.017437453,0.608779356,0.006097561,meta,202205.0,0.2527417747,bdsrc,,,,0.11942533722546124,0.7860349567361653,0.2554213512410723,0.6930157812595917,0.43478376870780844,0.636680536119693,0.5980799377306083,0.6177434734610754,0.711910894347997,0.5944239782697779,0.7869067484823735,0.5832120385768728,0.8572835967859966,0.5788443115369903,0.904637035519594,0.5766798777374378,0.9611418634566515,0.6121419883603143,0.9908705172413533,0.6748270739176029,0.38694002529454835,0.662076731162992,0.6353580940460722
facebook/opt-2.7b,OPT,2.7,0.18,2.916,0.254319729,0.339590444,0.614319857,0.619573796,0.37425418,0.00227445,0.568486894,0.0,meta,202205.0,0.2543085031,bdsrc,,,,0.307352636992463,0.6615662284368369,0.4557116231476914,0.5743382534480537,0.6559306278705335,0.5425265803760938,0.7959159455092308,0.5527406009797585,0.8525630956057668,0.5636918634444047,0.8829616663229026,0.5814062195946698,0.915143096534604,0.5665153687382868,0.937963160133322,0.5568108533471692,0.9593454614522027,0.5579733068043544,0.9806283298037967,0.5554101024614245,0.2718498302602676,0.7743761022244146,0.5712953265841706
facebook/opt-30b,OPT,30.0,0.18,32.4,0.2665873,0.432593857,0.740689106,0.706393054,0.351638263,0.021986353,0.626407888,0.012195122,meta,202205.0,0.2675544794,bdsrc,,,,,,,,,,,,,,,,,,,,,,,,,,
facebook/opt-125m,OPT,0.125,0.18,0.135,0.260155876,0.228668942,0.314678351,0.516179953,0.42868758,0.00075815,0.498684238,0.0,meta,202205.0,0.2607178465,bdsrc,,,,0.9790989833498343,0.030813845921528728,0.9863597134081385,0.03341712368505944,0.9856233922220099,0.04633623820051061,0.974290601124088,0.060884453163295625,0.9766933671288759,0.0639565411256235,0.9820079319943329,0.060212634329765015,0.9863663279153775,0.0548939706905272,0.9886039457594719,0.052577343097587506,0.9900725725681485,0.04932750063789911,0.994348755819219,0.02908054051674223,0.16035412367702856,0.984346689995451,0.04815004635558254
facebook/opt-66b,OPT,66.0,0.18,71.28,0.269930021,0.46331058,0.76249751,0.700078927,0.35429656,0.016679303,0.642631463,0.012195122,meta,202205.0,,,,,,,,,,,,,,,,,,,,,,,,,,,,
mosaicml/mpt-30b,MPT,30.0,1.0,180.0,0.479981807,0.559726962,0.8242382,0.749013418,0.384155825,0.169067475,0.745335406,0.213414634,mosaicml,202306.0,0.4727246831,bdsrc,,,,,,,,,,,,,,,,,,,,,,,,,,
mosaicml/mpt-7b,MPT,7.0,1.0,42.0,0.280684314,0.476962457,0.775343557,0.721389108,0.335450604,0.040181956,0.714400118,0.164634146,mosaicml,202305.0,,bdsrc,,,,0.17689672302093334,0.9213067983859161,0.3095369977441056,0.8941021717801207,0.43707382531945865,0.873189234258105,0.5654072223192477,0.8530799032427285,0.606627581045873,0.8513761875438667,0.6632799362676126,0.8490334625711293,0.7037918183424766,0.8493688533483378,0.7485028539714754,0.8456872175404726,0.8036239917512026,0.8552859005305836,0.8925566930834447,0.8833674371982769,0.36078013712307794,0.5907556956212585,0.8675785901701293
facebook/xglm-564M,XGLM,0.564,0.5,1.692,0.251796636,0.245733788,0.346444931,0.522494081,0.404320588,0.00227445,0.585509055,0.0,meta,202112.0,0.2503916821,rllab,,,,0.9242201143321603,0.06505159866536338,0.9587903302433574,0.05652192901541737,0.9499806723718734,0.07840073509486634,0.9450349702995775,0.09791503630328771,0.9582730087311812,0.09409207559764389,0.966320246105338,0.09259954050295846,0.9772314840981053,0.08884668057242924,0.9833577095419356,0.07841881923371088,0.9880181273861929,0.08385801821085513,0.993022837783817,0.052535781873240366,0.25387738800505893,0.9644264154718977,0.0788242095808791
facebook/xglm-1.7B,XGLM,1.7,0.5,5.1,0.251004165,0.258532423,0.456781518,0.539068666,0.372063415,0.007581501,0.630680872,0.0,meta,202112.0,0.2506053269,rllab,,,,0.6537062063431334,0.26309341327426083,0.7781514717543951,0.19683516169106569,0.8090105842532698,0.2312014843453588,0.8346029339475143,0.2769999799981082,0.8726315421254418,0.26917533036733043,0.8978328451979019,0.25986218144088286,0.9204417482090904,0.24028152678417514,0.9516092980704761,0.21526598452816828,0.9723649310756368,0.22074292316008023,0.9903022899419541,0.19230274800693387,0.3368168807827997,0.8680747807396818,0.23657606377664459
facebook/xglm-4.5B,XGLM,4.5,0.5,13.5,0.254299777,0.314846416,0.579466242,0.549329124,0.358393949,0.00227445,0.658513957,0.0,meta,202112.0,0.254379718,rllab,,,,0.6891908568840533,0.30998213496704796,0.8122264550162704,0.23795477961471795,0.8617032196088377,0.26099131336046605,0.8809374225644092,0.2903592423227463,0.8905118869425609,0.30073854908235653,0.9021513487309367,0.2991629269127952,0.9189788437511367,0.29207042401998445,0.9447549067115988,0.278555016538255,0.9606222198280986,0.2728257246173494,0.9829510271666395,0.24333189864515611,0.2476868801171537,0.8844114494092257,0.27859653336260726
facebook/xglm-7.5B,XGLM,7.5,0.5,22.5,0.277886681,0.341296928,0.607747461,0.587213891,0.366615239,0.00227445,0.695550561,0.0,meta,202112.0,0.273821393,rllab,,,,0.2671226640360783,0.5912730985218795,0.4704124090939869,0.4386177799550731,0.6061891924949654,0.4036491001024492,0.7035233052781319,0.43491226161168833,0.8002970781594261,0.4345081320210187,0.8705060750181756,0.43421366361508423,0.9137450377481287,0.43843427699314347,0.9514977609176781,0.4159652904904535,0.978507192337095,0.4379711194694167,0.9932231067245358,0.4589035204076241,0.36117952472874926,0.7555252793586962,0.4488438734824703
codellama/CodeLlama-7b-hf,CodeLlama,7.0,2.52,105.84,0.311220648,0.399317406,0.608046206,0.640094712,0.378216756,0.051554208,0.72972396,0.335365854,meta,202308.0,,,,,,,,,,,,,,,,,,,,,,,,,,,,
codellama/CodeLlama-13b-hf,CodeLlama,13.0,2.52,196.56,0.328088358,0.408703072,0.633539136,0.671665351,0.437942698,0.121304018,0.734948573,0.384146341,meta,202308.0,,,,,,,,,,,,,,,,,,,,,,,,,,,,
codellama/CodeLlama-34b-hf,CodeLlama,34.0,2.52,514.08,0.550208399,0.540955631,0.758215495,0.735595896,0.391136184,0.343442002,0.786124588,0.475609756,meta,202308.0,,,,,,,,,,,,,,,,,,,,,,,,,,,,
codellama/CodeLlama-70b-hf,CodeLlama,70.0,3.02,1268.4,0.596665899,0.567406143,0.782115117,0.752170481,0.397884774,0.439727066,0.775638856,0.548780488,meta,202401.0,,,,,,,,,,,,,,,,,,,,,,,,,,,,
bigcode/starcoderbase-1b,StarCoder,1.0,1.0,6.0,0.266738816,0.226962457,0.343059152,0.499605367,0.457892866,0.009097801,0.561739334,0.146,bigcode(huggingface),202305.0,,,,,,,,,,,,,,,,,,,,,,,,,,,,
bigcode/starcoderbase-3b,StarCoder,3.0,1.0,18.0,0.273528005,0.258532423,0.391057558,0.511444357,0.43054512,0.017437453,0.597635573,0.177,bigcode(huggingface),202305.0,,,,,,,,,,,,,,,,,,,,,,,,,,,,
bigcode/starcoderbase-7b,StarCoder,7.0,1.0,42.0,0.284464385,0.298634812,0.438657638,0.543804262,0.404626336,0.054586808,0.597831124,0.244,bigcode(huggingface),202305.0,,,,,,,,,,,,,,,,,,,,,,,,,,,,
bigcode/starcoderbase,StarCoder,15.5,1.0,93.0,0.321170975,0.302901024,0.472117108,0.55801105,0.400215714,0.078847612,0.595190171,0.341,bigcode(huggingface),202305.0,,,,,,,,,,,,,,,,,,,,,,,,,,,,
bigcode/starcoder2-15b,StarCoder2,15.0,4.3,387.0,0.513458387,0.473549488,0.640908186,0.63851618,0.378734193,0.522365428,0.738282013,0.463,bigcode(huggingface),202402.0,,,,,,,,,,,,,,,,,,,,,,,,,,,,
bigcode/starcoder2-7b,StarCoder2,7.0,3.7,155.4,0.412133186,0.383105802,0.519119697,0.591949487,0.419934977,0.250947688,0.620089807,0.354,bigcode(huggingface),202402.0,,,,,,,,,,,,,,,,,,,,,,,,,,,,
bigcode/starcoder2-3b,StarCoder2,3.0,3.3,59.4,0.386486021,0.34556314,0.47619996,0.545382794,0.404869824,0.196360879,0.603682999,0.317,bigcode(huggingface),202402.0,,,,,,,,,,,,,,,,,,,,,,,,,,,,
deepseek-ai/deepseek-coder-1.3b-base,DeepSeek-Coder,1.3,2.0,15.6,0.260247316,0.257679181,0.392750448,0.527229676,0.426136821,0.029567854,0.606345816,0.287,deepseek,202311.0,,,,,,,,,,,,,,,,,,,,,,,,,,,,
deepseek-ai/deepseek-coder-6.7b-base,DeepSeek-Coder,6.7,2.0,80.4,0.38391431,0.370307167,0.53455487,0.580899763,0.402813121,0.179681577,0.678870819,0.476,deepseek,202311.0,,,,,,,,,,,,,,,,,,,,,,,,,,,,
deepseek-ai/deepseek-coder-33b-base,DeepSeek-Coder,33.0,2.0,396.0,0.409137308,0.424914676,0.599880502,0.624309392,0.399701882,0.300227445,0.696131702,0.512,deepseek,202311.0,,,,,,,,,,,,,,,,,,,,,,,,,,,,
01-ai/Yi-6B-200K,Yi-200K,6.0,3.0,108.0,0.646493014,0.535836177,0.755825533,0.74269929,0.417425955,0.303260045,,,01-ai,202311.0,,,,,,0.13021504709011264,0.9728683836416597,0.20167117783264976,0.9672657546555642,0.2834021047427992,0.9657126487465668,0.41513211949924045,0.960615259500496,0.49573034230906154,0.9656840020846353,0.5595094897833041,0.9751130074105894,0.6197456795091811,0.9695999488797886,0.6698422856532631,0.969926928546044,0.7125642880040177,0.9754509738150475,0.8329171216063038,0.973115321525992,0.449311056380217,0.4920990307047571,0.9695348717431354
01-ai/Yi-34B-200K,Yi-200K,34.0,3.0,612.0,0.755618005,0.657849829,0.820553675,0.828729282,0.426021459,0.348749052,,,01-ai,202311.0,,,,,,,,,,,,,,,,,,,,,,,,,,,,
openlm-research/open_llama_7b_v2,OpenLlamaV2,13.0,1.0,78.0,0.412939739,0.436860068,0.721967736,0.693764799,0.355392154,0.034874905,,,openlm-research(UCB),202306.0,,,,,,0.15645753882314753,0.9680273553740181,0.2538484979675565,0.9589747222395741,0.34151230267176413,0.9616815942009025,0.46270040971295984,0.9552955859350468,0.5244520329359967,0.9469257057909056,0.5823331143711324,0.9402019207471083,0.6314685397254817,0.9307531110279367,0.708948191075362,0.9264520737991888,0.8066722982856992,0.9289096296461614,0.9223406397722592,0.9369305243837853,0.37815349796977965,0.5390999350816682,0.9454143392388052
openlm-research/open_llama_3b_v2,OpenLlamaV2,3.0,1.0,18.0,0.27117981,0.402730375,0.71599283,0.670086819,0.347774532,0.009097801,,,openlm-research(UCB),202306.0,,,,,,0.08701214681060193,0.8820282939225863,0.1797540409479885,0.8395058862704292,0.31563742158895813,0.8101741392504848,0.5053491938892385,0.7864465935182244,0.6133353783487014,0.7851543360145228,0.700043726185202,0.7785702808533658,0.7613040588535935,0.7685933025030806,0.8355312116267071,0.7515398925073885,0.9052402797035523,0.773300159390996,0.9638525719785405,0.8252960065506443,0.4127670904612927,0.5867373141705516,0.8000595679862028
openlm-research/open_llama_13b,OpenLlama,13.0,0.6,46.8,0.437545283,0.511945392,0.752340171,0.720599842,0.380759673,0.032600455,,,openlm-research(UCB),202304.0,,,,,,0.0826182691331464,0.9244044639760074,0.1421353758842102,0.911607408116067,0.24451006762485739,0.9187293748816319,0.4218423438424942,0.9132708714714969,0.5255494758123613,0.9022839125369306,0.6063006238850583,0.8947996731000524,0.6794053615082153,0.8827310624461648,0.7527715591724844,0.8777049053309143,0.8746979364333107,0.8889032229665658,0.9613182673168245,0.8876390999011268,0.4372628636091327,0.529146560970069,0.9002062691282542
openlm-research/open_llama_7b,OpenLlama,7.0,1.0,42.0,0.304934081,0.470136519,0.719776937,0.679558011,0.348473071,0.015921152,,,openlm-research(UCB),202304.0,,,,,,0.08911641574609022,0.9029901417609685,0.17926106055023638,0.8786218561225041,0.35437520286498825,0.861124487805056,0.5463998884156792,0.8431396523339669,0.6492276429356009,0.8368088333265661,0.7350497384590853,0.8295415285990138,0.79741757483347,0.8146282026705841,0.8662606310919153,0.8026659120731469,0.9247775603592443,0.8155192095009629,0.9727414177026155,0.846466219638333,0.34740065233308925,0.6114948087988591,0.8431489257744124
openlm-research/open_llama_3b,OpenLlama,3.0,1.0,18.0,0.26936287,0.398464164,0.626468831,0.647198106,0.349651358,0.004548901,,,openlm-research(UCB),202304.0,,,,,,0.04133199948870861,0.9181135981695137,0.12122701729682757,0.8627695697880331,0.2761912981454514,0.798996465618422,0.5144069351627002,0.7494911381988095,0.640092967390663,0.7274712483743405,0.7179264067927483,0.7260186878880123,0.7816554603793755,0.709696073895653,0.8504693628687904,0.7029467814508976,0.9245131018611357,0.7406499779762736,0.979058769725411,0.8361200383999249,0.4308726619183918,0.5847220160068699,0.7772249367003822
openai-community/gpt2,GPT-2,0.124,,,0.258337178,0.220136519,0.315275841,0.504340963,0.40691164,0.006823351,0.483628723,,openai,201902.0,0.261572426,rllab,,,,0.732292934842787,0.19396058355372503,0.8495097789864561,0.13397895123897477,0.8498843836390656,0.1798886466363889,0.8506095638622309,0.24333434777158403,0.8885908114095697,0.26271405040556917,0.9224972797186752,0.26935377865952814,0.9541888485754518,0.2610692855578811,0.9746251052764986,0.2352928671742183,0.9856018099857786,0.2138602418306891,0.9943131870703706,0.12932572993821723,0.32550089862211273,0.9002179254514184,0.21227764164806992
openai-community/gpt2-large,GPT-2,0.774,,,0.260674031,0.257679181,0.456184027,0.55406472,0.38718452,0.008339651,,,openai,201902.0,0.255234297,rllab,,,,0.11954590069494878,0.7516503888958961,0.24764922595910455,0.6417862115653477,0.5279834307943223,0.5456550614351202,0.7314377305549616,0.523143701436866,0.8331855686002574,0.5194208475015906,0.8907933823635927,0.5247945796235914,0.9313256229012258,0.5346829709256327,0.9572138380137675,0.5383636223526703,0.977895769798073,0.5658367984649928,0.9944054396732391,0.6376569130281847,0.33089263129867535,0.7211764564096498,0.5782964859629011
internlm/internlm2-20b,InternLM2,20.0,,,0.675806686,0.629692833,0.832105158,0.855564325,0.512652004,0.679302502,,,internlm(Shanghai AI Lab),202401.0,,,,,,,,,,,,,,,,,,,,,,,,,,,,
internlm/internlm2-7b,InternLM2,7.0,,,0.652428476,0.580204778,0.812387971,0.838200474,0.487268393,0.630022745,,,internlm(Shanghai AI Lab),202401.0,,,,,,,,,,,,,,,,,,,,,,,,,,,,
deepseek-ai/deepseek-llm-67b-base,DeepSeek-LLM,67.0,2.0,804.0,0.717793274,0.65443686,0.871041625,0.841357537,0.510801367,0.567096285,,,deepseek,202311.0,,,,,,,,,,,,,,,,,,,,,,,,,,,,
deepseek-ai/deepseek-moe-16b-base,DeepSeek-MoE,16.0,2.0,192.0,0.463061136,0.532423208,0.797749452,0.737174428,0.360793034,0.172858226,,,deepseek,202311.0,0.4503631961,bdsrc,,,,0.0336635154596088,0.9368854681988711,0.09368507362940302,0.8887941905005452,0.17584008661431544,0.8529251259871328,0.33064680426229687,0.8162506126492515,0.4260926803936007,0.8053202074350555,0.5048235563139116,0.7987357574355017,0.5771185791611353,0.7838591316968245,0.6761862327596215,0.7681294991490791,0.7868685249392757,0.7521085345136552,0.9020346744803268,0.7670583650690085,0.5535512214604273,0.4507264402272618,0.8170011076913486
Deci/DeciLM-7B,DeciLM,7.0,,,0.597629389,0.593856655,0.825134435,0.79952644,0.403262533,0.473843821,,,deci,202309.0,0.5859564165,rllab,,,,0.0394738403909761,0.967235107311096,0.0660291253961627,0.9661965979505311,0.07999489581932512,0.9845035449065165,0.11095224645792078,0.9954682731052812,0.1460036410889643,0.9823250333202582,0.16432032533933694,0.9800533100695574,0.1903728039302763,0.9693494735990876,0.2213995512197533,0.9650064893712479,0.30493404507553196,0.9680120835741937,0.5274975926259113,0.9234250205174617,0.7957798043000732,0.18511601409797845,0.9701560136605553
stabilityai/stablelm-base-alpha-7b-v2,StableLM,7.0,1.1,46.2,0.450989399,0.473549488,0.770762796,0.685082873,0.364572018,0.025777104,,,stabilityai,202304.0,0.4482267483,rllab,,,,0.10876133066244613,0.8944957079870731,0.22583918353506402,0.8236297068896707,0.38820556363463593,0.7734130666500685,0.5430629905524677,0.738778229493411,0.6329428275669606,0.7082450871720828,0.7149108113666467,0.7012870455543659,0.7793570597716332,0.6836213572464613,0.8601039059865239,0.6783454660348198,0.9283436088917218,0.6978111299600469,0.9732192510510397,0.7595105375521098,0.3679691140251614,0.6155045551418572,0.7459100170807105
stabilityai/stablelm-base-alpha-3b,StableLM,3.0,1.5,27.0,0.254305266,0.264505119,0.422425812,0.539068666,0.404965786,0.004548901,,,stabilityai,202304.0,0.2503916821,rllab,,,,0.5216522021769342,0.3658999528230456,0.7015424849925056,0.23842716005991021,0.7175925732981712,0.26674937274321353,0.8000637271708699,0.2879104356775978,0.8750526060762499,0.2864290195388533,0.9310109126123248,0.2649222629497299,0.9595353094891743,0.26982020770762155,0.9814182995969357,0.2644403813239489,0.9901506716771746,0.2800481987969267,0.9956516071663335,0.22617263769021198,0.3478666045397058,0.8473812276387819,0.27507921097692123
stabilityai/stablelm-base-alpha-7b,StableLM,7.0,1.5,63.0,0.262051609,0.31996587,0.517825134,0.55406472,0.40193766,0.006065201,,,stabilityai,202304.0,0.2528129896,rllab,,,,0.09793476435797034,0.8255421009566408,0.2089785197660184,0.7232073220531293,0.3608952374300464,0.6798485831010308,0.6032731306732858,0.6510214948166732,0.7339413600418127,0.6415209700707354,0.821381955494826,0.6331086239552195,0.8841252932426451,0.6243467555465997,0.9361242709961622,0.6163343087079908,0.9711839125823081,0.6546708112781088,0.9913221999345617,0.7002769121819564,0.37269520069227186,0.6609490786588821,0.6749845054203579
stabilityai/stablelm-2-1_6b,StableLM,1.6,2.0,19.2,0.389465726,0.433447099,0.704540928,0.645619574,0.367838582,0.174374526,,,stabilityai,202304.0,0.3805013531,rllab,,,,0.28930635813801225,0.8826019632149327,0.3611518849688158,0.8847651111022777,0.42397415423072765,0.8926912058276653,0.5425400604429771,0.8972422133172169,0.594317072656609,0.9044246977154207,0.6244297529167373,0.9094000365875295,0.6527047511634612,0.9045061429979812,0.6876591749886038,0.9105174386991419,0.7481656507572458,0.9104765749411495,0.8470933541709672,0.8995030440514802,0.37475870332157357,0.5771549187409876,0.8996130034573255
RWKV/rwkv-4-169m-pile,RWKV,0.169,,,0.2317624,0.236348123,0.317367058,0.509076559,0.419232363,0.004548901,,,rwkv,202305.0,,,,,should be rwkv-4,,,,,,,,,,,,,,,,,,,,,,,
RWKV/rwkv-4-430m-pile,RWKV,0.43,,,0.248549698,0.267064846,0.400119498,0.511444357,0.395822188,0.003790751,,,rwkv,202305.0,,,,,,,,,,,,,,,,,,,,,,,,,,,,
RWKV/rwkv-4-1b5-pile,RWKV,1.5,,,0.257744696,0.318259386,0.522505477,0.5382794,0.357956961,0.0,,,rwkv,202305.0,,,,,,,,,,,,,,,,,,,,,,,,,,,,
RWKV/rwkv-4-7b-pile,RWKV,7.0,,,0.249593634,0.396757679,0.663114917,0.623520126,0.336529831,0.007581501,,,rwkv,202305.0,,,,,,,,,,,,,,,,,,,,,,,,,,,,
RWKV/rwkv-4-14b-pile,RWKV,14.0,,,0.261243635,0.444539249,0.710714997,0.6543015,0.32042194,0.003790751,,,rwkv,202305.0,,,,,,,,,,,,,,,,,,,,,,,,,,,,
RWKV/rwkv-raven-14b,RWKV,14.0,,,0.25919331,0.446245734,0.712507469,0.666929755,0.419325693,0.021228203,,,rwkv,202305.0,,,,,,,,,,,,,,,,,,,,,,,,,,,,
RWKV/rwkv-4-3b-pile,RWKV,3.0,,,0.246708722,0.360068259,0.596594304,0.583267561,0.321370226,0.006823351,,,rwkv,202305.0,,,,,,,,,,,,,,,,,,,,,,,,,,,,
togethercomputer/RedPajama-INCITE-Base-3B-v1,RedPajama-INCITE-Base,3.0,0.8,14.4,0.270278742,0.401877133,0.647679745,0.647198106,0.332348868,0.012888552,,,togetherai,202305.0,0.2681954138,rllab,,,,0.132475977500723,0.7572245231351258,0.2842052559988407,0.6341640519374488,0.45673430864512776,0.5777637094321567,0.649787341137228,0.5457340873520364,0.7769384873892727,0.5186470200462091,0.8408883082433952,0.5139473086740619,0.885995020319841,0.5139392872527874,0.9269086096645973,0.5083681820555958,0.9623434392388523,0.546773509760906,0.9847348424105711,0.6103422857402919,0.37695533515276575,0.6901311273519061,0.5726871977415315
togethercomputer/RedPajama-INCITE-Base-7B-v0.1,RedPajama-INCITE-Base,7.0,1.0,42.0,0.276821402,0.462457338,0.716291575,0.673243883,0.330347542,0.015921152,,,togetherai,202305.0,0.2762427005,rllab,,,,0.3227924117850331,0.6992640260230198,0.5541563209925019,0.5621829067008586,0.6535243279187933,0.5242598927702766,0.7287128786344057,0.50708150134261,0.7793794883418249,0.49566419950524626,0.8179084859320596,0.4899840112147013,0.8438172830557772,0.48656174914243727,0.8741951965913144,0.4736036188583746,0.9014592536937994,0.4838164022969678,0.9458914065219387,0.5310272993572618,0.3271650136457432,0.7422031335869228,0.5253411417547715
LLM360/Amber,Amber,7.0,1.259,52.878,0.268356842,0.409556314,0.737900817,0.678768745,0.335563739,0.028051554,,,llm360,202312.0,0.2756729811,rllab,,,,0.051708755995393645,0.9268566391918268,0.11483896150010986,0.904494101944802,0.25055125182891486,0.8573806089510722,0.4589265341133757,0.795785895047573,0.5868940373478384,0.7723017869979365,0.6827048311176794,0.7659928673404566,0.7561952883266909,0.7724789870834607,0.8323753073762179,0.7867943637321465,0.9240550262025898,0.8278257430515578,0.9842924953495622,0.901837173546833,0.4138986886773614,0.5642879739754832,0.83117325758643
Salesforce/codegen-6B-nl,Codegen,6.0,0.36,12.96,0.259344781,0.423208191,0.68591914,0.664561957,0.344704613,0.021986353,,,salesforce,202203.0,0.2559464464,bdsrc,,,,0.03411154748134186,0.9410741465711613,0.1300800046682997,0.8871967502991005,0.3194927303492677,0.8462725312131675,0.534695003652563,0.8224153913592936,0.6645955188529593,0.7907205149775445,0.7410311943252131,0.7836414688756749,0.8131117769089123,0.7693016476330066,0.8756367268552853,0.7730442271803757,0.9275249575994401,0.7899720404493932,0.9770599412578439,0.8435004627454897,0.37469213872062834,0.6017685314818918,0.824711327153075
Salesforce/codegen-16B-nl,Codegen,16.0,0.36,34.56,0.323543017,0.467576792,0.718681538,0.679558011,0.339466724,0.026535254,,,salesforce,202203.0,0.316550349,bdsrc,,,,0.04076066998265249,0.928461854858949,0.13281756061582048,0.868284402177815,0.31042902860273713,0.8200269689539132,0.5045560146055128,0.7886674090739542,0.6457678036157086,0.7732472707779128,0.7332757947119539,0.7725969989438414,0.8096248293620831,0.7745610889429368,0.8731096566708654,0.7766913911330994,0.9315453258574724,0.7943112092073426,0.9801858294062731,0.8512717047334328,0.38314584304067095,0.5962409160518456,0.8148100372099578
,,,,,,,,,,,,,,,,,,,,,,,,,,,,,,,,,,,,,,,,,,
,,,,,,,,,,,,,,,,,,,,,,,,,,,,,,,,,,,,,,,,,,
,,,,,,,,,,,,,,,,,,,,,,,,,,,,,,,,,,,,,,,,,,
,,,,,,,,,,,,,,,,,,,,,,,,,,,,,,,,,,,,,,,,,,
,,,,,,,,,,,,,,,,,,,,,,,,,,,,,,,,,,,,,,,,,,
openai-community/gpt2,GPT-2,0.355,,,,,,,,,,,openai,201902.0,0.263780088,rllab,,,,0.732292934842787,0.19396058355372503,0.8495097789864561,0.13397895123897477,0.8498843836390656,0.1798886466363889,0.8506095638622309,0.24333434777158403,0.8885908114095697,0.26271405040556917,0.9224972797186752,0.26935377865952814,0.9541888485754518,0.2610692855578811,0.9746251052764986,0.2352928671742183,0.9856018099857786,0.2138602418306891,0.9943131870703706,0.12932572993821723,0.32550089862211273,0.9002179254514184,0.21227764164806992
openai-community/gpt2-large,GPT-2,1.5,,,,,,,,,,,openai,201902.0,0.263139154,rllab,,,,0.11954590069494878,0.7516503888958961,0.24764922595910455,0.6417862115653477,0.5279834307943223,0.5456550614351202,0.7314377305549616,0.523143701436866,0.8331855686002574,0.5194208475015906,0.8907933823635927,0.5247945796235914,0.9313256229012258,0.5346829709256327,0.9572138380137675,0.5383636223526703,0.977895769798073,0.5658367984649928,0.9944054396732391,0.6376569130281847,0.33089263129867535,0.7211764564096498,0.5782964859629011
