Model,Model Family,Model Size (B),Pretraining Data Size (T),FLOPs (1E21),MMLU,ARC-C,HellaSwag,Winograd,TruthfulQA,GSM8K,XWinograd,HumanEval,Company,Release Date,MMLU-ours,platform,Unnamed: 17,Unnamed: 18,Unnamed: 19,0_5007_brier,0_5007_san,5007_10015_brier,5007_10015_san,10015_15023_brier,10015_15023_san,acc,brier,san
meta-llama/Llama-2-7b-hf,Llama-2,7.0,2.0,84.0,0.437960964,0.530716724,0.777434774,0.740331492,0.389802028,0.144806672,0.754881273,0.12804878,meta,202307.0,0.458624128,rllab,,,,0.17387446416015329,0.835527333737296,0.4044987002727058,0.7896653584262332,0.6252978312133549,0.7724389393422331,0.5304533049324369,0.4012387986242451,0.7992081264226282
meta-llama/Llama-2-13b-hf,Llama-2,13.0,2.0,156.0,0.543378428,0.58105802,0.809699263,0.766377269,0.34172403,0.228203184,0.786798487,0.182926829,meta,202307.0,0.5491382994,bdsrc,,,,0.06554300170325188,0.9096678064501935,0.24969763619175317,0.8714189801053248,0.4972861945473423,0.8449015484681369,0.6848831791253411,0.27085594314514994,0.8753271592885616
meta-llama/Llama-2-70b-hf,Llama-2,70.0,2.0,840.0,0.698320892,0.673208191,0.873332006,0.837411208,0.449234937,0.540561031,0.824453228,0.298780488,meta,202307.0,,,,,,,,,,,,,,
huggyllama/llama-7b,Llama,6.7,1.0,40.2,0.356933064,0.509385666,0.778131846,0.714285714,0.343279329,0.080363912,0.693204495,0.12804878,meta,202302.0,0.34952286,rllab,,,,0.19934346032272307,0.9001619083810937,0.5542879097079483,0.8420627595523765,0.7986658628254517,0.8666971896411738,0.38880383412101444,0.5174535844161053,0.8696385875541148
huggyllama/llama-13b,Llama,13.0,1.0,78.0,0.476105883,0.561433447,0.809201354,0.762430939,0.394788826,0.075815011,0.730361681,0.158536585,meta,202302.0,,,,,,0.11037556463017197,0.9814197417583412,0.42138759162251893,0.9976863283232392,0.6873436802109354,0.9990518894949979,0.5153431405178726,0.4063886481691541,0.9927200720107674
huggyllama/llama-30b,Llama,32.5,1.4,273.0,0.584466128,0.614334471,0.847341167,0.800315706,0.42273876,0.148597422,0.771147904,0.207317073,meta,202302.0,,,,,,,,,,,,,,
huggyllama/llama-65b,Llama,65.2,1.4,547.68,0.639306418,0.634812287,0.860884286,0.825572218,0.434287607,0.372251706,0.776834807,0.231707317,meta,202302.0,,,,,,,,,,,,,,
meta-llama/Meta-Llama-3-70B,Llama-3,70.0,15.0,6300.0,0.792329339,,0.87980482,0.853196527,0.455623682,0.768764215,0.844706094,0.524390244,meta,202404.0,,,,,,,,,,,,,,
meta-llama/Meta-Llama-3-8B,Llama-3,8.0,15.0,720.0,0.664949549,,0.820155348,0.771112865,0.439522651,0.453373768,0.801151665,0.384146341,meta,202404.0,0.651687794,rllab,,,,,,,,,,,,
Qwen/Qwen1.5-72B,Qwen1.5,72.0,3.0,1296.0,0.772014583,0.658703072,0.859888468,0.830307814,0.596080564,0.657316149,0.825768095,0.451219512,alibaba,202402.0,,,,,,,,,,,,,,
Qwen/Qwen1.5-32B,Qwen1.5,32.0,4.0,768.0,0.742996128,0.635665529,0.850029875,0.814522494,0.573944434,0.611068992,0.791176059,0.420731707,alibaba,202402.0,,,,,,0.014188173419287358,0.9725783682913499,0.045400134507766345,1.005918103611557,0.0959120952384756,0.9930521317937875,0.9322372362377688,0.051835973565835816,0.9905173952569253
Qwen/Qwen1.5-14B,Qwen1.5,14.0,4.0,336.0,0.693602647,0.565699659,0.810794662,0.73480663,0.520609239,0.676269901,0.777502468,0.396341463,alibaba,202402.0,,,,,,0.02767446780696697,0.9908518096233508,0.13198691302345628,1.0186349974277986,0.27633560599612395,1.011553646033339,0.8126872129401584,0.1453401607907573,1.0070145601569238
Qwen/Qwen1.5-7B,Qwen1.5,7.0,4.0,168.0,0.619700217,0.541808874,0.785102569,0.712707182,0.51082277,0.53525398,0.752361398,0.347560976,alibaba,202402.0,0.604828372,rllab,,,,0.11539894896758267,0.9332330340729633,0.21705809797296938,0.9530464020897494,0.3598011167780017,0.9433880793064148,0.7222924848565533,0.23076039971733658,0.9432231701015275
Qwen/Qwen1.5-4B,Qwen1.5,4.0,2.4,57.6,0.565235196,0.484641638,0.715793667,0.662194159,0.472731898,0.522365428,0.688785439,0.262195122,alibaba,202402.0,0.5526278308,rllab,,,,0.2767045442271714,0.8620378759907331,0.350234448706152,0.8924706757537252,0.5348017045006971,0.8997755697587486,0.5406376888770552,0.38725425735241636,0.8847628864149663
Qwen/Qwen1.5-1.8B,Qwen1.5,1.8,2.4,25.92,0.467083853,0.37883959,0.614220275,0.602999211,0.394278142,0.3358605,0.643824663,0.182926829,alibaba,202402.0,0.4600484262,rllab,,,,0.28127772420458746,0.636748275343035,0.5428495689728073,0.6096173143427792,0.7251395295460803,0.5914428746778003,0.40191706050722226,0.5164379265442965,0.6126012142220376
Qwen/Qwen1.5-0.5B,Qwen1.5,0.5,2.4,7.2,0.393533408,0.314846416,0.490539733,0.572217837,0.382992684,0.163002274,0.575621493,0.115853659,alibaba,202402.0,0.3886198547,rllab,,,,0.30341096756292824,0.8098780420333769,0.5410232910286228,0.8005169264874281,0.7731348255877883,0.7908706214141948,0.3486653797510484,0.5392053892433339,0.8004212338649006
Qwen/Qwen-72B,Qwen,72.0,3.0,1296.0,0.773737575,0.651877133,0.85939056,0.824782952,0.601910952,0.704321456,0.828731413,0.37195122,alibaba,202311.0,,,,,,,,,,,,,,
Qwen/Qwen-14B,Qwen,14.0,3.0,252.0,0.677042803,0.582764505,0.839872535,0.767955801,0.494329446,0.589840788,0.791508524,0.353658537,alibaba,202309.0,,,,,,,,,,,,,,
Qwen/Qwen-7B,Qwen,7.0,2.4,100.8,0.598387921,0.513651877,0.784704242,0.72691397,0.477859305,0.449583017,0.734576728,0.317073171,alibaba,202308.0,0.5828941746,rllab,,,,0.3052157664696044,0.921843125712804,0.4135162379565191,0.9489447235998342,0.5645466365511382,0.944188933828667,0.4908473673700326,0.42776770407026826,0.9383266915293891
mistralai/Mistral-7B-v0.1,Mistral,7.3,,,0.641644838,0.599829352,0.833100976,0.786108919,0.421531711,0.370735406,0.781857102,0.274390244,mistral,202309.0,0.62590799,rllab,,,,0.04841265472991537,0.9653671517402147,0.12856594990256948,0.9867632205442025,0.2001356082228616,0.9804683019009126,0.8911003128536245,0.1257098825351028,0.9775337012027142
mistralai/Mixtral-8x7B-v0.1,Mixtral,45.0,,,0.718783933,0.663822526,0.864568811,0.816890292,0.46805433,0.576194086,0.800190967,0.335365854,mistral,202312.0,,,,,,,,,,,,,,
01-ai/Yi-6B,Yi,6.0,3.0,108.0,0.641070914,0.555460751,0.765684127,0.741910024,0.419616075,0.121304018,0.723879126,0.158536585,01-ai,202311.0,0.6344537815,bdsrc,,,,0.17715958839139942,0.9293908105078336,0.4163235189453201,0.9537375429994003,0.6028850662062082,0.9645146585286427,0.5988151501031751,0.3988041438803569,0.9492156568904434
01-ai/Yi-34B,Yi,34.0,3.0,612.0,0.763515673,0.645904437,0.856901016,0.830307814,0.562308393,0.506444276,0.795640491,0.268292683,01-ai,202311.0,,,,,,,,,,,,,,
google/gemma-7b,Gemma,7.0,6.0,252.0,0.660274573,0.610921502,0.824736108,0.784530387,0.449054884,0.527672479,0.783899856,0.335365854,google,202402.0,0.6509756445,bdsrc,,,,0.016649210398207166,0.9597555284712966,0.04118647961590398,0.9858055513471919,0.08259475170705421,0.9759200036711304,0.9387605671304,0.04681215489111347,0.9738279644936092
google/gemma-2b,Gemma,2.0,6.0,72.0,0.417731464,0.483788396,0.71768572,0.662983425,0.330844343,0.169067475,0.709318357,0.231707317,google,202402.0,0.4119071357,bdsrc,,,,0.4839366891376817,0.9352340179374267,0.46675940226205387,0.9420843491940409,0.514571098473566,0.9477072576327626,0.43100579112028226,0.4884226952137614,0.941675637010013
tiiuae/falcon-180B,Falcon,180.0,3.5,3780.0,0.695866104,0.691979522,0.88886676,0.868981847,0.451569509,0.459438969,0.844553352,,tiiuae,202309.0,,,,,,,,,,,,,,
tiiuae/falcon-40b,Falcon,40.0,1.0,240.0,0.569797005,0.619453925,0.852818164,0.812943962,0.417169225,0.214556482,0.784630576,,tiiuae,202309.0,,,,,,,,,,,,,,
tiiuae/falcon-7b,Falcon,7.0,1.5,63.0,0.277854702,0.478668942,0.781318462,0.723756906,0.342638255,0.046247157,0.717572363,,tiiuae,202309.0,0.2707591511,bdsrc,,,,0.4459955232371444,0.6162065154396017,0.5474519482976489,0.6003699603007157,0.6978009096856663,0.5524239190971112,0.336284363975238,0.5637572986506599,0.5896650316734632
tiiuae/falcon-rw-1b,Falcon,1.0,0.35,2.1,0.252803188,0.350682594,0.635630353,0.620363062,0.35955599,0.005307051,0.535498701,,tiiuae,202307.0,0.2507477567,bdsrc,,,,0.1608811302076734,0.7042486778987397,0.5842473847114965,0.6326990261288563,0.9219347895286233,0.6800502294870874,0.3598482327098449,0.5557140482955714,0.672330520026871
microsoft/phi-2,Phi,2.7,1.4,22.68,0.579202667,0.610068259,0.749153555,0.73480663,0.442368784,0.549658832,0.526666391,0.493902439,miscrosoft,202306.0,0.5694345535,bdsrc,,,,0.06048292707414576,0.8710817445332997,0.4103642599495846,0.7917292027134645,0.7343200191573555,0.775914446522807,0.5423683685016308,0.40174511652984213,0.8129045923086932
microsoft/phi-1_5,Phi,1.3,0.15,1.17,0.438864678,0.529010239,0.637920733,0.722178374,0.408899386,0.124336619,0.511112784,0.341463415,miscrosoft,202306.0,0.4246546076,bdsrc,,,,0.10037987013510286,0.8518247505959599,0.5938991209197064,0.7034052803214701,0.9195003862546912,0.7776892605823515,0.3981894428542901,0.5379555842172586,0.7776348257392228
EleutherAI/pythia-1b-deduped,Pythia,1.0,0.3,1.8,0.242710646,0.290955631,0.496514639,0.535911602,0.389393782,0.011372252,0.56099166,0.042682927,EleutherAI,202302.0,0.2493946731,bdsrc,,,,0.15985069315389897,0.6035832616003645,0.5658639028008065,0.5195825509399601,0.9020375461897757,0.5639393573641623,0.3690341476402849,0.5426095238744826,0.5623656465166788
EleutherAI/pythia-410m-deduped,Pythia,0.41,0.3,0.738,0.259888196,0.248293515,0.412865963,0.543804262,0.409475786,0.0030326,0.536312165,0.012195122,EleutherAI,202302.0,0.2551630822,bdsrc,,,,0.16916425946456864,0.584307513877515,0.6666020762375784,0.5123400577167357,0.9398409239465996,0.5739914418723159,0.33914664181588233,0.5918972237277169,0.5568778454321178
EleutherAI/pythia-6.9b-deduped,Pythia,6.9,0.3,12.42,0.264809441,0.412969283,0.670483967,0.640883978,0.351945849,0.016679303,0.652470454,0.085365854,EleutherAI,202302.0,0.2605754166,bdsrc,,,,0.1127287820801355,0.7458963284962377,0.6061473324175248,0.6411216800450674,0.9054017809029898,0.7050608637263504,0.39033481994275443,0.5414545011904655,0.6973563932628568
EleutherAI/pythia-2.8b-deduped,Pythia,2.8,0.3,5.04,0.267846374,0.362627986,0.60655248,0.602209945,0.355597823,0.008339651,0.639989047,0.048780488,EleutherAI,202302.0,0.2663438257,bdsrc,,,,0.08619939120243991,0.9044836104590305,0.6248023986969597,0.7952200678411109,0.9270948754105667,0.8542430332500422,0.3852759102709179,0.5460628303588562,0.8513120314073662
EleutherAI/pythia-12b-deduped,Pythia,12.0,0.3,21.6,0.256306029,0.413822526,0.702648875,0.664561957,0.329988729,0.014404852,0.682420515,0.115853659,EleutherAI,202302.0,0.2617148554,bdsrc,,,,0.08522559667262186,0.8803361552150107,0.6136332621774231,0.8005745245718968,0.9142627592351767,0.8306912241217713,0.4032483525261266,0.5377373252861676,0.8371977633375075
EleutherAI/pythia-70m-deduped,Pythia,0.07,0.3,0.126,0.25260507,0.210750853,0.271659032,0.496448303,0.475143855,0.0,0.510099914,0.0,EleutherAI,202302.0,0.2573707449,bdsrc,,,,0.7752046786761846,0.029828706936330492,0.798852139846906,0.05342132267179815,0.7822230411877829,0.041423672429469656,0.1086999933435399,0.7854273003230623,0.04155868142829994
EleutherAI/pythia-1.4b-deduped,Pythia,1.4,0.3,2.52,0.255554967,0.326791809,0.549591715,0.573007103,0.386584645,0.008339651,0.594062854,0.042682927,EleutherAI,202302.0,0.2502492522,bdsrc,,,,0.1333480514324336,0.66147323073869,0.654070100345958,0.6022112007170121,0.9240311756051803,0.6382064740862616,0.36477401317979097,0.5705122068485334,0.6339618040154028
EleutherAI/pythia-160m-deduped,Pythia,0.16,0.3,0.288,0.24860575,0.240614334,0.313881697,0.513812155,0.443404464,0.00227445,0.523599803,0.0,EleutherAI,202302.0,0.2527417747,bdsrc,,,,0.28395793750282855,0.13642214381109546,0.6671208181037802,0.14935590533017487,0.8922270433897337,0.17092719491455688,0.3110563802170006,0.6144572644236307,0.15223613393382
bigscience/bloom-560m,BLOOM,0.56,0.341,1.14576,0.242154121,0.247440273,0.371539534,0.519337017,0.424442817,0.0030326,0.578551515,0.006097561,bigscience(huggingface),202207.0,0.2444096283,rllab,,,,0.08930641984429799,0.6939349807782592,0.7152834984509151,0.5354478099035025,0.963008114959885,0.6342892130727208,0.36304333355521534,0.5892326195914049,0.6212191612741599
bigscience/bloom-1b1,BLOOM,1.1,0.341,2.2506,0.267021483,0.283276451,0.427803226,0.55011839,0.41797167,0.00227445,0.609512962,0.0,bigscience(huggingface),202207.0,0.2658453212,rllab,,,,0.20381256011400578,0.4976295078354351,0.7468617006143092,0.45132135253242006,0.9233332317102139,0.48394623210075255,0.3076615855687945,0.6246971782980797,0.477631033054309
bigscience/bloom-3b,BLOOM,3.0,0.341,6.138,0.265925092,0.357508532,0.543716391,0.576164167,0.40572463,0.015163002,0.664767416,0.018292683,bigscience(huggingface),202207.0,0.2593647629,rllab,,,,0.1648898646102118,0.532369362761928,0.6748732242896758,0.49670342946229473,0.9163810066639579,0.5203380655102887,0.34513745590095185,0.5854093550368875,0.5164692275957966
bigscience/bloom-7b1,BLOOM,7.1,0.341,14.5266,0.262462224,0.411262799,0.619996017,0.6543015,0.388978422,0.013646702,0.697719119,0.048780488,bigscience(huggingface),202207.0,0.2629967241,rllab,,,,0.23604707297779173,0.7039937867124241,0.6524768066157629,0.6154253258106311,0.869850177997703,0.6762898983245201,0.32709844904479796,0.586147988640356,0.6652337570750168
bigscience/bloom,BLOOM,176.0,0.366,386.496,0.308540091,0.504266212,0.764090819,0.720599842,0.397596228,0.06899166,0.735544419,0.12195122,bigscience(huggingface),202207.0,,,,,,,,,,,,,,
EleutherAI/gpt-neox-20b,GPT-Neo/J,20.0,0.472,56.64,0.250025953,0.457337884,0.734515037,0.689029203,0.31613146,0.054586808,0.716280975,0.12804878,EleutherAI,202103.0,0.2487537388,bdsrc,,,,0.13638453145597576,0.8251792190340256,0.6742131379639095,0.7357128041630764,0.9161418937999912,0.7797552021682126,0.35359116022099446,0.5756090892680361,0.7802127488125168
EleutherAI/gpt-neo-2.7B,GPT-Neo/J,2.7,0.42,6.804,0.264539788,0.333617747,0.562437761,0.600631413,0.397779599,0.012888552,0.573989469,0.067073171,EleutherAI,202103.0,0.2656316764,bdsrc,,,,0.15596992843878146,0.6255548460073826,0.6488007848343066,0.6095054558069692,0.9241878295309195,0.6341429928493296,0.3529920788124875,0.5763474946704387,0.6230675993363269
EleutherAI/gpt-neo-1.3B,GPT-Neo/J,1.3,0.38,2.964,0.248216555,0.312286689,0.484664409,0.569060773,0.39629306,0.004548901,0.561091098,0.036585366,EleutherAI,202103.0,0.2445520581,bdsrc,,,,0.13432883820267177,0.6626833514841398,0.6852600517587553,0.6511149845094424,0.9604251440652812,0.6676107022050507,0.3410770152432936,0.5933685651046781,0.6604695320473449
EleutherAI/gpt-neo-125m,GPT-Neo/J,0.125,0.3,0.225,0.259703914,0.229522184,0.302628958,0.517758485,0.455761631,0.0030326,0.502213531,0.006097561,EleutherAI,202103.0,0.2579404643,bdsrc,,,,0.25298398779908965,0.1551024096471457,0.6381647450397919,0.1607661615080093,0.8626413153352985,0.1520194246239745,0.32902882247220927,0.5846187563914341,0.15596272252228172
EleutherAI/gpt-j-6b,GPT-Neo/J,6.05,0.402,14.5926,0.267839994,0.413822526,0.675363473,0.659826361,0.359624729,0.029567854,0.681077656,0.115853659,EleutherAI,202103.0,0.2693348526,bdsrc,,,,0.13657503195974155,0.8190969359588389,0.6525145884123468,0.7395076179535793,0.8988362384337003,0.7611145813296033,0.3677694202223258,0.5626703139098309,0.7732366592795097
facebook/opt-6.7b,OPT,6.7,0.18,7.236,0.245674066,0.391638225,0.686616212,0.659826361,0.351221498,0.009855951,0.594269081,0.006097561,meta,202205.0,0.2483264492,bdsrc,,,,0.06631422374970063,0.6494977200004843,0.5903273820852231,0.5497992898643408,0.9140913401657899,0.5736797243682235,0.417759435532184,0.5236080862243122,0.5909883503507292
facebook/opt-1.3b,OPT,1.3,0.18,1.404,0.249630458,0.295221843,0.545309699,0.597474349,0.387106758,0.0015163,0.544028761,0.0,meta,202205.0,0.2471870104,bdsrc,,,,0.22109347321425848,0.5754269152353636,0.7204692711942525,0.5583098829305555,0.9448735276481257,0.5916716153343543,0.305664647540438,0.6288392303126144,0.5751361184779439
facebook/opt-350m,OPT,0.35,0.18,0.378,0.260230967,0.235494881,0.367257518,0.52644041,0.408285328,0.0030326,0.51811094,0.0,meta,202205.0,0.2612875659,bdsrc,,,,0.24194817219210651,0.20059908883213215,0.6124825017878617,0.26117525308630407,0.8833377533814205,0.22085262263996325,0.34260800106503364,0.5792785952242343,0.2275441149849994
facebook/opt-13b,OPT,13.0,0.18,14.04,0.248956622,0.399317406,0.71200956,0.685082873,0.340958399,0.017437453,0.608779356,0.006097561,meta,202205.0,0.2527417747,bdsrc,,,,0.13336016730946496,0.6847695632668912,0.602867066700698,0.5880705860532843,0.9056761275507137,0.6332439993254748,0.38694002529454835,0.5473286743346558,0.6353580940460722
facebook/opt-2.7b,OPT,2.7,0.18,2.916,0.254319729,0.339590444,0.614319857,0.619573796,0.37425418,0.00227445,0.568486894,0.0,meta,202205.0,0.2543085031,bdsrc,,,,0.28356080168233005,0.5668520656977325,0.761641183853391,0.569061241705297,0.9182661278199857,0.5779717851168876,0.2718498302602676,0.6545140618307678,0.5712953265841706
facebook/opt-30b,OPT,30.0,0.18,32.4,0.2665873,0.432593857,0.740689106,0.706393054,0.351638263,0.021986353,0.626407888,0.012195122,meta,202205.0,0.2675544794,bdsrc,,,,0.2942126558846822,0.7219272367391321,0.6349877597245477,0.6495157567637799,0.8775796813876102,0.6891925949205917,0.2983425414364641,0.6022805373829665,0.686876196471291
facebook/opt-125m,OPT,0.125,0.18,0.135,0.260155876,0.228668942,0.314678351,0.516179953,0.42868758,0.00075815,0.498684238,0.0,meta,202205.0,0.2607178465,bdsrc,,,,0.6912857531452041,0.03473845811034706,0.7190680106954175,0.06125144729700256,0.7892933204064779,0.048457555626601666,0.16035412367702856,0.7332184857988638,0.04815004635558254
facebook/opt-66b,OPT,66.0,0.18,71.28,0.269930021,0.46331058,0.76249751,0.700078927,0.35429656,0.016679303,0.642631463,0.012195122,meta,202205.0,,,,,,,,,,,,,,
mosaicml/mpt-30b,MPT,30.0,1.0,180.0,0.479981807,0.559726962,0.8242382,0.749013418,0.384155825,0.169067475,0.745335406,0.213414634,mosaicml,202306.0,0.4727246831,bdsrc,,,,0.22083479657788452,0.9150856745447493,0.3471663383254874,0.8996881997741727,0.4696998126009262,0.888884621373757,0.6264394594954403,0.34590864077114686,0.9012185755677559
mosaicml/mpt-7b,MPT,7.0,1.0,42.0,0.280684314,0.476962457,0.775343557,0.721389108,0.335450604,0.040181956,0.714400118,0.164634146,mosaicml,202305.0,,bdsrc,,,,0.2880453874599071,0.8855247451371979,0.5912485305168447,0.8497437453121875,0.7605742742331733,0.8674708635584106,0.36078013712307794,0.5466399428343092,0.8675785901701293
facebook/xglm-564M,XGLM,0.564,0.5,1.692,0.251796636,0.245733788,0.346444931,0.522494081,0.404320588,0.00227445,0.585509055,0.0,meta,202112.0,0.2503916821,rllab,,,,0.4481471776216255,0.06298064750337254,0.6753902792532015,0.0936594723742495,0.8460775061994574,0.07982934521444096,0.25387738800505893,0.6565521924980605,0.0788242095808791
facebook/xglm-1.7B,XGLM,1.7,0.5,5.1,0.251004165,0.258532423,0.456781518,0.539068666,0.372063415,0.007581501,0.630680872,0.0,meta,202112.0,0.2506053269,rllab,,,,0.2505756596902468,0.2186748916251017,0.6317977700221168,0.2621259663905694,0.869896836612487,0.22892375879905727,0.3368168807827997,0.584112289029835,0.23657606377664459
facebook/xglm-4.5B,XGLM,4.5,0.5,13.5,0.254299777,0.314846416,0.579466242,0.549329124,0.358393949,0.00227445,0.658513957,0.0,meta,202112.0,0.254379718,rllab,,,,0.4310499621061833,0.25987906008066614,0.6908928654702362,0.2967305288032363,0.8524794088996054,0.27917627368929043,0.2476868801171537,0.658155861699383,0.27859653336260726
facebook/xglm-7.5B,XGLM,7.5,0.5,22.5,0.277886681,0.341296928,0.607747461,0.587213891,0.366615239,0.00227445,0.695550561,0.0,meta,202112.0,0.273821393,rllab,,,,0.1599970064549731,0.4596823953291021,0.6354143739054853,0.42971873286500467,0.9190814107628626,0.45713265649488455,0.36117952472874926,0.5715249884137061,0.4488438734824703
codellama/CodeLlama-7b-hf,CodeLlama,7.0,2.52,105.84,0.311220648,0.399317406,0.608046206,0.640094712,0.378216756,0.051554208,0.72972396,0.335365854,meta,202308.0,,,,,,,,,,,,,,
codellama/CodeLlama-13b-hf,CodeLlama,13.0,2.52,196.56,0.328088358,0.408703072,0.633539136,0.671665351,0.437942698,0.121304018,0.734948573,0.384146341,meta,202308.0,,,,,,,,,,,,,,
codellama/CodeLlama-34b-hf,CodeLlama,34.0,2.52,514.08,0.550208399,0.540955631,0.758215495,0.735595896,0.391136184,0.343442002,0.786124588,0.475609756,meta,202308.0,,,,,,,,,,,,,,
codellama/CodeLlama-70b-hf,CodeLlama,70.0,3.02,1268.4,0.596665899,0.567406143,0.782115117,0.752170481,0.397884774,0.439727066,0.775638856,0.548780488,meta,202401.0,,,,,,,,,,,,,,
bigcode/starcoderbase-1b,StarCoder,1.0,1.0,6.0,0.266738816,0.226962457,0.343059152,0.499605367,0.457892866,0.009097801,0.561739334,0.146,bigcode(huggingface),202305.0,,,,,,,,,,,,,,
bigcode/starcoderbase-3b,StarCoder,3.0,1.0,18.0,0.273528005,0.258532423,0.391057558,0.511444357,0.43054512,0.017437453,0.597635573,0.177,bigcode(huggingface),202305.0,,,,,,,,,,,,,,
bigcode/starcoderbase-7b,StarCoder,7.0,1.0,42.0,0.284464385,0.298634812,0.438657638,0.543804262,0.404626336,0.054586808,0.597831124,0.244,bigcode(huggingface),202305.0,,,,,,,,,,,,,,
bigcode/starcoderbase,StarCoder,15.5,1.0,93.0,0.321170975,0.302901024,0.472117108,0.55801105,0.400215714,0.078847612,0.595190171,0.341,bigcode(huggingface),202305.0,,,,,,,,,,,,,,
bigcode/starcoder2-15b,StarCoder2,15.0,4.3,387.0,0.513458387,0.473549488,0.640908186,0.63851618,0.378734193,0.522365428,0.738282013,0.463,bigcode(huggingface),202402.0,,,,,,,,,,,,,,
bigcode/starcoder2-7b,StarCoder2,7.0,3.7,155.4,0.412133186,0.383105802,0.519119697,0.591949487,0.419934977,0.250947688,0.620089807,0.354,bigcode(huggingface),202402.0,,,,,,,,,,,,,,
bigcode/starcoder2-3b,StarCoder2,3.0,3.3,59.4,0.386486021,0.34556314,0.47619996,0.545382794,0.404869824,0.196360879,0.603682999,0.317,bigcode(huggingface),202402.0,,,,,,,,,,,,,,
deepseek-ai/deepseek-coder-1.3b-base,DeepSeek-Coder,1.3,2.0,15.6,0.260247316,0.257679181,0.392750448,0.527229676,0.426136821,0.029567854,0.606345816,0.287,deepseek,202311.0,,,,,,,,,,,,,,
deepseek-ai/deepseek-coder-6.7b-base,DeepSeek-Coder,6.7,2.0,80.4,0.38391431,0.370307167,0.53455487,0.580899763,0.402813121,0.179681577,0.678870819,0.476,deepseek,202311.0,,,,,,,,,,,,,,
deepseek-ai/deepseek-coder-33b-base,DeepSeek-Coder,33.0,2.0,396.0,0.409137308,0.424914676,0.599880502,0.624309392,0.399701882,0.300227445,0.696131702,0.512,deepseek,202311.0,,,,,,,,,,,,,,
01-ai/Yi-6B-200K,Yi-200K,6.0,3.0,108.0,0.646493014,0.535836177,0.755825533,0.74269929,0.417425955,0.303260045,,,01-ai,202311.0,,,,,,0.2124170795029218,0.9620311833389449,0.5127132746669891,0.9677502499436081,0.7159441150667484,0.9788216836065179,0.449311056380217,0.4803759918030823,0.9695348717431354
01-ai/Yi-34B-200K,Yi-200K,34.0,3.0,612.0,0.755618005,0.657849829,0.820553675,0.828729282,0.426021459,0.348749052,,,01-ai,202311.0,,,,,,,,,,,,,,
openlm-research/open_llama_7b_v2,OpenLlamaV2,13.0,1.0,78.0,0.412939739,0.436860068,0.721967736,0.693764799,0.355392154,0.034874905,,,openlm-research(UCB),202306.0,,,,,,0.2621397805865008,0.9535962473791845,0.5357407430774654,0.9408826810634406,0.7635588787684675,0.9417657230413955,0.37815349796977965,0.5204969971111669,0.9454143392388052
openlm-research/open_llama_3b_v2,OpenLlamaV2,3.0,1.0,18.0,0.27117981,0.402730375,0.71599283,0.670086819,0.347774532,0.009097801,,,openlm-research(UCB),202306.0,,,,,,0.14170874511595496,0.8201287630913348,0.569735240087158,0.7783979656079506,0.8444361856102511,0.8016559826864614,0.4127670904612927,0.5186518129992844,0.8000595679862028
openlm-research/open_llama_13b,OpenLlama,13.0,0.6,46.8,0.437545283,0.511945392,0.752340171,0.720599842,0.380759673,0.032600455,,,openlm-research(UCB),202304.0,,,,,,0.1439831549329715,0.9078680612834261,0.5316701711335546,0.8978144032654393,0.8121612474418451,0.8949378727464653,0.4372628636091327,0.49596161891599466,0.9002062691282542
openlm-research/open_llama_7b,OpenLlama,7.0,1.0,42.0,0.304934081,0.470136519,0.719776937,0.679558011,0.348473071,0.015921152,,,openlm-research(UCB),202304.0,,,,,,0.1855821430257474,0.8597844837188575,0.6311517422250378,0.8297196410854709,0.876728633940705,0.8399459743156156,0.34740065233308925,0.5645127280814733,0.8431489257744124
openlm-research/open_llama_3b,OpenLlama,3.0,1.0,18.0,0.26936287,0.398464164,0.626468831,0.647198106,0.349651358,0.004548901,,,openlm-research(UCB),202304.0,,,,,,0.10665295132775844,0.8348475772057755,0.5730771978498622,0.7226921688316472,0.8552621421999388,0.7741465701820369,0.4308726619183918,0.5116910565311501,0.7772249367003822
openai-community/gpt2,GPT-2,0.124,,,0.258337178,0.220136519,0.315275841,0.504340963,0.40691164,0.006823351,0.483628723,,openai,201902.0,0.261572426,rllab,,,,0.23546864191389394,0.160041626926894,0.6471858755537225,0.2590462693217748,0.8983140816098627,0.21773459818142027,0.32550089862211273,0.5936800423043422,0.21227764164806992
openai-community/gpt2-large,GPT-2,0.774,,,0.260674031,0.257679181,0.456184027,0.55406472,0.38718452,0.008339651,,,openai,201902.0,0.255234297,rllab,,,,0.15924259844853153,0.6178902777611817,0.7284426734209811,0.5224812926487958,0.9497693333872269,0.5945257935873179,0.33089263129867535,0.612515038309747,0.5782964859629011
internlm/internlm2-20b,InternLM2,20.0,,,0.675806686,0.629692833,0.832105158,0.855564325,0.512652004,0.679302502,,,internlm(Shanghai AI Lab),202401.0,,,,,,,,,,,,,,
internlm/internlm2-7b,InternLM2,7.0,,,0.652428476,0.580204778,0.812387971,0.838200474,0.487268393,0.630022745,,,internlm(Shanghai AI Lab),202401.0,,,,,,,,,,,,,,
deepseek-ai/deepseek-llm-67b-base,DeepSeek-LLM,67.0,2.0,804.0,0.717793274,0.65443686,0.871041625,0.841357537,0.510801367,0.567096285,,,deepseek,202311.0,,,,,,,,,,,,,,
deepseek-ai/deepseek-moe-16b-base,DeepSeek-MoE,16.0,2.0,192.0,0.463061136,0.532423208,0.797749452,0.737174428,0.360793034,0.172858226,,,deepseek,202311.0,0.4503631961,bdsrc,,,,0.07666687282082574,0.869285286979964,0.37693344358475334,0.7987549114220805,0.6886147667324082,0.7829735648036377,0.5535512214604273,0.3807586014432662,0.8170011076913486
Deci/DeciLM-7B,DeciLM,7.0,,,0.597629389,0.593856655,0.825134435,0.79952644,0.403262533,0.473843821,,,deci,202309.0,0.5859564165,rllab,,,,0.06068703703591333,0.9653443237148812,0.15755259509652966,0.9813427763868467,0.30167959992298127,0.9637799800792347,0.7957798043000732,0.1733139071488071,0.9701560136605553
stabilityai/stablelm-base-alpha-7b-v2,StableLM,7.0,1.1,46.2,0.450989399,0.473549488,0.770762796,0.685082873,0.364572018,0.025777104,,,stabilityai,202304.0,0.4482267483,rllab,,,,0.19868761568647827,0.8049942176738875,0.5689604231217698,0.708749631132053,0.8454892012121361,0.7239980003995724,0.3679691140251614,0.5377349803904925,0.7459100170807105
stabilityai/stablelm-base-alpha-3b,StableLM,3.0,1.5,27.0,0.254305266,0.264505119,0.422425812,0.539068666,0.404965786,0.004548901,,,stabilityai,202304.0,0.2503916821,rllab,,,,0.16534196106565613,0.27336334283153957,0.6540710934127351,0.2750171948811998,0.9228266724751291,0.27685675259259623,0.3478666045397058,0.5807742268935736,0.27507921097692123
stabilityai/stablelm-base-alpha-7b,StableLM,7.0,1.5,63.0,0.262051609,0.31996587,0.517825134,0.55406472,0.40193766,0.006065201,,,stabilityai,202304.0,0.2528129896,rllab,,,,0.1186116097670244,0.7118461263184406,0.6451030252882974,0.6366922525574198,0.9252534765554409,0.6764224979325131,0.37269520069227186,0.5630189503652387,0.6749845054203579
stabilityai/stablelm-2-1_6b,StableLM,1.6,2.0,19.2,0.389465726,0.433447099,0.704540928,0.645619574,0.367838582,0.174374526,,,stabilityai,202304.0,0.3805013531,rllab,,,,0.3229933887598938,0.8797639001419162,0.5721134249192187,0.9037091144180199,0.7208240195484037,0.9153620323329591,0.37475870332157357,0.5386579657468311,0.8996130034573255
RWKV/rwkv-4-169m-pile,RWKV,0.169,,,0.2317624,0.236348123,0.317367058,0.509076559,0.419232363,0.004548901,,,rwkv,202305.0,,,,,should be rwkv-4,,,,,,,,,
RWKV/rwkv-4-430m-pile,RWKV,0.43,,,0.248549698,0.267064846,0.400119498,0.511444357,0.395822188,0.003790751,,,rwkv,202305.0,,,,,,,,,,,,,,
RWKV/rwkv-4-1b5-pile,RWKV,1.5,,,0.257744696,0.318259386,0.522505477,0.5382794,0.357956961,0.0,,,rwkv,202305.0,,,,,,,,,,,,,,
RWKV/rwkv-4-7b-pile,RWKV,7.0,,,0.249593634,0.396757679,0.663114917,0.623520126,0.336529831,0.007581501,,,rwkv,202305.0,,,,,,,,,,,,,,
RWKV/rwkv-4-14b-pile,RWKV,14.0,,,0.261243635,0.444539249,0.710714997,0.6543015,0.32042194,0.003790751,,,rwkv,202305.0,,,,,,,,,,,,,,
RWKV/rwkv-raven-14b,RWKV,14.0,,,0.25919331,0.446245734,0.712507469,0.666929755,0.419325693,0.021228203,,,rwkv,202305.0,,,,,,,,,,,,,,
RWKV/rwkv-4-3b-pile,RWKV,3.0,,,0.246708722,0.360068259,0.596594304,0.583267561,0.321370226,0.006823351,,,rwkv,202305.0,,,,,,,,,,,,,,
togethercomputer/RedPajama-INCITE-Base-3B-v1,RedPajama-INCITE-Base,3.0,0.8,14.4,0.270278742,0.401877133,0.647679745,0.647198106,0.332348868,0.012888552,,,togetherai,202305.0,0.2681954138,rllab,,,,0.13347997614576296,0.6278471760679682,0.6340251831457839,0.5212273242037133,0.9057357981972818,0.5689981073255838,0.37695533515276575,0.5577752269938006,0.5726871977415315
togethercomputer/RedPajama-INCITE-Base-7B-v0.1,RedPajama-INCITE-Base,7.0,1.0,42.0,0.276821402,0.462457338,0.716291575,0.673243883,0.330347542,0.015921152,,,togetherai,202305.0,0.2762427005,rllab,,,,0.328157971287881,0.5694822430443007,0.6202134933569982,0.4953243374745958,0.7967357135897619,0.5112256588630822,0.3271650136457432,0.5817192698281153,0.5253411417547715
LLM360/Amber,Amber,7.0,1.259,52.878,0.268356842,0.409556314,0.737900817,0.678768745,0.335563739,0.028051554,,,llm360,202312.0,0.2756729811,rllab,,,,0.12275154697080268,0.8689405439739166,0.5443678500506289,0.7782264397457754,0.8481937964827369,0.846360330430655,0.4138986886773614,0.5051298489996615,0.83117325758643
Salesforce/codegen-6B-nl,Codegen,6.0,0.36,12.96,0.259344781,0.423208191,0.68591914,0.664561957,0.344704613,0.021986353,,,salesforce,202203.0,0.2559464464,bdsrc,,,,0.14491329212601578,0.870870301510508,0.6249816699070866,0.7876488677671484,0.8888819993182819,0.8156240292291626,0.37469213872062834,0.5529528129638266,0.824711327153075
Salesforce/codegen-16B-nl,Codegen,16.0,0.36,34.56,0.323543017,0.467576792,0.718681538,0.679558011,0.339466724,0.026535254,,,salesforce,202203.0,0.316550349,bdsrc,,,,0.1321920478612821,0.8506466195440336,0.5985024010188116,0.7756425533348728,0.8874924187209186,0.8181480946180392,0.38314584304067095,0.5394227278771223,0.8148100372099578
,,,,,,,,,,,,,,,,,,,,,,,,,,,,
,,,,,,,,,,,,,,,,,,,,,,,,,,,,
,,,,,,,,,,,,,,,,,,,,,,,,,,,,
,,,,,,,,,,,,,,,,,,,,,,,,,,,,
,,,,,,,,,,,,,,,,,,,,,,,,,,,,
openai-community/gpt2,GPT-2,0.355,,,,,,,,,,,openai,201902.0,0.263780088,rllab,,,,0.23546864191389394,0.160041626926894,0.6471858755537225,0.2590462693217748,0.8983140816098627,0.21773459818142027,0.32550089862211273,0.5936800423043422,0.21227764164806992
openai-community/gpt2-large,GPT-2,1.5,,,,,,,,,,,openai,201902.0,0.263139154,rllab,,,,0.15924259844853153,0.6178902777611817,0.7284426734209811,0.5224812926487958,0.9497693333872269,0.5945257935873179,0.33089263129867535,0.612515038309747,0.5782964859629011
