Model,Model Family,Model Size (B),Pretraining Data Size (T),FLOPs (1E21),MMLU,ARC-C,HellaSwag,Winograd,TruthfulQA,GSM8K,XWinograd,HumanEval,Company,Release Date,MMLU-ours,platform,Unnamed: 17,Unnamed: 18,Unnamed: 19,0_1004_brier,0_1004_san,1004_2008_brier,1004_2008_san,2008_3012_brier,2008_3012_san,3012_4016_brier,3012_4016_san,4016_5021_brier,4016_5021_san,5021_6025_brier,5021_6025_san,6025_7029_brier,6025_7029_san,7029_8033_brier,7029_8033_san,8033_9037_brier,8033_9037_san,9037_10042_brier,9037_10042_san,acc,brier,san
meta-llama/Llama-2-7b-hf,Llama-2,7.0,2.0,84.0,0.437960964,0.530716724,0.777434774,0.740331492,0.389802028,0.144806672,0.754881273,0.12804878,meta,202307.0,0.458624128,rllab,,,,9.950477104417058e-13,6.989425107736157e-05,7.680330974806192e-05,0.0002107218738185796,0.0029155587287552575,1.15543248778119e-05,0.004063006428015898,5.2043343450954494e-06,0.03959865090040811,1.0176410784132735e-05,0.24918815277425274,7.248081602327026e-06,0.8277941825490911,3.6952366079255196e-06,0.9960659077616825,1.2477981840486588e-05,0.9999979039240681,3.4682212822178545e-05,0.999999999998026,3.478743440641908e-06,0.5719976100378411,0.4119914923014767,3.6907353134398545e-05
meta-llama/Llama-2-13b-hf,Llama-2,13.0,2.0,156.0,0.543378428,0.58105802,0.809699263,0.766377269,0.34172403,0.228203184,0.786798487,0.182926829,meta,202307.0,0.5491382994,bdsrc,,,,6.115695194968523e-14,7.656541239585803e-05,3.8006228732609026e-06,0.0004000594641152608,0.0022408725600063626,2.045070962275224e-05,0.002865683578531593,5.150095932788659e-06,0.02081007607103861,2.5501932245045325e-05,0.14124001902590713,6.072805112874692e-06,0.6619129648878923,7.85186386297357e-06,0.9874593612504905,1.3123034767023542e-05,0.9999907066188338,3.412659886162155e-05,0.9999999999789366,9.246184847780631e-06,0.6034654451304521,0.3816779912974516,5.980635752719831e-05
meta-llama/Llama-2-70b-hf,Llama-2,70.0,2.0,840.0,0.698320892,0.673208191,0.873332006,0.837411208,0.449234937,0.540561031,0.824453228,0.298780488,meta,202307.0,,,,,,,,,,,,,,,,,,,,,,,,,,,,
huggyllama/llama-7b,Llama,6.7,1.0,40.2,0.356933064,0.509385666,0.778131846,0.714285714,0.343279329,0.080363912,0.693204495,0.12804878,meta,202302.0,0.34952286,rllab,,,,2.694547110527282e-14,5.1564082921225126e-05,2.0599076106764663e-05,0.0001685049963071787,0.002777631763385675,1.2859243039039894e-05,0.006133242790456766,6.088307281034824e-06,0.03827309445776786,8.6116180079421e-06,0.2857086655855496,3.741506528523709e-06,0.8529228338837794,3.976774325572892e-06,0.9965328742724398,1.9278413104720622e-05,0.999998200948768,5.5740587734617266e-05,0.9999999999973633,3.191289805866002e-06,0.5656243776140211,0.4182568098427796,3.33502140250703e-05
huggyllama/llama-13b,Llama,13.0,1.0,78.0,0.476105883,0.561433447,0.809201354,0.762430939,0.394788826,0.075815011,0.730361681,0.158536585,meta,202302.0,,,,,,7.976738422208106e-14,5.553272860658765e-05,2.879799478040502e-06,0.00028375748709773805,0.001487091343692223,2.5746700318293852e-05,0.0031444053945684073,6.9461563800770955e-06,0.02881393325750612,1.054761557460775e-05,0.154634409370673,5.962758626528723e-06,0.7011673526416327,3.3139615082975695e-06,0.9898241384681832,2.1551532719700168e-05,0.9999938716389523,2.0765336460971618e-05,0.9999999999930309,3.919210183600747e-06,0.5956980681139216,0.3879320024067591,4.379706515157007e-05
huggyllama/llama-30b,Llama,32.5,1.4,273.0,0.584466128,0.614334471,0.847341167,0.800315706,0.42273876,0.148597422,0.771147904,0.207317073,meta,202302.0,,,,,,,,,,,,,,,,,,,,,,,,,,,,
huggyllama/llama-65b,Llama,65.2,1.4,547.68,0.639306418,0.634812287,0.860884286,0.825572218,0.434287607,0.372251706,0.776834807,0.231707317,meta,202302.0,,,,,,,,,,,,,,,,,,,,,,,,,,,,
meta-llama/Meta-Llama-3-70B,Llama-3,70.0,15.0,6300.0,0.792329339,,0.87980482,0.853196527,0.455623682,0.768764215,0.844706094,0.524390244,meta,202404.0,,,,,,,,,,,,,,,,,,,,,,,,,,,,
meta-llama/Meta-Llama-3-8B,Llama-3,8.0,15.0,720.0,0.664949549,,0.820155348,0.771112865,0.439522651,0.453373768,0.801151665,0.384146341,meta,202404.0,0.651687794,rllab,,,,,,,,,,,,,,,,,,,,,,,,,,
Qwen/Qwen1.5-72B,Qwen1.5,72.0,3.0,1296.0,0.772014583,0.658703072,0.859888468,0.830307814,0.596080564,0.657316149,0.825768095,0.451219512,alibaba,202402.0,,,,,,,,,,,,,,,,,,,,,,,,,,,,
Qwen/Qwen1.5-32B,Qwen1.5,32.0,4.0,768.0,0.742996128,0.635665529,0.850029875,0.814522494,0.573944434,0.611068992,0.791176059,0.420731707,alibaba,202402.0,,,,,,3.433326010452253e-13,8.5030420271165e-05,1.2580184554907501e-06,0.0003166785753412707,0.004062941609170089,6.130374452066863e-05,0.007485374557112658,1.0389558061411586e-05,0.025878210125082835,3.7843635367232036e-05,0.10889590250703986,2.394740113363384e-05,0.4329634299141273,5.08191398652829e-06,0.821377151827168,1.0004748174995008e-05,0.9806585084910857,2.491974900457237e-05,0.9999869257253439,3.286336550767479e-06,0.645488946425015,0.3381657843778001,5.784118270402407e-05
Qwen/Qwen1.5-14B,Qwen1.5,14.0,4.0,336.0,0.693602647,0.565699659,0.810794662,0.73480663,0.520609239,0.676269901,0.777502468,0.396341463,alibaba,202402.0,,,,,,9.556701328988018e-13,6.0259971625376056e-05,0.00012709238383246444,0.000392373259362509,0.004053456333115005,2.284843268205475e-05,0.009337961840664568,1.2058567495934541e-05,0.04189944787697662,4.1181700495603395e-05,0.16982289199894024,1.479039173965116e-05,0.6232309711449782,7.657175578963476e-06,0.9449056215675637,1.382119290855138e-05,0.9983806396671043,0.00011176184374412051,0.999999997032239,1.8241226999942622e-06,0.6059549890460068,0.3792040441755281,6.784843365756658e-05
Qwen/Qwen1.5-7B,Qwen1.5,7.0,4.0,168.0,0.619700217,0.541808874,0.785102569,0.712707182,0.51082277,0.53525398,0.752361398,0.347560976,alibaba,202402.0,0.604828372,rllab,,,,9.095632700511812e-13,5.929528970207989e-05,1.0421656124114954e-05,0.00020838329213297433,0.004137749307239551,2.5390996558113584e-05,0.01166695239089587,7.838600823438502e-06,0.05256142032871434,3.2007872720399e-05,0.254860381945847,6.778305650590367e-06,0.7593966792205551,8.351277172033618e-06,0.9863561191769858,9.932256770829218e-06,0.9999925622948543,5.572101860467245e-05,0.9999999999958568,3.1679985331825725e-06,0.5781716789484167,0.4069220052662394,4.168189127407292e-05
Qwen/Qwen1.5-4B,Qwen1.5,4.0,2.4,57.6,0.565235196,0.484641638,0.715793667,0.662194159,0.472731898,0.522365428,0.688785439,0.262195122,alibaba,202402.0,0.5526278308,rllab,,,,7.634678515625943e-11,6.46819906190077e-05,5.784492869527111e-05,8.30139618093032e-05,0.006245012941794869,9.170485062732516e-06,0.02334132323789096,3.458945265158056e-06,0.13025007676413605,7.057652201275172e-06,0.5205382477313436,2.9881912038633485e-06,0.9144658032030363,2.250395418455189e-06,0.9973314784707816,2.1180022363819042e-05,0.9999987840674964,0.00016878728125779691,0.9999999999985856,1.8869095272912042e-06,0.5241983668591914,0.45924394899248644,3.644121515926551e-05
Qwen/Qwen1.5-1.8B,Qwen1.5,1.8,2.4,25.92,0.467083853,0.37883959,0.614220275,0.602999211,0.394278142,0.3358605,0.643824663,0.182926829,alibaba,202402.0,0.4600484262,rllab,,,,2.801420326021017e-12,5.097885127185597e-05,0.000894964210292694,0.00010931653453183699,0.013100245728137297,4.27755889804148e-06,0.08424593246754097,1.2132258626083284e-06,0.3701194081046898,3.2094206759807645e-06,0.8102328105339915,1.050585514522269e-06,0.9715082023525932,3.4111679776855256e-06,0.9990925185819932,1.839169678393603e-05,0.9999986874744106,0.00011727077317763381,0.999999999999831,4.485636170834389e-07,0.458972316271659,0.524951171075705,3.095103662703872e-05
Qwen/Qwen1.5-0.5B,Qwen1.5,0.5,2.4,7.2,0.393533408,0.314846416,0.490539733,0.572217837,0.382992684,0.163002274,0.575621493,0.115853659,alibaba,202402.0,0.3886198547,rllab,,,,4.488122148954451e-10,3.5590066780062406e-05,0.0013830636347657833,3.267328174424134e-05,0.04243431608342624,2.949160666003518e-06,0.2930883300401572,7.137828195758994e-07,0.759762139626045,2.540820391365961e-06,0.9384562098626172,9.851957659889475e-07,0.9820324931675695,1.6029834062858845e-06,0.9976675433748174,1.812174433134856e-05,0.99999980262706,3.709537343671264e-05,0.9999999999999785,5.351985322589263e-07,0.3824935271858196,0.6015378367457009,1.327842205977522e-05
Qwen/Qwen-72B,Qwen,72.0,3.0,1296.0,0.773737575,0.651877133,0.85939056,0.824782952,0.601910952,0.704321456,0.828731413,0.37195122,alibaba,202311.0,,,,,,,,,,,,,,,,,,,,,,,,,,,,
Qwen/Qwen-14B,Qwen,14.0,3.0,252.0,0.677042803,0.582764505,0.839872535,0.767955801,0.494329446,0.589840788,0.791508524,0.353658537,alibaba,202309.0,,,,,,,,,,,,,,,,,,,,,,,,,,,,
Qwen/Qwen-7B,Qwen,7.0,2.4,100.8,0.598387921,0.513651877,0.784704242,0.72691397,0.477859305,0.449583017,0.734576728,0.317073171,alibaba,202308.0,0.5828941746,rllab,,,,2.072389540862201e-13,5.447718126232281e-05,2.064844589861758e-05,0.0001784452696646929,0.002772702988569996,2.557713520119323e-05,0.006926351362748972,8.085015691681501e-06,0.06497966047978299,2.9194327721780406e-05,0.26760665769984404,1.1890899314130556e-05,0.7936645282909096,5.12845853858535e-06,0.9942027611202436,1.2908098443828534e-05,0.999997539738114,2.1215910320352298e-05,0.999999999995776,2.6853397129787504e-06,0.5716988647679745,0.41304087962388564,3.4956975311936636e-05
mistralai/Mistral-7B-v0.1,Mistral,7.3,,,0.641644838,0.599829352,0.833100976,0.786108919,0.421531711,0.370735406,0.781857102,0.274390244,mistral,202309.0,0.62590799,rllab,,,,3.2315686471456362e-15,9.075090506912716e-05,1.7398987144965445e-05,0.0002888653086728452,0.001017511881645942,3.057818252972915e-05,0.002618430281647109,4.7646723619081365e-06,0.02370420007296584,4.566075635886657e-05,0.11363216482744416,1.1658218058281283e-05,0.5836106548548344,6.265954553327334e-06,0.9788645708512251,1.6182331039648695e-05,0.9999884101391799,3.973192788247888e-05,0.9999999999785064,2.900843193594139e-06,0.6143198566022705,0.3703735171720914,5.3730043588750924e-05
mistralai/Mixtral-8x7B-v0.1,Mixtral,45.0,,,0.718783933,0.663822526,0.864568811,0.816890292,0.46805433,0.576194086,0.800190967,0.335365854,mistral,202312.0,,,,,,,,,,,,,,,,,,,,,,,,,,,,
01-ai/Yi-6B,Yi,6.0,3.0,108.0,0.641070914,0.555460751,0.765684127,0.741910024,0.419616075,0.121304018,0.723879126,0.158536585,01-ai,202311.0,0.6344537815,bdsrc,,,,1.2723657690324989e-12,0.00010813995171051137,2.035305294576121e-05,0.0002082335631885211,0.0017436433916026423,3.8614544854331066e-05,0.006433495880642132,1.0825348814751425e-05,0.061468210531816114,2.02296817458192e-05,0.32113206407632183,1.0381411975708548e-05,0.8553759126050217,8.36002234212635e-06,0.9952660662000655,2.434025234376911e-05,0.9999982764226272,3.9057968910562075e-05,0.9999999999952576,1.9334792800305487e-06,0.5596494722166899,0.42416503111498954,4.700446656321649e-05
01-ai/Yi-34B,Yi,34.0,3.0,612.0,0.763515673,0.645904437,0.856901016,0.830307814,0.562308393,0.506444276,0.795640491,0.268292683,01-ai,202311.0,,,,,,,,,,,,,,,,,,,,,,,,,,,,
google/gemma-7b,Gemma,7.0,6.0,252.0,0.660274573,0.610921502,0.824736108,0.784530387,0.449054884,0.527672479,0.783899856,0.335365854,google,202402.0,0.6509756445,bdsrc,,,,2.329922187758091e-15,7.52025820683001e-05,9.289760304459196e-06,0.00027755112414982726,0.0013952943898663155,2.200457156504414e-05,0.004503077047076685,7.155618478224692e-06,0.026586553227796333,7.037719964312745e-05,0.1289491267492354,1.3892774101053923e-05,0.6388926735842142,2.7666676420793054e-06,0.9626310770514914,1.61221965553899e-05,0.999060945491129,1.9197208521712815e-05,0.999999965997629,1.780131606154825e-06,0.6081457876916949,0.3762301037473772,5.0602114315822075e-05
google/gemma-2b,Gemma,2.0,6.0,72.0,0.417731464,0.483788396,0.71768572,0.662983425,0.330844343,0.169067475,0.709318357,0.231707317,google,202402.0,0.4119071357,bdsrc,,,,1.3766230565920562e-14,4.887010844595512e-05,9.084822625758658e-05,0.00010573384640209414,0.001800421397941242,8.689275024258725e-06,0.01631518079079013,3.2792953295467475e-06,0.10938608517902017,2.038017459786951e-06,0.5170356330717683,2.4302172767831603e-06,0.9540823762451754,2.5447420772270154e-06,0.9988416052595682,4.264517823132587e-05,0.9999996638859394,4.4831945987477166e-05,0.999999999999651,7.103588042780588e-07,0.5237004580760805,0.45977408956358656,2.617235862927223e-05
tiiuae/falcon-180B,Falcon,180.0,3.5,3780.0,0.695866104,0.691979522,0.88886676,0.868981847,0.451569509,0.459438969,0.844553352,,tiiuae,202309.0,,,,,,,,,,,,,,,,,,,,,,,,,,,,
tiiuae/falcon-40b,Falcon,40.0,1.0,240.0,0.569797005,0.619453925,0.852818164,0.812943962,0.417169225,0.214556482,0.784630576,,tiiuae,202309.0,,,,,,,,,,,,,,,,,,,,,,,,,,,,
tiiuae/falcon-7b,Falcon,7.0,1.5,63.0,0.277854702,0.478668942,0.781318462,0.723756906,0.342638255,0.046247157,0.717572363,,tiiuae,202309.0,0.2707591511,bdsrc,,,,9.87106563407607e-15,6.883350224436308e-05,2.9394654976749852e-05,0.0001683513014550886,0.0031770057489724575,1.510590100016236e-05,0.004696774077602362,4.89509593045539e-06,0.03143775680198566,1.0322492512025975e-05,0.23912359003278227,3.912128354694512e-06,0.8262606191322615,6.881444159911605e-06,0.9943879797110846,3.935193547084948e-05,0.9999956001614134,2.6109953224312855e-05,0.9999999999961582,1.3920343776217792e-06,0.5734913363871739,0.4099319451260039,3.450987118216412e-05
tiiuae/falcon-rw-1b,Falcon,1.0,0.35,2.1,0.252803188,0.350682594,0.635630353,0.620363062,0.35955599,0.005307051,0.535498701,,tiiuae,202307.0,0.2507477567,bdsrc,,,,4.032138960482512e-13,2.831793947606108e-05,0.0002469388191010679,8.766125899555998e-05,0.005781042909805005,4.878066313976363e-06,0.050068360726183606,2.7174538951249322e-06,0.3071131006582448,3.1514001857695906e-06,0.8288317440675264,9.287093695708828e-07,0.9768083702347878,3.60103037998262e-06,0.9994616373992473,2.9355033219505427e-05,0.9999995412667408,5.861302285172829e-05,0.9999999999999047,1.1681737610318615e-06,0.4666401115315674,0.5168583043344894,2.20352495893299e-05
microsoft/phi-2,Phi,2.7,1.4,22.68,0.579202667,0.610068259,0.749153555,0.73480663,0.442368784,0.549658832,0.526666391,0.493902439,miscrosoft,202306.0,0.5694345535,bdsrc,,,,5.480249681472424e-10,7.314557835672759e-05,0.00010676308085490085,0.0002942989778148527,0.005231921442859369,6.128652436067876e-05,0.020942069786021613,4.545655066267206e-06,0.09154238342363719,4.990933875085609e-06,0.3663665581059083,3.1476082377233673e-06,0.7990700211225347,2.445410385462459e-06,0.9776508875079438,5.1213414778100015e-06,0.9961539535631576,0.00010679796255794592,0.9999999998095538,5.4861040538475175e-06,0.559151563433579,0.42573036835364275,5.61164745677231e-05
microsoft/phi-1_5,Phi,1.3,0.15,1.17,0.438864678,0.529010239,0.637920733,0.722178374,0.408899386,0.124336619,0.511112784,0.341463415,miscrosoft,202306.0,0.4246546076,bdsrc,,,,6.042967531509549e-11,3.703623919429981e-05,0.005203253026244015,0.0001895608964444167,0.026040493890132035,5.6311775843881365e-05,0.09271556913137345,6.231603753938873e-06,0.33184263676747494,4.542019462871606e-06,0.6684027064573285,6.312074044793093e-07,0.912107011030549,8.937528035333782e-07,0.9834258366409792,4.386263989273862e-06,0.9999599503741484,0.0001602137589629504,0.9999999996853133,9.100791175403774e-07,0.4821748655646286,0.5020023988775828,4.606312681374973e-05
EleutherAI/pythia-1b-deduped,Pythia,1.0,0.3,1.8,0.242710646,0.290955631,0.496514639,0.535911602,0.389393782,0.011372252,0.56099166,0.042682927,EleutherAI,202302.0,0.2493946731,bdsrc,,,,5.508808826834809e-13,1.4069832224362663e-05,0.000371897819094144,4.2249972352751615e-05,0.023686989790826084,1.1849164577602669e-06,0.23019114234735752,9.65990214545707e-07,0.7760853354802398,7.710092233104225e-07,0.945115861170716,4.2665557874822246e-07,0.9926364280929685,2.678299109975747e-06,0.9992609967023401,1.122667331381101e-05,0.9999999065900964,1.2884012841215613e-05,0.999999999999986,2.949572529888923e-07,0.386476797450707,0.5967928736866807,8.673610218106366e-06
EleutherAI/pythia-410m-deduped,Pythia,0.41,0.3,0.738,0.259888196,0.248293515,0.412865963,0.543804262,0.409475786,0.0030326,0.536312165,0.012195122,EleutherAI,202302.0,0.2551630822,bdsrc,,,,1.494158742090073e-12,1.2396422052765874e-05,0.0007844389403882658,1.937901907587743e-05,0.06842454873064462,1.2384899259025613e-06,0.5080363327398729,5.84533293785403e-07,0.8880672335916474,9.947963006871636e-07,0.9650653324787251,5.937738016507445e-07,0.9914189671311578,2.291501309788098e-06,0.9996271240404059,2.5140727019885693e-05,0.9999999694345134,1.1526181923754249e-05,0.9999999999999588,2.455188363947438e-07,0.34047002589125674,0.6422025204252918,7.437738270244053e-06
EleutherAI/pythia-6.9b-deduped,Pythia,6.9,0.3,12.42,0.264809441,0.412969283,0.670483967,0.640883978,0.351945849,0.016679303,0.652470454,0.085365854,EleutherAI,202302.0,0.2605754166,bdsrc,,,,6.554339074295765e-13,6.826859350430102e-05,7.696636261827319e-05,0.00017977999729290549,0.0018715401743291612,8.54805888114374e-06,0.015437482042941217,2.604934366179992e-06,0.16995938149490097,4.052170733328647e-06,0.7580136282717066,1.09723054673997e-06,0.9806787936847567,3.895322181857854e-06,0.9995111781169265,1.2449996486968766e-05,0.9999997369095636,5.2614198330970856e-05,0.999999999999033,2.207230823058891e-06,0.4914359689304919,0.4925732783576142,3.3545714347898886e-05
EleutherAI/pythia-2.8b-deduped,Pythia,2.8,0.3,5.04,0.267846374,0.362627986,0.60655248,0.602209945,0.355597823,0.008339651,0.639989047,0.048780488,EleutherAI,202302.0,0.2663438257,bdsrc,,,,7.449890928430228e-14,3.19498545583246e-05,9.644608813727908e-05,7.159920648578633e-05,0.006026782816153112,3.3298950860973963e-06,0.04477245501570722,1.458564247992888e-06,0.41108517697748853,4.604614390897952e-06,0.892744341760326,6.193266766225427e-07,0.9877883854008223,5.1511371834011984e-06,0.9996694880407413,2.4679680064093847e-05,0.9999998533175685,1.9063400092005963e-05,0.999999999999767,2.240559261844996e-06,0.44831706831308504,0.5342524144902842,1.6467025310984733e-05
EleutherAI/pythia-12b-deduped,Pythia,12.0,0.3,21.6,0.256306029,0.413822526,0.702648875,0.664561957,0.329988729,0.014404852,0.682420515,0.115853659,EleutherAI,202302.0,0.2617148554,bdsrc,,,,1.306546267890544e-13,4.326268859870405e-05,4.007610728256942e-05,0.00028581575259639983,0.0020709852294821516,7.965826153740666e-06,0.018905400541401007,3.089024748353374e-06,0.09655087318775808,5.2592036825287315e-06,0.6318771675748048,2.074050663105505e-06,0.957790340084847,3.197265294875215e-06,0.998437883287091,2.1992372296854057e-05,0.9999995110695888,2.3331764372199657e-05,0.9999999999991785,4.450076891845172e-06,0.5116510655247959,0.4705827003488431,4.003679413268025e-05
EleutherAI/pythia-70m-deduped,Pythia,0.07,0.3,0.126,0.25260507,0.210750853,0.271659032,0.496448303,0.475143855,0.0,0.510099914,0.0,EleutherAI,202302.0,0.2573707449,bdsrc,,,,1.0948535348813431e-11,3.1121691435711636e-06,0.008615530031798555,2.2004102382364465e-06,0.5036639847932396,4.274451555070857e-08,0.850801091944661,6.963057971064231e-07,0.9196202056633398,7.69659945646432e-06,0.9529796541104321,2.484874953637316e-06,0.9715409723633998,1.7174712807976263e-07,0.9979627621453925,1.962156819489434e-06,0.9999992474472892,2.6818449674063175e-06,0.9999999999999636,4.523415743261017e-07,0.2669786895040829,0.7205660030382601,2.1505027199038246e-06
EleutherAI/pythia-1.4b-deduped,Pythia,1.4,0.3,2.52,0.255554967,0.326791809,0.549591715,0.573007103,0.386584645,0.008339651,0.594062854,0.042682927,EleutherAI,202302.0,0.2502492522,bdsrc,,,,6.673757049717841e-13,3.000220120135276e-05,0.00041652517736387527,8.237757779128164e-05,0.010672384047445443,1.8560407816605988e-06,0.12433317961759648,1.0145573843626686e-06,0.6230470208240892,1.2506728671797085e-06,0.9312633979963093,5.126265682503209e-07,0.9902762538570513,1.9251747562253727e-06,0.9994662290616205,1.4665058635087534e-05,0.9999997274074542,2.792399199443594e-05,0.9999999999997655,7.331109564553409e-07,0.41525592511451903,0.5679959832585301,1.622306719496715e-05
EleutherAI/pythia-160m-deduped,Pythia,0.16,0.3,0.288,0.24860575,0.240614334,0.313881697,0.513812155,0.443404464,0.00227445,0.523599803,0.0,EleutherAI,202302.0,0.2527417747,bdsrc,,,,2.7969041224555325e-12,6.256839526279838e-06,0.0017699973794971322,1.8876897479835122e-05,0.27441204940627384,9.16656853866621e-07,0.8106934802972227,6.020341654624784e-07,0.9263412410292804,4.164871490449965e-06,0.9649810465302656,2.6432768794942207e-06,0.9853514866425307,7.468276044135912e-07,0.9992639696027033,1.3950515755835408e-05,0.9999999257786778,1.531042220692206e-05,0.9999999999998358,1.2685172936935152e-07,0.29028082055367455,0.6963344742777124,6.358680162309902e-06
bigscience/bloom-560m,BLOOM,0.56,0.341,1.14576,0.242154121,0.247440273,0.371539534,0.519337017,0.424442817,0.0030326,0.578551515,0.006097561,bigscience(huggingface),202207.0,0.2444096283,rllab,,,,2.178292123844766e-12,7.535449755958583e-06,0.000861951539066284,1.6660189395592386e-05,0.18000924976239305,4.4775455811858555e-07,0.6979153165159768,3.6624718192698675e-07,0.8968797552248359,1.1265327755225098e-06,0.9450935248223633,2.558179636346507e-06,0.9801136332489967,1.2286410793481441e-06,0.9990252561747608,1.2772200654280372e-05,0.9999998010851743,1.5367506618944692e-05,0.9999999999995095,7.667658623439878e-08,0.31537542322246565,0.6700453059235206,5.812899717646269e-06
bigscience/bloom-1b1,BLOOM,1.1,0.341,2.2506,0.267021483,0.283276451,0.427803226,0.55011839,0.41797167,0.00227445,0.609512962,0.0,bigscience(huggingface),202207.0,0.2658453212,rllab,,,,1.2410320334026297e-12,6.002938237906687e-06,0.0003736624113709084,2.406045234560307e-05,0.07498045594498706,8.57174729148447e-07,0.5082045854948612,6.041319090336566e-07,0.8646669518385438,3.1927922729843087e-06,0.9510850406881813,8.904238958050317e-07,0.9865955502342184,6.400732265063302e-07,0.9992758612995364,5.638569848549989e-06,0.9999999333076932,1.9672559091085444e-05,0.9999999999999146,5.567672120779886e-07,0.3451503684524995,0.6385767214038323,6.210724542846116e-06
bigscience/bloom-3b,BLOOM,3.0,0.341,6.138,0.265925092,0.357508532,0.543716391,0.576164167,0.40572463,0.015163002,0.664767416,0.018292683,bigscience(huggingface),202207.0,0.2593647629,rllab,,,,4.719900540964137e-13,1.252020030470021e-05,0.00017821750041445826,5.374864148272087e-05,0.019355786733225498,1.8963917381958953e-06,0.16156810097753016,9.700261986047644e-07,0.6370589820789259,2.248893672363535e-06,0.902216022135337,7.930939654996063e-07,0.980305871756735,2.597514345472361e-06,0.9996081771844959,1.4767934163358785e-05,0.9999998521056076,3.6931882749410024e-05,0.9999999999990616,2.4815615824177254e-07,0.4138617805218084,0.5700785932578954,1.2669998283958607e-05
bigscience/bloom-7b1,BLOOM,7.1,0.341,14.5266,0.262462224,0.411262799,0.619996017,0.6543015,0.388978422,0.013646702,0.697719119,0.048780488,bigscience(huggingface),202207.0,0.2629967241,rllab,,,,1.0147155397124846e-12,3.9235606849814316e-05,0.00013381582924821233,7.789768208022232e-05,0.011312451200456533,4.06291099768381e-06,0.0727788759662864,1.184264027707587e-06,0.37840545867620073,2.5182880391085625e-06,0.7919390989716449,1.4377314499036493e-06,0.9727038939493823,1.43631110539519e-06,0.999539864611113,1.854047212058918e-05,0.9999995470230123,6.216965770895049e-05,0.9999999999997251,2.0228604685914014e-07,0.46046604262099183,0.5227144656155824,2.0864635714202768e-05
bigscience/bloom,BLOOM,176.0,0.366,386.496,0.308540091,0.504266212,0.764090819,0.720599842,0.397596228,0.06899166,0.735544419,0.12195122,bigscience(huggingface),202207.0,,,,,,,,,,,,,,,,,,,,,,,,,,,,
EleutherAI/gpt-neox-20b,GPT-Neo/J,20.0,0.472,56.64,0.250025953,0.457337884,0.734515037,0.689029203,0.31613146,0.054586808,0.716280975,0.12804878,EleutherAI,202103.0,0.2487537388,bdsrc,,,,2.6467102016618896e-14,5.6056188726704e-05,4.077254196554843e-05,0.0001280417359243074,0.002411893978729977,6.872254952422999e-06,0.010621407768524495,4.308027817559456e-06,0.06333783485424974,8.842754297636087e-06,0.49232445365418087,3.0441681661889107e-06,0.937883598986771,2.8608604640843075e-06,0.9990824392359908,2.8263466873669574e-05,0.9999994981834353,2.5760618661492553e-05,0.9999999999983086,6.593868227800867e-06,0.5333598884684326,0.45058634182770796,2.706054137729922e-05
EleutherAI/gpt-neo-2.7B,GPT-Neo/J,2.7,0.42,6.804,0.264539788,0.333617747,0.562437761,0.600631413,0.397779599,0.012888552,0.573989469,0.067073171,EleutherAI,202103.0,0.2656316764,bdsrc,,,,1.5472024302839342e-14,4.3192013178556746e-05,0.0003844713519021436,0.00010160943729591879,0.012711925539736265,3.6234532961659817e-06,0.09555279912480612,6.382675389304174e-07,0.5643276515785032,2.154260336794428e-06,0.9159770477897266,6.880920276663274e-07,0.9887926265966521,4.726707847998105e-06,0.9996436592694182,3.1144034542755265e-05,0.9999999366183228,8.247836057945442e-05,0.9999999999998156,5.327380078364103e-07,0.42640908185620396,0.5577837090213073,2.7073610944934288e-05
EleutherAI/gpt-neo-1.3B,GPT-Neo/J,1.3,0.38,2.964,0.248216555,0.312286689,0.484664409,0.569060773,0.39629306,0.004548901,0.561091098,0.036585366,EleutherAI,202103.0,0.2445520581,bdsrc,,,,2.5801793534663653e-13,3.029322628555898e-05,0.0004644442037654557,7.839670262189091e-05,0.01993921827421161,2.8680573642070018e-06,0.2431031802778509,1.7202924662477729e-06,0.7860364829791506,1.4146802145968128e-06,0.9566706948954996,5.02923205066623e-07,0.9897893084184136,3.9923296726405025e-06,0.9998014862866296,6.0244896363828785e-05,0.9999998558123012,3.01099680971734e-05,0.9999999999999912,3.9081670295584376e-07,0.3846843258315077,0.5996389092128706,2.0989387976803488e-05
EleutherAI/gpt-neo-125m,GPT-Neo/J,0.125,0.3,0.225,0.259703914,0.229522184,0.302628958,0.517758485,0.455761631,0.0030326,0.502213531,0.006097561,EleutherAI,202103.0,0.2579404643,bdsrc,,,,7.458537094639947e-12,3.129557384861445e-05,0.003056440580216033,2.0295118945884817e-05,0.3104374868199225,3.272690533933404e-07,0.8341086671004845,7.035528920674776e-07,0.9326026252545092,4.026392156637061e-06,0.9641174335974231,6.506278872772743e-07,0.9874651614968638,3.4482773510414057e-07,0.9995295308190864,1.56186725022874e-05,0.9999998945213446,4.350936474197051e-06,0.9999999999999954,4.2674006068807353e-07,0.28271260705038836,0.7031841377995759,7.802860340031143e-06
EleutherAI/gpt-j-6b,GPT-Neo/J,6.05,0.402,14.5926,0.267839994,0.413822526,0.675363473,0.659826361,0.359624729,0.029567854,0.681077656,0.115853659,EleutherAI,202103.0,0.2693348526,bdsrc,,,,2.67925668617425e-13,4.850206098608473e-05,4.8290991735331125e-05,0.0002111930833475847,0.004256397403236717,4.774788050582782e-06,0.016206078917999526,1.9542393283498236e-06,0.17497098701209915,5.800809878088107e-06,0.7347201935875479,1.1817504034062004e-06,0.9767723296631105,2.5717312757618074e-06,0.9990270460420301,1.0860385064700402e-05,0.9999997604055831,3.345592463956074e-05,0.9999999999998529,2.73071018621705e-06,0.49133638717386974,0.4906194044360245,3.229696441077899e-05
facebook/opt-6.7b,OPT,6.7,0.18,7.236,0.245674066,0.391638225,0.686616212,0.659826361,0.351221498,0.009855951,0.594269081,0.006097561,meta,202205.0,0.2483264492,bdsrc,,,,1.4076312450588092e-14,2.6848733989103428e-05,2.5013631373120905e-05,0.00014485701646667508,0.004443698257833227,5.0804395241718625e-06,0.015067910451725586,3.835829969812292e-06,0.12314129364337442,7.523441270151323e-06,0.6919162995430294,2.5701911713252008e-06,0.9717164669737205,4.034051729689764e-06,0.9991950672597563,2.9943735460389487e-05,0.9999997754295062,6.650625183427016e-05,0.9999999999980452,1.8970714341856194e-06,0.5020912168890659,0.48056668876546377,2.9304776978079765e-05
facebook/opt-1.3b,OPT,1.3,0.18,1.404,0.249630458,0.295221843,0.545309699,0.597474349,0.387106758,0.0015163,0.544028761,0.0,meta,202205.0,0.2471870104,bdsrc,,,,1.1900778343505905e-12,3.324815046521576e-05,8.608802997915292e-05,4.710039264789613e-05,0.013644382450214465,2.32919463910425e-06,0.11693890741823908,1.2403602447956456e-06,0.6299603308559248,2.4918732711552513e-06,0.9366956236791073,1.2985796579797039e-06,0.9887995565885457,1.1600558589722275e-05,0.9996762519449153,2.6852804734911226e-05,0.9999998475360252,2.3503417598410738e-05,0.9999999999999213,4.972616190213064e-07,0.41455885281816374,0.5686291727533301,1.5013566319157046e-05
facebook/opt-350m,OPT,0.35,0.18,0.378,0.260230967,0.235494881,0.367257518,0.52644041,0.408285328,0.0030326,0.51811094,0.0,meta,202205.0,0.2612875659,bdsrc,,,,3.880828445103368e-12,2.447814530805418e-05,0.0007993493024982594,3.6298750272449735e-05,0.11909627307207374,3.638376296195574e-07,0.6816003305719055,7.749874810561041e-07,0.9006697172626148,2.463294630984826e-06,0.9581888159933647,1.1348626232438595e-06,0.9855734384301676,3.2935748341658114e-06,0.999151049842458,0.00010768496041415486,0.999999739476473,9.397516775109955e-06,0.999999999999953,1.9695690110138764e-07,0.31876120294762,0.6645647977024989,1.8605247427698873e-05
facebook/opt-13b,OPT,13.0,0.18,14.04,0.248956622,0.399317406,0.71200956,0.685082873,0.340958399,0.017437453,0.608779356,0.006097561,meta,202205.0,0.2527417747,bdsrc,,,,1.0264501488936403e-13,3.896436483252126e-05,2.0860856789865367e-05,0.00010675357857061407,0.00253903360640958,7.715280173492186e-06,0.008471651951024037,4.6857742151045495e-06,0.09263004529309275,4.400247202681038e-06,0.5691015770118455,3.4585241719308715e-06,0.9436262888758021,3.7619602993931552e-06,0.9990574529824705,1.888587539391772e-05,0.9999993043404808,7.205906331617362e-05,0.999999999999403,2.412108733606351e-06,0.5223063134833699,0.4615615046626543,2.6305116149473015e-05
facebook/opt-2.7b,OPT,2.7,0.18,2.916,0.254319729,0.339590444,0.614319857,0.619573796,0.37425418,0.00227445,0.568486894,0.0,meta,202205.0,0.2543085031,bdsrc,,,,3.522199969285225e-14,3.6594143384134375e-05,5.691845274592423e-05,0.00012565835637726668,0.00467274852506571,4.2559037366296015e-06,0.0462990661749322,1.1997190990156806e-06,0.3552931356642301,2.827308168167301e-06,0.8728729772268211,1.119255944758141e-06,0.9837838182582402,7.311453027093924e-06,0.9992250013125213,1.5386524716049776e-05,0.9999999165062399,5.7213629861442966e-05,0.9999999999999607,1.8158784648107946e-06,0.45907189802828124,0.5262505167879857,2.533363320624571e-05
facebook/opt-30b,OPT,30.0,0.18,32.4,0.2665873,0.432593857,0.740689106,0.706393054,0.351638263,0.021986353,0.626407888,0.012195122,meta,202205.0,0.2675544794,bdsrc,,,,,,,,,,,,,,,,,,,,,,,,,,
facebook/opt-125m,OPT,0.125,0.18,0.135,0.260155876,0.228668942,0.314678351,0.516179953,0.42868758,0.00075815,0.498684238,0.0,meta,202205.0,0.2607178465,bdsrc,,,,5.040285347910298e-12,4.156929238086476e-05,0.003657942750257404,1.1885028455562348e-05,0.2600342744299519,2.558602306287343e-07,0.8223562183546639,8.584887264624257e-07,0.9274724854895539,4.3969718763568885e-06,0.9679134573426016,1.87467376673912e-05,0.9860613670360793,5.380837654819412e-07,0.9995269782385621,4.361611116527253e-05,0.9999998684595923,5.7835749493335045e-06,0.9999999999999978,3.743715419018858e-07,0.2894841665006971,0.6967554426369463,1.2800377433351049e-05
facebook/opt-66b,OPT,66.0,0.18,71.28,0.269930021,0.46331058,0.76249751,0.700078927,0.35429656,0.016679303,0.642631463,0.012195122,meta,202205.0,,,,,,,,,,,,,,,,,,,,,,,,,,,,
mosaicml/mpt-30b,MPT,30.0,1.0,180.0,0.479981807,0.559726962,0.8242382,0.749013418,0.384155825,0.169067475,0.745335406,0.213414634,mosaicml,202306.0,0.4727246831,bdsrc,,,,,,,,,,,,,,,,,,,,,,,,,,
mosaicml/mpt-7b,MPT,7.0,1.0,42.0,0.280684314,0.476962457,0.775343557,0.721389108,0.335450604,0.040181956,0.714400118,0.164634146,mosaicml,202305.0,,bdsrc,,,,1.4602139278819528e-14,6.744422418766417e-05,3.7928940388262204e-06,0.00038887424320241545,0.0013811228756823448,1.124155043509537e-05,0.005549412280031967,4.4422917716528436e-06,0.04123918208510239,3.4967209959531864e-06,0.2655113268295518,2.4903988672917907e-06,0.8542305747881078,4.4329656162997315e-06,0.9946332125971564,1.3161214561330347e-05,0.999997226059407,4.208401614899856e-05,0.9999999999968204,3.4080077836683448e-06,0.5685122485560645,0.4162753707418473,5.4097474689646505e-05
facebook/xglm-564M,XGLM,0.564,0.5,1.692,0.251796636,0.245733788,0.346444931,0.522494081,0.404320588,0.00227445,0.585509055,0.0,meta,202112.0,0.2503916821,rllab,,,,,,,,,,,,,,,,,,,,,,,,,,
facebook/xglm-1.7B,XGLM,1.7,0.5,5.1,0.251004165,0.258532423,0.456781518,0.539068666,0.372063415,0.007581501,0.630680872,0.0,meta,202112.0,0.2506053269,rllab,,,,1.2861292495542222e-12,4.561425557716321e-05,0.0006063301136987095,3.3141078992586974e-05,0.06186331162469877,1.1513774143478158e-06,0.4147887135596623,2.9038082267889693e-06,0.8361568189884544,5.426247582959773e-07,0.9467178277300449,8.026295923318486e-07,0.9899982972737381,1.0327876425822512e-06,0.9997589069901193,1.2304665596710698e-05,0.9999999688995044,6.466517702097439e-06,0.9999999999999564,3.436094633102022e-07,0.35829516032662817,0.625047390231119,1.0428346407120256e-05
facebook/xglm-4.5B,XGLM,4.5,0.5,13.5,0.254299777,0.314846416,0.579466242,0.549329124,0.358393949,0.00227445,0.658513957,0.0,meta,202112.0,0.254379718,rllab,,,,6.84776475977725e-13,2.937531035222961e-05,0.00018082012992651634,6.167918966215728e-05,0.015943255053867664,1.8076588812749345e-06,0.11667685952148948,1.4984068051274716e-06,0.5019777138949632,1.251198462301517e-06,0.866659543082757,5.379975380976529e-07,0.9825090704199132,2.5287814811827866e-06,0.9987419315779121,1.17265744469697e-05,0.9999996438554096,4.857614823015117e-05,0.9999999999998219,7.777478610729982e-07,0.433877713602868,0.5483092581757404,1.5972921601450955e-05
facebook/xglm-7.5B,XGLM,7.5,0.5,22.5,0.277886681,0.341296928,0.607747461,0.587213891,0.366615239,0.00227445,0.695550561,0.0,meta,202112.0,0.273821393,rllab,,,,2.7778693255024017e-12,3.2010403619729e-05,0.00018069430841388283,4.603169857788009e-05,0.009879588150309211,2.9519796202627285e-06,0.08236843359563563,1.277486811978494e-06,0.4183704297348686,1.1123529696311318e-06,0.8205141014487399,8.450810691299161e-07,0.9798931945931196,5.7968294944687825e-06,0.9988518708286982,5.927495383244126e-06,0.9999996220858482,3.315672468065871e-05,0.999999999999518,2.95711105805138e-07,0.45200159330810596,0.5310412803143449,1.293813926012689e-05
codellama/CodeLlama-7b-hf,CodeLlama,7.0,2.52,105.84,0.311220648,0.399317406,0.608046206,0.640094712,0.378216756,0.051554208,0.72972396,0.335365854,meta,202308.0,,,,,,,,,,,,,,,,,,,,,,,,,,,,
codellama/CodeLlama-13b-hf,CodeLlama,13.0,2.52,196.56,0.328088358,0.408703072,0.633539136,0.671665351,0.437942698,0.121304018,0.734948573,0.384146341,meta,202308.0,,,,,,,,,,,,,,,,,,,,,,,,,,,,
codellama/CodeLlama-34b-hf,CodeLlama,34.0,2.52,514.08,0.550208399,0.540955631,0.758215495,0.735595896,0.391136184,0.343442002,0.786124588,0.475609756,meta,202308.0,,,,,,,,,,,,,,,,,,,,,,,,,,,,
codellama/CodeLlama-70b-hf,CodeLlama,70.0,3.02,1268.4,0.596665899,0.567406143,0.782115117,0.752170481,0.397884774,0.439727066,0.775638856,0.548780488,meta,202401.0,,,,,,,,,,,,,,,,,,,,,,,,,,,,
bigcode/starcoderbase-1b,StarCoder,1.0,1.0,6.0,0.266738816,0.226962457,0.343059152,0.499605367,0.457892866,0.009097801,0.561739334,0.146,bigcode(huggingface),202305.0,,,,,,,,,,,,,,,,,,,,,,,,,,,,
bigcode/starcoderbase-3b,StarCoder,3.0,1.0,18.0,0.273528005,0.258532423,0.391057558,0.511444357,0.43054512,0.017437453,0.597635573,0.177,bigcode(huggingface),202305.0,,,,,,,,,,,,,,,,,,,,,,,,,,,,
bigcode/starcoderbase-7b,StarCoder,7.0,1.0,42.0,0.284464385,0.298634812,0.438657638,0.543804262,0.404626336,0.054586808,0.597831124,0.244,bigcode(huggingface),202305.0,,,,,,,,,,,,,,,,,,,,,,,,,,,,
bigcode/starcoderbase,StarCoder,15.5,1.0,93.0,0.321170975,0.302901024,0.472117108,0.55801105,0.400215714,0.078847612,0.595190171,0.341,bigcode(huggingface),202305.0,,,,,,,,,,,,,,,,,,,,,,,,,,,,
bigcode/starcoder2-15b,StarCoder2,15.0,4.3,387.0,0.513458387,0.473549488,0.640908186,0.63851618,0.378734193,0.522365428,0.738282013,0.463,bigcode(huggingface),202402.0,,,,,,,,,,,,,,,,,,,,,,,,,,,,
bigcode/starcoder2-7b,StarCoder2,7.0,3.7,155.4,0.412133186,0.383105802,0.519119697,0.591949487,0.419934977,0.250947688,0.620089807,0.354,bigcode(huggingface),202402.0,,,,,,,,,,,,,,,,,,,,,,,,,,,,
bigcode/starcoder2-3b,StarCoder2,3.0,3.3,59.4,0.386486021,0.34556314,0.47619996,0.545382794,0.404869824,0.196360879,0.603682999,0.317,bigcode(huggingface),202402.0,,,,,,,,,,,,,,,,,,,,,,,,,,,,
deepseek-ai/deepseek-coder-1.3b-base,DeepSeek-Coder,1.3,2.0,15.6,0.260247316,0.257679181,0.392750448,0.527229676,0.426136821,0.029567854,0.606345816,0.287,deepseek,202311.0,,,,,,,,,,,,,,,,,,,,,,,,,,,,
deepseek-ai/deepseek-coder-6.7b-base,DeepSeek-Coder,6.7,2.0,80.4,0.38391431,0.370307167,0.53455487,0.580899763,0.402813121,0.179681577,0.678870819,0.476,deepseek,202311.0,,,,,,,,,,,,,,,,,,,,,,,,,,,,
deepseek-ai/deepseek-coder-33b-base,DeepSeek-Coder,33.0,2.0,396.0,0.409137308,0.424914676,0.599880502,0.624309392,0.399701882,0.300227445,0.696131702,0.512,deepseek,202311.0,,,,,,,,,,,,,,,,,,,,,,,,,,,,
01-ai/Yi-6B-200K,Yi-200K,6.0,3.0,108.0,0.646493014,0.535836177,0.755825533,0.74269929,0.417425955,0.303260045,,,01-ai,202311.0,,,,,,1.3185343960612243e-13,6.562190924059209e-05,0.00010587324307633468,0.00014721703087752826,0.0030435959607155922,1.4865211497086699e-05,0.007959660708443008,5.61058291891809e-06,0.06552214324474512,1.3760627502189292e-05,0.4056081318302199,7.463114329899374e-06,0.8898370413727267,6.585988360107536e-06,0.9968476168345811,1.0940096490481553e-05,0.9999982550340729,2.9597718396310286e-05,0.9999999999989948,1.7111429530961356e-06,0.5471021708822944,0.436911325397716,3.033284087103449e-05
01-ai/Yi-34B-200K,Yi-200K,34.0,3.0,612.0,0.755618005,0.657849829,0.820553675,0.828729282,0.426021459,0.348749052,,,01-ai,202311.0,,,,,,,,,,,,,,,,,,,,,,,,,,,,
openlm-research/open_llama_7b_v2,OpenLlamaV2,13.0,1.0,78.0,0.412939739,0.436860068,0.721967736,0.693764799,0.355392154,0.034874905,,,openlm-research(UCB),202306.0,,,,,,1.5951036509756336e-13,6.114327630877222e-05,9.958080350581303e-06,0.00016222171412041785,0.002073058553507627,9.465183083383178e-06,0.004820938298213775,4.15479889383849e-06,0.05196262180701863,7.914614190613017e-06,0.3061946013086632,5.954309534817302e-06,0.8857291294323051,3.3275778170087833e-06,0.9974132030377203,1.1204189646880785e-05,0.9999986530792486,1.9993017207822183e-05,0.9999999999986172,1.7201516709092963e-06,0.5581557458673571,0.4248403639585719,2.87051247331429e-05
openlm-research/open_llama_3b_v2,OpenLlamaV2,3.0,1.0,18.0,0.27117981,0.402730375,0.71599283,0.670086819,0.347774532,0.009097801,,,openlm-research(UCB),202306.0,,,,,,1.1553475932689744e-13,4.988375424138742e-05,1.196726015748327e-05,0.0001773242936566912,0.0026568665386807228,6.969008698174048e-06,0.007715571091349325,2.0386773590764466e-06,0.0887467999269548,3.9099196163778525e-06,0.5402702253058272,3.4203920044095338e-06,0.964966406359371,3.845804639288801e-06,0.9992453356946607,2.5915371675959495e-05,0.9999997398213468,1.1826265200458295e-05,0.9999999999992154,3.423369616964702e-06,0.5239992033459471,0.460378023346503,2.8850668932967158e-05
openlm-research/open_llama_13b,OpenLlama,13.0,0.6,46.8,0.437545283,0.511945392,0.752340171,0.720599842,0.380759673,0.032600455,,,openlm-research(UCB),202304.0,,,,,,4.618682005457555e-13,8.350484567407864e-05,0.00011811893027351893,0.00020593954986670553,0.0029881552947049724,1.583277020744263e-05,0.015709713012775604,4.292669271415963e-06,0.09531252699981772,2.7085161559150124e-05,0.3959040848724275,6.117904521543289e-06,0.8213345159024542,4.649033684740166e-06,0.9909788225689322,1.101653084847833e-05,0.9999955862576956,2.8784111337066002e-05,0.9999999999953793,1.5305634011847151e-06,0.5521808404700259,0.43225714025664735,3.8870421097216916e-05
openlm-research/open_llama_7b,OpenLlama,7.0,1.0,42.0,0.304934081,0.470136519,0.719776937,0.679558011,0.348473071,0.015921152,,,openlm-research(UCB),202304.0,,,,,,1.4066509537441356e-14,4.548161311945853e-05,4.920999716787148e-05,0.0001243095202219485,0.006659334674053834,1.2580984895310364e-05,0.027908246831101543,3.035212705952592e-06,0.13452324558555626,6.885965450326324e-06,0.54448196292921,3.242092591954769e-06,0.8918297942618532,2.827127074547008e-06,0.9921108929124556,2.3235894394558978e-05,0.9999974755926867,2.336320754315642e-05,0.9999999999975704,2.9019605425010633e-06,0.5228042222664808,0.4597774274724542,2.4782396014724757e-05
openlm-research/open_llama_3b,OpenLlama,3.0,1.0,18.0,0.26936287,0.398464164,0.626468831,0.647198106,0.349651358,0.004548901,,,openlm-research(UCB),202304.0,,,,,,6.33197159972452e-13,4.3651461704379785e-05,0.00034000385704402664,0.00016316087080132612,0.00933779571549545,4.624654558902552e-06,0.0428616627121535,1.9465206071870005e-06,0.23088268595349756,3.4493860338587296e-06,0.7140203367695988,1.2328952699660525e-06,0.9437365070679067,2.466373115772442e-06,0.9989043647040575,1.8766492499813e-05,0.9999983665345136,6.891025065021607e-05,0.9999999999997676,1.2610021039576745e-06,0.48994224258115915,0.49403235738835616,3.094129629186391e-05
openai-community/gpt2,GPT-2,0.124,,,0.258337178,0.220136519,0.315275841,0.504340963,0.40691164,0.006823351,0.483628723,,openai,201902.0,0.261572426,rllab,,,,,,,,,,,,,,,,,,,,,,,,,,
openai-community/gpt2-large,GPT-2,0.774,,,0.260674031,0.257679181,0.456184027,0.55406472,0.38718452,0.008339651,,,openai,201902.0,0.255234297,rllab,,,,,,,,,,,,,,,,,,,,,,,,,,
internlm/internlm2-20b,InternLM2,20.0,,,0.675806686,0.629692833,0.832105158,0.855564325,0.512652004,0.679302502,,,internlm(Shanghai AI Lab),202401.0,,,,,,,,,,,,,,,,,,,,,,,,,,,,
internlm/internlm2-7b,InternLM2,7.0,,,0.652428476,0.580204778,0.812387971,0.838200474,0.487268393,0.630022745,,,internlm(Shanghai AI Lab),202401.0,,,,,,,,,,,,,,,,,,,,,,,,,,,,
deepseek-ai/deepseek-llm-67b-base,DeepSeek-LLM,67.0,2.0,804.0,0.717793274,0.65443686,0.871041625,0.841357537,0.510801367,0.567096285,,,deepseek,202311.0,,,,,,,,,,,,,,,,,,,,,,,,,,,,
deepseek-ai/deepseek-moe-16b-base,DeepSeek-MoE,16.0,2.0,192.0,0.463061136,0.532423208,0.797749452,0.737174428,0.360793034,0.172858226,,,deepseek,202311.0,0.4503631961,bdsrc,,,,4.697658702195507e-15,7.137179115130154e-05,5.424297894162727e-06,0.00013140567469403046,0.0024234985617379826,1.4876931973907588e-05,0.00597714951159871,5.819902847180859e-06,0.029333545276646056,3.3313226837949016e-05,0.1973708743002294,1.4657050189433158e-05,0.7625316946288405,3.2159471951094377e-06,0.9912860183223824,8.912292759313957e-06,0.9999943936796019,3.507628267252831e-05,0.9999999999932285,4.487853027614393e-06,0.5850428201553476,0.3989153179159248,3.23110239236832e-05
Deci/DeciLM-7B,DeciLM,7.0,,,0.597629389,0.593856655,0.825134435,0.79952644,0.403262533,0.473843821,,,deci,202309.0,0.5859564165,rllab,,,,9.444378515731488e-13,0.0001900676077154958,0.0001341802455523519,0.0004209220248454842,0.005030753638202048,0.00010710579622572035,0.011798993348868532,3.1128096096213666e-05,0.04466906312362216,7.6906246582505e-05,0.1552229043062183,3.263674285960622e-05,0.4834046486884992,1.6854999548997887e-05,0.9274658888914276,5.813067074965859e-05,0.9999747226198126,7.697954787949954e-05,0.9999999999625752,3.1193834987304878e-06,0.6231826329416451,0.36280189489226256,0.00010137288847799197
stabilityai/stablelm-base-alpha-7b-v2,StableLM,7.0,1.1,46.2,0.450989399,0.473549488,0.770762796,0.685082873,0.364572018,0.025777104,,,stabilityai,202304.0,0.4482267483,rllab,,,,1.3315039606383539e-14,8.774407447213673e-05,2.2645340132147478e-05,0.000313046212802118,0.0017075468783935084,1.058759551831251e-05,0.006700596816223539,3.1545417806909125e-06,0.04214313166806119,7.1522377174030355e-06,0.33256598895009387,3.796797931161363e-06,0.8847125799063682,4.031555748239793e-06,0.9968921793924126,2.4048035425346434e-05,0.9999976241134432,2.7844240931816147e-05,0.9999999999985885,5.137958249122753e-06,0.5562636924915355,0.42649306964425904,4.864585877062524e-05
stabilityai/stablelm-base-alpha-3b,StableLM,3.0,1.5,27.0,0.254305266,0.264505119,0.422425812,0.539068666,0.404965786,0.004548901,,,stabilityai,202304.0,0.2503916821,rllab,,,,1.6709240800469814e-12,1.5966060833759412e-05,0.0012262470590874396,1.90405094250606e-05,0.06629626573178547,6.750564744464184e-07,0.49765188504041064,2.9751273296866774e-06,0.8590954656330841,6.861242360547317e-07,0.9502036700817232,9.336104220572652e-07,0.9886900229945279,1.7438795285713688e-06,0.9993296216159778,2.3666420466735187e-05,0.9999995600031755,8.13706356075275e-06,0.9999999999998875,1.0428948478642865e-07,0.34863572993427605,0.6363076881676579,7.391420508133772e-06
stabilityai/stablelm-base-alpha-7b,StableLM,7.0,1.5,63.0,0.262051609,0.31996587,0.517825134,0.55406472,0.40193766,0.006065201,,,stabilityai,202304.0,0.2528129896,rllab,,,,6.075035720641975e-13,2.7383345576579812e-05,0.0006775645896336528,5.1457921555424655e-05,0.024124415762415568,1.2341284666395866e-06,0.1855195709933408,9.308113863165578e-07,0.7136435764088522,2.2962816756876498e-06,0.932615105888535,9.654421431759524e-07,0.9848785806825577,6.458277142042956e-06,0.9996332169967457,3.062583472231403e-05,0.9999998360102527,1.540203708083797e-05,0.9999999999998073,1.1358137988875843e-06,0.40021907986456884,0.584163501133091,1.3786584865322903e-05
stabilityai/stablelm-2-1_6b,StableLM,1.6,2.0,19.2,0.389465726,0.433447099,0.704540928,0.645619574,0.367838582,0.174374526,,,stabilityai,202304.0,0.3805013531,rllab,,,,1.226213424244732e-11,4.530277984802917e-05,7.882866888214577e-05,0.00010609739151676416,0.0036312851548827778,1.1036879649169197e-05,0.022788189026603654,5.003801412786945e-06,0.1169115276404237,7.981981005254764e-06,0.5702762207634315,7.969886149502008e-06,0.9418679719250471,3.3516484521311286e-06,0.998854076539748,1.4661538468870286e-05,0.9999979544376958,7.775197388573709e-05,0.9999999999994411,1.4511816983074574e-06,0.5171280621390162,0.46545913064257477,2.8056256870902387e-05
RWKV/rwkv-4-169m-pile,RWKV,0.169,,,0.2317624,0.236348123,0.317367058,0.509076559,0.419232363,0.004548901,,,rwkv,202305.0,,,,,should be rwkv-4,,,,,,,,,,,,,,,,,,,,,,,
RWKV/rwkv-4-430m-pile,RWKV,0.43,,,0.248549698,0.267064846,0.400119498,0.511444357,0.395822188,0.003790751,,,rwkv,202305.0,,,,,,,,,,,,,,,,,,,,,,,,,,,,
RWKV/rwkv-4-1b5-pile,RWKV,1.5,,,0.257744696,0.318259386,0.522505477,0.5382794,0.357956961,0.0,,,rwkv,202305.0,,,,,,,,,,,,,,,,,,,,,,,,,,,,
RWKV/rwkv-4-7b-pile,RWKV,7.0,,,0.249593634,0.396757679,0.663114917,0.623520126,0.336529831,0.007581501,,,rwkv,202305.0,,,,,,,,,,,,,,,,,,,,,,,,,,,,
RWKV/rwkv-4-14b-pile,RWKV,14.0,,,0.261243635,0.444539249,0.710714997,0.6543015,0.32042194,0.003790751,,,rwkv,202305.0,,,,,,,,,,,,,,,,,,,,,,,,,,,,
RWKV/rwkv-raven-14b,RWKV,14.0,,,0.25919331,0.446245734,0.712507469,0.666929755,0.419325693,0.021228203,,,rwkv,202305.0,,,,,,,,,,,,,,,,,,,,,,,,,,,,
RWKV/rwkv-4-3b-pile,RWKV,3.0,,,0.246708722,0.360068259,0.596594304,0.583267561,0.321370226,0.006823351,,,rwkv,202305.0,,,,,,,,,,,,,,,,,,,,,,,,,,,,
togethercomputer/RedPajama-INCITE-Base-3B-v1,RedPajama-INCITE-Base,3.0,0.8,14.4,0.270278742,0.401877133,0.647679745,0.647198106,0.332348868,0.012888552,,,togetherai,202305.0,0.2681954138,rllab,,,,8.845716709044118e-14,7.536674349043443e-05,0.0002474180148384925,7.834211501296647e-05,0.0049787671929083215,4.114133662899718e-06,0.03213091226084773,1.5608683327424617e-06,0.2451703289527631,2.9320347330299407e-06,0.8181677510364799,1.0551919312687578e-06,0.9818656323893185,5.480747041151266e-06,0.9996391901922497,1.0483128980577998e-05,0.9999996478672043,2.779402282212345e-05,0.9999999999998598,8.029190479259645e-07,0.47480581557458673,0.5082427421656192,2.0789421193897722e-05
togethercomputer/RedPajama-INCITE-Base-7B-v0.1,RedPajama-INCITE-Base,7.0,1.0,42.0,0.276821402,0.462457338,0.716291575,0.673243883,0.330347542,0.015921152,,,togetherai,202305.0,0.2762427005,rllab,,,,1.2899007741446204e-14,4.1748379440351054e-05,3.825433833607058e-05,0.00020772657022813745,0.002155458468354984,5.956918042075749e-06,0.00777043915431284,4.126681951647187e-06,0.0882612529733319,5.239865953121694e-06,0.558656999496685,1.7189957214567875e-06,0.9555749849123452,3.3016056434793496e-06,0.9987622702361476,4.8817129485403555e-06,0.9999992210232159,2.486200928863421e-05,0.9999999999992313,1.8385332465188409e-06,0.5219079864568811,0.46113842037217423,3.013482931219061e-05
LLM360/Amber,Amber,7.0,1.259,52.878,0.268356842,0.409556314,0.737900817,0.678768745,0.335563739,0.028051554,,,llm360,202312.0,0.2756729811,rllab,,,,6.760026819435413e-13,5.501408661663943e-05,6.302219111668071e-06,0.00023718722905474558,0.0023010339878978274,4.697003690174436e-06,0.006955310562508123,2.8466489096354368e-06,0.05865252229725571,6.410612634080942e-06,0.4368100751391599,2.7734397533553702e-06,0.9394476543223316,9.869755197817257e-06,0.998277573612197,2.7016606885238563e-05,0.9999992716376577,3.0542627854833926e-05,0.9999999999998005,3.133131402406979e-06,0.5401314479187412,0.44426191946584526,3.794250650378004e-05
Salesforce/codegen-6B-nl,Codegen,6.0,0.36,12.96,0.259344781,0.423208191,0.68591914,0.664561957,0.344704613,0.021986353,,,salesforce,202203.0,0.2559464464,bdsrc,,,,2.4256111208428445e-13,4.6656410388502154e-05,2.353667164325967e-05,0.00012452463145067177,0.0036589660157840473,6.568452685326333e-06,0.013807243749689451,1.4849257887682493e-06,0.13765522643261044,2.4698893620719584e-06,0.6801635681163675,1.4983251387544586e-06,0.9713012753957447,2.5804241296896983e-06,0.9979784483144214,2.2095171541673665e-05,0.9999998334371719,3.208664461565718e-05,0.9999999999988644,1.4824480132587361e-06,0.5030870344552878,0.4804764096546009,2.414031714242257e-05
Salesforce/codegen-16B-nl,Codegen,16.0,0.36,34.56,0.323543017,0.467576792,0.718681538,0.679558011,0.339466724,0.026535254,,,salesforce,202203.0,0.316550349,bdsrc,,,,2.3567183939981048e-14,4.42555371731903e-05,8.309118275435964e-06,0.00022590743204904977,0.0009575647404504781,1.7567058608543115e-05,0.009473625962322528,5.561664041521353e-06,0.06878374710655454,7.037233999341474e-06,0.5395733489050355,2.358354041706258e-06,0.9409429825662583,2.4676884594143836e-06,0.9989261738825799,2.1148163628562778e-05,0.9999991226939213,2.463771160814721e-05,0.9999999999974182,3.086097648957155e-06,0.5278828918542123,0.45588212688904933,3.5396651300051297e-05
,,,,,,,,,,,,,,,,,,,,,,,,,,,,,,,,,,,,,,,,,,
,,,,,,,,,,,,,,,,,,,,,,,,,,,,,,,,,,,,,,,,,,
,,,,,,,,,,,,,,,,,,,,,,,,,,,,,,,,,,,,,,,,,,
,,,,,,,,,,,,,,,,,,,,,,,,,,,,,,,,,,,,,,,,,,
,,,,,,,,,,,,,,,,,,,,,,,,,,,,,,,,,,,,,,,,,,
openai-community/gpt2,GPT-2,0.355,,,,,,,,,,,openai,201902.0,0.263780088,rllab,,,,,,,,,,,,,,,,,,,,,,,,,,
openai-community/gpt2-large,GPT-2,1.5,,,,,,,,,,,openai,201902.0,0.263139154,rllab,,,,,,,,,,,,,,,,,,,,,,,,,,
