Model,Model Family,Model Size (B),Pretraining Data Size (T),FLOPs (1E21),MMLU,ARC-C,HellaSwag,Winograd,TruthfulQA,GSM8K,XWinograd,HumanEval,Company,Release Date,MMLU-ours,platform,Unnamed: 17,Unnamed: 18,Unnamed: 19,0_350_brier,0_350_san,350_700_brier,350_700_san,700_1050_brier,700_1050_san,acc,brier,san
meta-llama/Llama-2-7b-hf,Llama-2,7.0,2.0,84.0,0.437960964,0.530716724,0.777434774,0.740331492,0.389802028,0.144806672,0.754881273,0.12804878,meta,202307.0,0.458624128,rllab,,,,0.5017352459501265,0.7357601449146777,0.5736224533043711,0.7356257007931671,0.6670282780424477,0.7200198009854575,0.2523809523809524,0.5807953257656481,0.7304685488977662
meta-llama/Llama-2-13b-hf,Llama-2,13.0,2.0,156.0,0.543378428,0.58105802,0.809699263,0.766377269,0.34172403,0.228203184,0.786798487,0.182926829,meta,202307.0,0.5491382994,bdsrc,,,,0.4804223390992308,0.7569168104829295,0.5754947870908957,0.7622956721896952,0.6474738118450355,0.7668061498723304,0.26761904761904765,0.5677969793450539,0.7620062108483187
meta-llama/Llama-2-70b-hf,Llama-2,70.0,2.0,840.0,0.698320892,0.673208191,0.873332006,0.837411208,0.449234937,0.540561031,0.824453228,0.298780488,meta,202307.0,,,,,,,,,,,,,,
huggyllama/llama-7b,Llama,6.7,1.0,40.2,0.356933064,0.509385666,0.778131846,0.714285714,0.343279329,0.080363912,0.693204495,0.12804878,meta,202302.0,0.34952286,rllab,,,,0.4119855196363955,0.6901224102928483,0.6390039389970059,0.6838258023785534,0.7505362273752728,0.6805047054466086,0.259047619047619,0.6005085620028916,0.6848176393726702
huggyllama/llama-13b,Llama,13.0,1.0,78.0,0.476105883,0.561433447,0.809201354,0.762430939,0.394788826,0.075815011,0.730361681,0.158536585,meta,202302.0,,,,,,0.48549255872264147,0.7888204844074626,0.5812788268350263,0.7945300373813797,0.663620032482069,0.7804237612412023,0.26761904761904765,0.5767971393465786,0.7879247610100153
huggyllama/llama-30b,Llama,32.5,1.4,273.0,0.584466128,0.614334471,0.847341167,0.800315706,0.42273876,0.148597422,0.771147904,0.207317073,meta,202302.0,,,,,,,,,,,,,,
huggyllama/llama-65b,Llama,65.2,1.4,547.68,0.639306418,0.634812287,0.860884286,0.825572218,0.434287607,0.372251706,0.776834807,0.231707317,meta,202302.0,,,,,,,,,,,,,,
meta-llama/Meta-Llama-3-70B,Llama-3,70.0,15.0,6300.0,0.792329339,,0.87980482,0.853196527,0.455623682,0.768764215,0.844706094,0.524390244,meta,202404.0,,,,,,,,,,,,,,
meta-llama/Meta-Llama-3-8B,Llama-3,8.0,15.0,720.0,0.664949549,,0.820155348,0.771112865,0.439522651,0.453373768,0.801151665,0.384146341,meta,202404.0,0.651687794,rllab,,,,,,,,,,,,
Qwen/Qwen1.5-72B,Qwen1.5,72.0,3.0,1296.0,0.772014583,0.658703072,0.859888468,0.830307814,0.596080564,0.657316149,0.825768095,0.451219512,alibaba,202402.0,,,,,,,,,,,,,,
Qwen/Qwen1.5-32B,Qwen1.5,32.0,4.0,768.0,0.742996128,0.635665529,0.850029875,0.814522494,0.573944434,0.611068992,0.791176059,0.420731707,alibaba,202402.0,,,,,,0.3993712352667889,0.8115217053574437,0.5087464300421527,0.8174806626201581,0.533897441398919,0.7936255681358733,0.4142857142857143,0.48067170223595285,0.80754264537116
Qwen/Qwen1.5-14B,Qwen1.5,14.0,4.0,336.0,0.693602647,0.565699659,0.810794662,0.73480663,0.520609239,0.676269901,0.777502468,0.396341463,alibaba,202402.0,,,,,,0.46192723750216585,0.7706828317672403,0.5370094814536459,0.777201330307214,0.6142485960052463,0.7573243412495958,0.34095238095238095,0.5377284383203527,0.7684028344413506
Qwen/Qwen1.5-7B,Qwen1.5,7.0,4.0,168.0,0.619700217,0.541808874,0.785102569,0.712707182,0.51082277,0.53525398,0.752361398,0.347560976,alibaba,202402.0,0.604828372,rllab,,,,0.4906417914677796,0.74332569680975,0.5660000846059314,0.7336416147908523,0.6299717239278093,0.703608480857093,0.3076190476190476,0.56220453333384,0.7268585974858986
Qwen/Qwen1.5-4B,Qwen1.5,4.0,2.4,57.6,0.565235196,0.484641638,0.715793667,0.662194159,0.472731898,0.522365428,0.688785439,0.262195122,alibaba,202402.0,0.5526278308,rllab,,,,0.48935228882834614,0.6677307899254046,0.5628224091472168,0.6777532683452723,0.6513792331440621,0.6392601589168627,0.29428571428571426,0.5678513103732095,0.6615814057291797
Qwen/Qwen1.5-1.8B,Qwen1.5,1.8,2.4,25.92,0.467083853,0.37883959,0.614220275,0.602999211,0.394278142,0.3358605,0.643824663,0.182926829,alibaba,202402.0,0.4600484262,rllab,,,,0.4782686735230686,0.4985792709092431,0.5893033530466822,0.48501988083316716,0.6812671068507467,0.47407669410104675,0.27904761904761904,0.5829463778068329,0.4858919486144859
Qwen/Qwen1.5-0.5B,Qwen1.5,0.5,2.4,7.2,0.393533408,0.314846416,0.490539733,0.572217837,0.382992684,0.163002274,0.575621493,0.115853659,alibaba,202402.0,0.3886198547,rllab,,,,0.4271413049391294,0.5013817734820014,0.6092734720514892,0.4930198637803203,0.7297025258736626,0.47604960295521853,0.28,0.588705767621428,0.4901504134058463
Qwen/Qwen-72B,Qwen,72.0,3.0,1296.0,0.773737575,0.651877133,0.85939056,0.824782952,0.601910952,0.704321456,0.828731413,0.37195122,alibaba,202311.0,,,,,,,,,,,,,,
Qwen/Qwen-14B,Qwen,14.0,3.0,252.0,0.677042803,0.582764505,0.839872535,0.767955801,0.494329446,0.589840788,0.791508524,0.353658537,alibaba,202309.0,,,,,,,,,,,,,,
Qwen/Qwen-7B,Qwen,7.0,2.4,100.8,0.598387921,0.513651877,0.784704242,0.72691397,0.477859305,0.449583017,0.734576728,0.317073171,alibaba,202308.0,0.5828941746,rllab,,,,0.46503043118710197,0.7502598020370261,0.5914084705750997,0.7331992653647783,0.6629368104140563,0.720162923127646,0.2838095238095238,0.5731252373920855,0.7345406635098178
mistralai/Mistral-7B-v0.1,Mistral,7.3,,,0.641644838,0.599829352,0.833100976,0.786108919,0.421531711,0.370735406,0.781857102,0.274390244,mistral,202309.0,0.62590799,rllab,,,,0.4972129990449025,0.8806701823920942,0.5625039422146153,0.8779784806806177,0.633194555283239,0.8866052993810019,0.2923809523809524,0.5643038321809184,0.8817513208179047
mistralai/Mixtral-8x7B-v0.1,Mixtral,45.0,,,0.718783933,0.663822526,0.864568811,0.816890292,0.46805433,0.576194086,0.800190967,0.335365854,mistral,202312.0,,,,,,,,,,,,,,
01-ai/Yi-6B,Yi,6.0,3.0,108.0,0.641070914,0.555460751,0.765684127,0.741910024,0.419616075,0.121304018,0.723879126,0.158536585,01-ai,202311.0,0.6344537815,bdsrc,,,,0.5124042727563277,0.8538474701377788,0.5725636671641028,0.8519143178500658,0.6191578558844677,0.8558972246642491,0.26285714285714284,0.5680419319349657,0.8538863375506985
01-ai/Yi-34B,Yi,34.0,3.0,612.0,0.763515673,0.645904437,0.856901016,0.830307814,0.562308393,0.506444276,0.795640491,0.268292683,01-ai,202311.0,,,,,,,,,,,,,,
google/gemma-7b,Gemma,7.0,6.0,252.0,0.660274573,0.610921502,0.824736108,0.784530387,0.449054884,0.527672479,0.783899856,0.335365854,google,202402.0,0.6509756445,bdsrc,,,,0.4085038377041964,0.840564902583506,0.4827945131227079,0.8450779073981135,0.5137169817428701,0.8383014061180545,0.41619047619047617,0.46833844418992504,0.8413147386998914
google/gemma-2b,Gemma,2.0,6.0,72.0,0.417731464,0.483788396,0.71768572,0.662983425,0.330844343,0.169067475,0.709318357,0.231707317,google,202402.0,0.4119071357,bdsrc,,,,0.4691060336071787,0.710071607148232,0.5979590797914035,0.7167299291869436,0.6607914182662549,0.6868011089115208,0.2876190476190476,0.575952177221612,0.7045342150822334
tiiuae/falcon-180B,Falcon,180.0,3.5,3780.0,0.695866104,0.691979522,0.88886676,0.868981847,0.451569509,0.459438969,0.844553352,,tiiuae,202309.0,,,,,,,,,,,,,,
tiiuae/falcon-40b,Falcon,40.0,1.0,240.0,0.569797005,0.619453925,0.852818164,0.812943962,0.417169225,0.214556482,0.784630576,,tiiuae,202309.0,,,,,,,,,,,,,,
tiiuae/falcon-7b,Falcon,7.0,1.5,63.0,0.277854702,0.478668942,0.781318462,0.723756906,0.342638255,0.046247157,0.717572363,,tiiuae,202309.0,0.2707591511,bdsrc,,,,0.47554298432749426,0.5941218526862032,0.6000928618746922,0.5916519695510909,0.7252017836698389,0.5750328995764994,0.2561904761904762,0.6002792099573425,0.5869355739379307
tiiuae/falcon-rw-1b,Falcon,1.0,0.35,2.1,0.252803188,0.350682594,0.635630353,0.620363062,0.35955599,0.005307051,0.535498701,,tiiuae,202307.0,0.2507477567,bdsrc,,,,0.581378788247136,0.22695244711594598,0.5802434137241683,0.2271577181064548,0.680476976631657,0.19797936612981448,0.2580952380952381,0.6140330595343209,0.21736317711740497
microsoft/phi-2,Phi,2.7,1.4,22.68,0.579202667,0.610068259,0.749153555,0.73480663,0.442368784,0.549658832,0.526666391,0.493902439,miscrosoft,202306.0,0.5694345535,bdsrc,,,,0.4950877540191253,0.6948076263132584,0.5903322860922336,0.7057700455220453,0.7103816337188398,0.6896051072763838,0.24761904761904763,0.5986005579433995,0.6967275930372301
microsoft/phi-1_5,Phi,1.3,0.15,1.17,0.438864678,0.529010239,0.637920733,0.722178374,0.408899386,0.124336619,0.511112784,0.341463415,miscrosoft,202306.0,0.4246546076,bdsrc,,,,0.4206178530490192,0.48399560047567436,0.6601939941134108,0.47448336117764184,0.8258424513347675,0.4593387525041104,0.2542857142857143,0.6355514328323997,0.4726059047191421
EleutherAI/pythia-1b-deduped,Pythia,1.0,0.3,1.8,0.242710646,0.290955631,0.496514639,0.535911602,0.389393782,0.011372252,0.56099166,0.042682927,EleutherAI,202302.0,0.2493946731,bdsrc,,,,0.3515687129631019,0.425904240972513,0.7115443280785959,0.443849582702865,0.8344137686915185,0.3910601045381832,0.2438095238095238,0.6325089365777389,0.4202713094045195
EleutherAI/pythia-410m-deduped,Pythia,0.41,0.3,0.738,0.259888196,0.248293515,0.412865963,0.543804262,0.409475786,0.0030326,0.536312165,0.012195122,EleutherAI,202302.0,0.2551630822,bdsrc,,,,0.3758817449077857,0.29834571938095583,0.7046278195646708,0.28539268688703634,0.8219133506674023,0.25776309477857473,0.2361904761904762,0.634140971713285,0.28050050034885576
EleutherAI/pythia-6.9b-deduped,Pythia,6.9,0.3,12.42,0.264809441,0.412969283,0.670483967,0.640883978,0.351945849,0.016679303,0.652470454,0.085365854,EleutherAI,202302.0,0.2605754166,bdsrc,,,,0.376434670992786,0.5261189726541606,0.6349087136622866,0.5244563142509192,0.8030060313609538,0.49808378638046336,0.25523809523809526,0.6047831386720086,0.5162196910951813
EleutherAI/pythia-2.8b-deduped,Pythia,2.8,0.3,5.04,0.267846374,0.362627986,0.60655248,0.602209945,0.355597823,0.008339651,0.639989047,0.048780488,EleutherAI,202302.0,0.2663438257,bdsrc,,,,0.33945580841930956,0.5346845617460477,0.6952591259766643,0.546489838614738,0.8534573219255918,0.5256431871728771,0.24571428571428572,0.6293907521071878,0.5356058625112206
EleutherAI/pythia-12b-deduped,Pythia,12.0,0.3,21.6,0.256306029,0.413822526,0.702648875,0.664561957,0.329988729,0.014404852,0.682420515,0.115853659,EleutherAI,202302.0,0.2617148554,bdsrc,,,,0.37466158095573615,0.6373150275031503,0.6369931801704556,0.6287761877494213,0.7813040965712995,0.6026471248727937,0.26857142857142857,0.5976529525658305,0.6229127800417886
EleutherAI/pythia-70m-deduped,Pythia,0.07,0.3,0.126,0.25260507,0.210750853,0.271659032,0.496448303,0.475143855,0.0,0.510099914,0.0,EleutherAI,202302.0,0.2573707449,bdsrc,,,,0.6385416268698944,0.019938346940019957,0.6294531216617688,0.019659686201059557,0.7271452993319192,0.018813964620571437,0.21619047619047618,0.6650466826211939,0.01947066592055031
EleutherAI/pythia-1.4b-deduped,Pythia,1.4,0.3,2.52,0.255554967,0.326791809,0.549591715,0.573007103,0.386584645,0.008339651,0.594062854,0.042682927,EleutherAI,202302.0,0.2502492522,bdsrc,,,,0.3387591594818892,0.3659260451911143,0.6780702318939215,0.34441528367383645,0.8331834490756804,0.3272381453622204,0.2561904761904762,0.6166709468171633,0.34585982474239035
EleutherAI/pythia-160m-deduped,Pythia,0.16,0.3,0.288,0.24860575,0.240614334,0.313881697,0.513812155,0.443404464,0.00227445,0.523599803,0.0,EleutherAI,202302.0,0.2527417747,bdsrc,,,,0.4767644143052518,0.08186173365458296,0.6330418410111568,0.07865940211316913,0.7933783565156101,0.06630731410098643,0.24857142857142858,0.6343948706106726,0.07560948328957931
bigscience/bloom-560m,BLOOM,0.56,0.341,1.14576,0.242154121,0.247440273,0.371539534,0.519337017,0.424442817,0.0030326,0.578551515,0.006097561,bigscience(huggingface),202207.0,0.2444096283,rllab,,,,0.4335069945747789,0.3158984248624555,0.7007132898040976,0.32707149660157453,0.848175184007036,0.3123980317136803,0.24952380952380954,0.6607984894619698,0.31845598439256967
bigscience/bloom-1b1,BLOOM,1.1,0.341,2.2506,0.267021483,0.283276451,0.427803226,0.55011839,0.41797167,0.00227445,0.609512962,0.0,bigscience(huggingface),202207.0,0.2658453212,rllab,,,,0.43160445064559616,0.38635230867355086,0.6865136437335393,0.39504479054587355,0.8321532638991097,0.3453093383428284,0.24095238095238095,0.6500904527594142,0.3755688125207511
bigscience/bloom-3b,BLOOM,3.0,0.341,6.138,0.265925092,0.357508532,0.543716391,0.576164167,0.40572463,0.015163002,0.664767416,0.018292683,bigscience(huggingface),202207.0,0.2593647629,rllab,,,,0.42357759312077414,0.5393351965614986,0.7062382650423731,0.5544901987473944,0.8112582723414976,0.5056842731763723,0.23142857142857143,0.6470247101682147,0.5331698894950891
bigscience/bloom-7b1,BLOOM,7.1,0.341,14.5266,0.262462224,0.411262799,0.619996017,0.6543015,0.388978422,0.013646702,0.697719119,0.048780488,bigscience(huggingface),202207.0,0.2629967241,rllab,,,,0.4536966006643678,0.5606497343018819,0.6255648753843117,0.5628592570830714,0.7675956374136613,0.5234519151164279,0.24666666666666667,0.6156190378207796,0.5489869688337936
bigscience/bloom,BLOOM,176.0,0.366,386.496,0.308540091,0.504266212,0.764090819,0.720599842,0.397596228,0.06899166,0.735544419,0.12195122,bigscience(huggingface),202207.0,,,,,,,,,,,,,,
EleutherAI/gpt-neox-20b,GPT-Neo/J,20.0,0.472,56.64,0.250025953,0.457337884,0.734515037,0.689029203,0.31613146,0.054586808,0.716280975,0.12804878,EleutherAI,202103.0,0.2487537388,bdsrc,,,,0.3849404223738634,0.47878321866720513,0.6591053707589505,0.4803288619266903,0.8005260191957396,0.44395270837251183,0.2542857142857143,0.6148572707761851,0.4676882629888024
EleutherAI/gpt-neo-2.7B,GPT-Neo/J,2.7,0.42,6.804,0.264539788,0.333617747,0.562437761,0.600631413,0.397779599,0.012888552,0.573989469,0.067073171,EleutherAI,202103.0,0.2656316764,bdsrc,,,,0.3625393250487498,0.37145338909759695,0.6544023919357951,0.3636078447072776,0.7963399981045743,0.32752403380774653,0.2542857142857143,0.6044272383630391,0.3541950892042071
EleutherAI/gpt-neo-1.3B,GPT-Neo/J,1.3,0.38,2.964,0.248216555,0.312286689,0.484664409,0.569060773,0.39629306,0.004548901,0.561091098,0.036585366,EleutherAI,202103.0,0.2445520581,bdsrc,,,,0.37533266786836983,0.36982986875704416,0.6499998713726091,0.3645095297526186,0.8001461804344534,0.34330052787171056,0.2638095238095238,0.6084929065584773,0.35921330879379115
EleutherAI/gpt-neo-125m,GPT-Neo/J,0.125,0.3,0.225,0.259703914,0.229522184,0.302628958,0.517758485,0.455761631,0.0030326,0.502213531,0.006097561,EleutherAI,202103.0,0.2579404643,bdsrc,,,,0.5338910911057685,0.04954009683228341,0.6182256199422468,0.047000597946551904,0.7358651761139988,0.050428946894457476,0.2438095238095238,0.6293272957206709,0.04898988055776428
EleutherAI/gpt-j-6b,GPT-Neo/J,6.05,0.402,14.5926,0.267839994,0.413822526,0.675363473,0.659826361,0.359624729,0.029567854,0.681077656,0.115853659,EleutherAI,202103.0,0.2693348526,bdsrc,,,,0.36112753541539316,0.4410492878767133,0.6581011069439997,0.44925972372383244,0.82459874944612,0.4100305661513476,0.259047619047619,0.6146091306018383,0.4334465259172978
facebook/opt-6.7b,OPT,6.7,0.18,7.236,0.245674066,0.391638225,0.686616212,0.659826361,0.351221498,0.009855951,0.594269081,0.006097561,meta,202205.0,0.2483264492,bdsrc,,,,0.3446625919260641,0.3742632053660169,0.6968285444111203,0.3648738940423351,0.8642560807852351,0.3542519640882342,0.2438095238095238,0.6352490723741401,0.36446302116552803
facebook/opt-1.3b,OPT,1.3,0.18,1.404,0.249630458,0.295221843,0.545309699,0.597474349,0.387106758,0.0015163,0.544028761,0.0,meta,202205.0,0.2471870104,bdsrc,,,,0.4613141222409849,0.227582290569609,0.6138988255691563,0.23940249652597081,0.7534145266062224,0.21418626979404445,0.2542857142857143,0.6095424914721215,0.2270570189632082
facebook/opt-350m,OPT,0.35,0.18,0.378,0.260230967,0.235494881,0.367257518,0.52644041,0.408285328,0.0030326,0.51811094,0.0,meta,202205.0,0.2612875659,bdsrc,,,,0.5277320502659729,0.10609006523482928,0.6196971268256625,0.1000216691642057,0.707572835328982,0.10353264085793976,0.23809523809523808,0.6183340041402061,0.1032147917523249
facebook/opt-13b,OPT,13.0,0.18,14.04,0.248956622,0.399317406,0.71200956,0.685082873,0.340958399,0.017437453,0.608779356,0.006097561,meta,202205.0,0.2527417747,bdsrc,,,,0.4520959375555766,0.5329807563633145,0.5955048065804837,0.5192855761564923,0.7590612112396155,0.5009409546675565,0.24857142857142858,0.6022206517918908,0.5177357623957879
facebook/opt-2.7b,OPT,2.7,0.18,2.916,0.254319729,0.339590444,0.614319857,0.619573796,0.37425418,0.00227445,0.568486894,0.0,meta,202205.0,0.2543085031,bdsrc,,,,0.34900843155192895,0.4001436775375663,0.6626063619745524,0.39022134409887477,0.8406087026047284,0.3798766220710315,0.2542857142857143,0.6174078320437373,0.39008054790249097
facebook/opt-30b,OPT,30.0,0.18,32.4,0.2665873,0.432593857,0.740689106,0.706393054,0.351638263,0.021986353,0.626407888,0.012195122,meta,202205.0,0.2675544794,bdsrc,,,,0.41342977744586634,0.38932325922427824,0.6379858686134248,0.39340228103501546,0.8062734014713508,0.37834554372702794,0.2438095238095238,0.6192296825102139,0.3870236946621071
facebook/opt-125m,OPT,0.125,0.18,0.135,0.260155876,0.228668942,0.314678351,0.516179953,0.42868758,0.00075815,0.498684238,0.0,meta,202205.0,0.2607178465,bdsrc,,,,0.5120901671804944,0.06288273461002725,0.6258964687222899,0.05370764599685251,0.703755618068815,0.05446020878720539,0.24285714285714285,0.6139140846571985,0.05701686313136166
facebook/opt-66b,OPT,66.0,0.18,71.28,0.269930021,0.46331058,0.76249751,0.700078927,0.35429656,0.016679303,0.642631463,0.012195122,meta,202205.0,,,,,,,,,,,,,,
mosaicml/mpt-30b,MPT,30.0,1.0,180.0,0.479981807,0.559726962,0.8242382,0.749013418,0.384155825,0.169067475,0.745335406,0.213414634,mosaicml,202306.0,0.4727246831,bdsrc,,,,0.5191675696231651,0.8901336398091124,0.574096549023279,0.8999213031141531,0.6332469767540103,0.8947197551043281,0.26761904761904765,0.5755036984668174,0.8949248993425317
mosaicml/mpt-7b,MPT,7.0,1.0,42.0,0.280684314,0.476962457,0.775343557,0.721389108,0.335450604,0.040181956,0.714400118,0.164634146,mosaicml,202305.0,,bdsrc,,,,0.5341340392001407,0.7692770644986888,0.558241827273765,0.7737640940011178,0.6385400853287302,0.7601524864483753,0.2723809523809524,0.5769719839342129,0.7677312149827283
facebook/xglm-564M,XGLM,0.564,0.5,1.692,0.251796636,0.245733788,0.346444931,0.522494081,0.404320588,0.00227445,0.585509055,0.0,meta,202112.0,0.2503916821,rllab,,,,,,,,,,,,
facebook/xglm-1.7B,XGLM,1.7,0.5,5.1,0.251004165,0.258532423,0.456781518,0.539068666,0.372063415,0.007581501,0.630680872,0.0,meta,202112.0,0.2506053269,rllab,,,,0.40678457150339414,0.22325020430631756,0.6808135236320734,0.23936644856490502,0.8403367520115395,0.18834298082984754,0.26666666666666666,0.6426449490490009,0.21698654456702324
facebook/xglm-4.5B,XGLM,4.5,0.5,13.5,0.254299777,0.314846416,0.579466242,0.549329124,0.358393949,0.00227445,0.658513957,0.0,meta,202112.0,0.254379718,rllab,,,,0.43230746596871744,0.3732121409609689,0.6295673102093491,0.38256849528918946,0.7690547151569588,0.34178499494059944,0.26285714285714284,0.6103098304450092,0.3658552103969189
facebook/xglm-7.5B,XGLM,7.5,0.5,22.5,0.277886681,0.341296928,0.607747461,0.587213891,0.366615239,0.00227445,0.695550561,0.0,meta,202112.0,0.273821393,rllab,,,,0.4044344386760161,0.2945032992359838,0.6816278425530258,0.28408388143358343,0.8315984403509065,0.257309892231385,0.2638095238095238,0.6392202405266494,0.2786323576336508
codellama/CodeLlama-7b-hf,CodeLlama,7.0,2.52,105.84,0.311220648,0.399317406,0.608046206,0.640094712,0.378216756,0.051554208,0.72972396,0.335365854,meta,202308.0,,,,,,,,,,,,,,
codellama/CodeLlama-13b-hf,CodeLlama,13.0,2.52,196.56,0.328088358,0.408703072,0.633539136,0.671665351,0.437942698,0.121304018,0.734948573,0.384146341,meta,202308.0,,,,,,,,,,,,,,
codellama/CodeLlama-34b-hf,CodeLlama,34.0,2.52,514.08,0.550208399,0.540955631,0.758215495,0.735595896,0.391136184,0.343442002,0.786124588,0.475609756,meta,202308.0,,,,,,,,,,,,,,
codellama/CodeLlama-70b-hf,CodeLlama,70.0,3.02,1268.4,0.596665899,0.567406143,0.782115117,0.752170481,0.397884774,0.439727066,0.775638856,0.548780488,meta,202401.0,,,,,,,,,,,,,,
bigcode/starcoderbase-1b,StarCoder,1.0,1.0,6.0,0.266738816,0.226962457,0.343059152,0.499605367,0.457892866,0.009097801,0.561739334,0.146,bigcode(huggingface),202305.0,,,,,,,,,,,,,,
bigcode/starcoderbase-3b,StarCoder,3.0,1.0,18.0,0.273528005,0.258532423,0.391057558,0.511444357,0.43054512,0.017437453,0.597635573,0.177,bigcode(huggingface),202305.0,,,,,,,,,,,,,,
bigcode/starcoderbase-7b,StarCoder,7.0,1.0,42.0,0.284464385,0.298634812,0.438657638,0.543804262,0.404626336,0.054586808,0.597831124,0.244,bigcode(huggingface),202305.0,,,,,,,,,,,,,,
bigcode/starcoderbase,StarCoder,15.5,1.0,93.0,0.321170975,0.302901024,0.472117108,0.55801105,0.400215714,0.078847612,0.595190171,0.341,bigcode(huggingface),202305.0,,,,,,,,,,,,,,
bigcode/starcoder2-15b,StarCoder2,15.0,4.3,387.0,0.513458387,0.473549488,0.640908186,0.63851618,0.378734193,0.522365428,0.738282013,0.463,bigcode(huggingface),202402.0,,,,,,,,,,,,,,
bigcode/starcoder2-7b,StarCoder2,7.0,3.7,155.4,0.412133186,0.383105802,0.519119697,0.591949487,0.419934977,0.250947688,0.620089807,0.354,bigcode(huggingface),202402.0,,,,,,,,,,,,,,
bigcode/starcoder2-3b,StarCoder2,3.0,3.3,59.4,0.386486021,0.34556314,0.47619996,0.545382794,0.404869824,0.196360879,0.603682999,0.317,bigcode(huggingface),202402.0,,,,,,,,,,,,,,
deepseek-ai/deepseek-coder-1.3b-base,DeepSeek-Coder,1.3,2.0,15.6,0.260247316,0.257679181,0.392750448,0.527229676,0.426136821,0.029567854,0.606345816,0.287,deepseek,202311.0,,,,,,,,,,,,,,
deepseek-ai/deepseek-coder-6.7b-base,DeepSeek-Coder,6.7,2.0,80.4,0.38391431,0.370307167,0.53455487,0.580899763,0.402813121,0.179681577,0.678870819,0.476,deepseek,202311.0,,,,,,,,,,,,,,
deepseek-ai/deepseek-coder-33b-base,DeepSeek-Coder,33.0,2.0,396.0,0.409137308,0.424914676,0.599880502,0.624309392,0.399701882,0.300227445,0.696131702,0.512,deepseek,202311.0,,,,,,,,,,,,,,
01-ai/Yi-6B-200K,Yi-200K,6.0,3.0,108.0,0.646493014,0.535836177,0.755825533,0.74269929,0.417425955,0.303260045,,,01-ai,202311.0,,,,,,0.45219461974319214,0.8003304460953842,0.6051695739115347,0.7910596011113828,0.6928214511789159,0.7941489826031904,0.2695238095238095,0.5833952149445467,0.7951796766033189
01-ai/Yi-34B-200K,Yi-200K,34.0,3.0,612.0,0.755618005,0.657849829,0.820553675,0.828729282,0.426021459,0.348749052,,,01-ai,202311.0,,,,,,,,,,,,,,
openlm-research/open_llama_7b_v2,OpenLlamaV2,13.0,1.0,78.0,0.412939739,0.436860068,0.721967736,0.693764799,0.355392154,0.034874905,,,openlm-research(UCB),202306.0,,,,,,0.41002706566221,0.7660891065811547,0.6475046925817615,0.768718063336502,0.7340117987084157,0.7679209009444513,0.23809523809523808,0.5971811856507955,0.7675760236207022
openlm-research/open_llama_3b_v2,OpenLlamaV2,3.0,1.0,18.0,0.27117981,0.402730375,0.71599283,0.670086819,0.347774532,0.009097801,,,openlm-research(UCB),202306.0,,,,,,0.4155508031683332,0.556905055365577,0.6098461024815215,0.561860067420983,0.7802116136368733,0.5462831444231963,0.24857142857142858,0.6018695064289089,0.5550160890699188
openlm-research/open_llama_13b,OpenLlama,13.0,0.6,46.8,0.437545283,0.511945392,0.752340171,0.720599842,0.380759673,0.032600455,,,openlm-research(UCB),202304.0,,,,,,0.4184644939340471,0.6696429173085207,0.612084165177983,0.6689065163607621,0.7290496765698404,0.6584047201503614,0.26,0.5865327785606235,0.6656513846065475
openlm-research/open_llama_7b,OpenLlama,7.0,1.0,42.0,0.304934081,0.470136519,0.719776937,0.679558011,0.348473071,0.015921152,,,openlm-research(UCB),202304.0,,,,,,0.46610636322286486,0.6288223199543514,0.6024259628117982,0.617428788548605,0.743418892992018,0.6113776084585996,0.2542857142857143,0.6039837396755611,0.6192095723205182
openlm-research/open_llama_3b,OpenLlama,3.0,1.0,18.0,0.26936287,0.398464164,0.626468831,0.647198106,0.349651358,0.004548901,,,openlm-research(UCB),202304.0,,,,,,0.3804944569020719,0.5210495537405955,0.6407406522159371,0.49957582799987466,0.8245099356757901,0.49152219092956273,0.25523809523809526,0.6152483482646002,0.5040491908900112
openai-community/gpt2,GPT-2,0.124,,,0.258337178,0.220136519,0.315275841,0.504340963,0.40691164,0.006823351,0.483628723,,openai,201902.0,0.261572426,rllab,,,,,,,,,,,,
openai-community/gpt2-large,GPT-2,0.774,,,0.260674031,0.257679181,0.456184027,0.55406472,0.38718452,0.008339651,,,openai,201902.0,0.255234297,rllab,,,,,,,,,,,,
internlm/internlm2-20b,InternLM2,20.0,,,0.675806686,0.629692833,0.832105158,0.855564325,0.512652004,0.679302502,,,internlm(Shanghai AI Lab),202401.0,,,,,,,,,,,,,,
internlm/internlm2-7b,InternLM2,7.0,,,0.652428476,0.580204778,0.812387971,0.838200474,0.487268393,0.630022745,,,internlm(Shanghai AI Lab),202401.0,,,,,,,,,,,,,,
deepseek-ai/deepseek-llm-67b-base,DeepSeek-LLM,67.0,2.0,804.0,0.717793274,0.65443686,0.871041625,0.841357537,0.510801367,0.567096285,,,deepseek,202311.0,,,,,,,,,,,,,,
deepseek-ai/deepseek-moe-16b-base,DeepSeek-MoE,16.0,2.0,192.0,0.463061136,0.532423208,0.797749452,0.737174428,0.360793034,0.172858226,,,deepseek,202311.0,0.4503631961,bdsrc,,,,0.4424761283232045,0.7535128036738393,0.5945330570898095,0.760415953660123,0.6762526040307764,0.7407594465062846,0.2733333333333333,0.5710872631479303,0.7515627346134158
Deci/DeciLM-7B,DeciLM,7.0,,,0.597629389,0.593856655,0.825134435,0.79952644,0.403262533,0.473843821,,,deci,202309.0,0.5859564165,rllab,,,,0.47577635258365975,0.7467277796903191,0.6057220336991663,0.7438880074884064,0.7062685412353722,0.7345310315930234,0.24761904761904763,0.595922309172733,0.7417156062572512
stabilityai/stablelm-base-alpha-7b-v2,StableLM,7.0,1.1,46.2,0.450989399,0.473549488,0.770762796,0.685082873,0.364572018,0.025777104,,,stabilityai,202304.0,0.4482267483,rllab,,,,0.39431978736086504,0.7022373671205496,0.6402397227863929,0.7106347832678406,0.782843577220675,0.6951468190159368,0.25142857142857145,0.6058010291226447,0.702672989801443
stabilityai/stablelm-base-alpha-3b,StableLM,3.0,1.5,27.0,0.254305266,0.264505119,0.422425812,0.539068666,0.404965786,0.004548901,,,stabilityai,202304.0,0.2503916821,rllab,,,,0.4579407638712729,0.12001500571828513,0.6548078394928245,0.10986702414216591,0.7594795199933887,0.1037631722010835,0.259047619047619,0.6240760411191625,0.11121506735384477
stabilityai/stablelm-base-alpha-7b,StableLM,7.0,1.5,63.0,0.262051609,0.31996587,0.517825134,0.55406472,0.40193766,0.006065201,,,stabilityai,202304.0,0.2528129896,rllab,,,,0.4471341238542536,0.27070669796983166,0.606179243629525,0.2556263067829938,0.7631484984447281,0.2526060965271744,0.2638095238095238,0.6054872886428344,0.25964636709333305
stabilityai/stablelm-2-1_6b,StableLM,1.6,2.0,19.2,0.389465726,0.433447099,0.704540928,0.645619574,0.367838582,0.174374526,,,stabilityai,202304.0,0.3805013531,rllab,,,,0.4946383445817613,0.6976265297148722,0.6003158081333752,0.6952797355734528,0.679890164134677,0.6653207977649195,0.2542857142857143,0.5916147722832713,0.6860756876844137
RWKV/rwkv-4-169m-pile,RWKV,0.169,,,0.2317624,0.236348123,0.317367058,0.509076559,0.419232363,0.004548901,,,rwkv,202305.0,,,,,should be rwkv-4,,,,,,,,,
RWKV/rwkv-4-430m-pile,RWKV,0.43,,,0.248549698,0.267064846,0.400119498,0.511444357,0.395822188,0.003790751,,,rwkv,202305.0,,,,,,,,,,,,,,
RWKV/rwkv-4-1b5-pile,RWKV,1.5,,,0.257744696,0.318259386,0.522505477,0.5382794,0.357956961,0.0,,,rwkv,202305.0,,,,,,,,,,,,,,
RWKV/rwkv-4-7b-pile,RWKV,7.0,,,0.249593634,0.396757679,0.663114917,0.623520126,0.336529831,0.007581501,,,rwkv,202305.0,,,,,,,,,,,,,,
RWKV/rwkv-4-14b-pile,RWKV,14.0,,,0.261243635,0.444539249,0.710714997,0.6543015,0.32042194,0.003790751,,,rwkv,202305.0,,,,,,,,,,,,,,
RWKV/rwkv-raven-14b,RWKV,14.0,,,0.25919331,0.446245734,0.712507469,0.666929755,0.419325693,0.021228203,,,rwkv,202305.0,,,,,,,,,,,,,,
RWKV/rwkv-4-3b-pile,RWKV,3.0,,,0.246708722,0.360068259,0.596594304,0.583267561,0.321370226,0.006823351,,,rwkv,202305.0,,,,,,,,,,,,,,
togethercomputer/RedPajama-INCITE-Base-3B-v1,RedPajama-INCITE-Base,3.0,0.8,14.4,0.270278742,0.401877133,0.647679745,0.647198106,0.332348868,0.012888552,,,togetherai,202305.0,0.2681954138,rllab,,,,0.35042198656296186,0.46130746292918445,0.6486519579635445,0.46501439206064665,0.7958365275279188,0.44524571464485047,0.2723809523809524,0.5983034906848087,0.4571891898782268
togethercomputer/RedPajama-INCITE-Base-7B-v0.1,RedPajama-INCITE-Base,7.0,1.0,42.0,0.276821402,0.462457338,0.716291575,0.673243883,0.330347542,0.015921152,,,togetherai,202305.0,0.2762427005,rllab,,,,0.3553971117407059,0.2668110038943701,0.6332265390794389,0.26184204101139275,0.7903954542321903,0.2457955607363447,0.2638095238095238,0.593006368350778,0.2581495352140355
LLM360/Amber,Amber,7.0,1.259,52.878,0.268356842,0.409556314,0.737900817,0.678768745,0.335563739,0.028051554,,,llm360,202312.0,0.2756729811,rllab,,,,0.43806873256277984,0.7115393176342535,0.6155620286726075,0.697105421553668,0.7368574326390251,0.7087577885707649,0.2438095238095238,0.5968293979581373,0.7058008425862292
Salesforce/codegen-6B-nl,Codegen,6.0,0.36,12.96,0.259344781,0.423208191,0.68591914,0.664561957,0.344704613,0.021986353,,,salesforce,202203.0,0.2559464464,bdsrc,,,,0.3886086037673264,0.5996629368324172,0.6492303278277426,0.5884883053385082,0.7883081225868258,0.5575237205624868,0.25047619047619046,0.6087156847272995,0.5818916542444712
Salesforce/codegen-16B-nl,Codegen,16.0,0.36,34.56,0.323543017,0.467576792,0.718681538,0.679558011,0.339466724,0.026535254,,,salesforce,202203.0,0.316550349,bdsrc,,,,0.3793366683733559,0.7313387133163405,0.6624430331352553,0.7353376409266478,0.786796514003994,0.7274258117212642,0.2561904761904762,0.6095254051708688,0.731367388654751
,,,,,,,,,,,,,,,,,,,,,,,,,,,,
,,,,,,,,,,,,,,,,,,,,,,,,,,,,
,,,,,,,,,,,,,,,,,,,,,,,,,,,,
,,,,,,,,,,,,,,,,,,,,,,,,,,,,
,,,,,,,,,,,,,,,,,,,,,,,,,,,,
openai-community/gpt2,GPT-2,0.355,,,,,,,,,,,openai,201902.0,0.263780088,rllab,,,,,,,,,,,,
openai-community/gpt2-large,GPT-2,1.5,,,,,,,,,,,openai,201902.0,0.263139154,rllab,,,,,,,,,,,,
