Model,Model Family,Model Size (B),Pretraining Data Size (T),FLOPs (1E21),MMLU,ARC-C,HellaSwag,Winograd,TruthfulQA,GSM8K,XWinograd,HumanEval,Company,Release Date,MMLU-ours,platform,Unnamed: 17,Unnamed: 18,Unnamed: 19,0_105_brier,0_105_san,105_210_brier,105_210_san,210_315_brier,210_315_san,315_420_brier,315_420_san,420_525_brier,420_525_san,525_630_brier,525_630_san,630_735_brier,630_735_san,735_840_brier,735_840_san,840_945_brier,840_945_san,945_1050_brier,945_1050_san,acc,brier,san
meta-llama/Llama-2-7b-hf,Llama-2,7.0,2.0,84.0,0.437960964,0.530716724,0.777434774,0.740331492,0.389802028,0.144806672,0.754881273,0.12804878,meta,202307.0,0.458624128,rllab,,,,0.5178254239925031,0.8623958672189472,0.5867356942661628,0.8432500802382228,0.6301498428173504,0.8461916304347948,0.6546858467039284,0.8096243213560939,0.6415038774839155,0.778061491861339,0.6639359564237494,0.7723864184900091,0.7335246857698031,0.7226847661718803,0.7424025734287117,0.7014243585798703,0.7818614148338217,0.6054457557525622,0.8717113844542174,0.36322079887395337,0.2523809523809524,0.6824336700174166,0.7304685488977662
meta-llama/Llama-2-13b-hf,Llama-2,13.0,2.0,156.0,0.543378428,0.58105802,0.809699263,0.766377269,0.34172403,0.228203184,0.786798487,0.182926829,meta,202307.0,0.5491382994,bdsrc,,,,0.4852056217193236,0.8991165079266965,0.5702512918651493,0.8618180028253084,0.5866016930691039,0.8886574193579962,0.6062167238692783,0.8269850974151156,0.6550402748552886,0.8107227809211903,0.6858238088850667,0.7897812247304866,0.6996505751060899,0.749789044971682,0.7043049438869424,0.7373262423622524,0.7586024732440567,0.6480154753838222,0.8645655923792201,0.40785031258863497,0.26761904761904765,0.6616262998879531,0.7620062108483187
meta-llama/Llama-2-70b-hf,Llama-2,70.0,2.0,840.0,0.698320892,0.673208191,0.873332006,0.837411208,0.449234937,0.540561031,0.824453228,0.298780488,meta,202307.0,,,,,,,,,,,,,,,,,,,,,,,,,,,,
huggyllama/llama-7b,Llama,6.7,1.0,40.2,0.356933064,0.509385666,0.778131846,0.714285714,0.343279329,0.080363912,0.693204495,0.12804878,meta,202302.0,0.34952286,rllab,,,,0.3882746151605002,0.841943002664549,0.5334562947792397,0.83951575546223,0.6670293527539366,0.8357796811877637,0.6667763419696633,0.7768213734265097,0.7040294804179696,0.7441265813956235,0.7362479330549845,0.7209245969511731,0.7893349667475708,0.6781736062619791,0.8117465240019975,0.6425177025876371,0.8705290379208208,0.5173983685199048,0.9488983426563764,0.2509757252693282,0.259047619047619,0.7116322889463064,0.6848176393726702
huggyllama/llama-13b,Llama,13.0,1.0,78.0,0.476105883,0.561433447,0.809201354,0.762430939,0.394788826,0.075815011,0.730361681,0.158536585,meta,202302.0,,,,,,0.4616770972461418,0.9241285264299597,0.5731293072205259,0.9073815426161013,0.5889811334711981,0.9131938564729413,0.6194743032549384,0.8791483682274698,0.6651977622629904,0.8516393561871256,0.6469869673976062,0.8218593332693975,0.6742478100609992,0.7867903855675881,0.7284479860582924,0.7524827671145757,0.7462355444383741,0.6523235696484283,0.8773747162253539,0.3902999045665582,0.26761904761904765,0.6581752627636426,0.7879247610100153
huggyllama/llama-30b,Llama,32.5,1.4,273.0,0.584466128,0.614334471,0.847341167,0.800315706,0.42273876,0.148597422,0.771147904,0.207317073,meta,202302.0,,,,,,,,,,,,,,,,,,,,,,,,,,,,
huggyllama/llama-65b,Llama,65.2,1.4,547.68,0.639306418,0.634812287,0.860884286,0.825572218,0.434287607,0.372251706,0.776834807,0.231707317,meta,202302.0,,,,,,,,,,,,,,,,,,,,,,,,,,,,
meta-llama/Meta-Llama-3-70B,Llama-3,70.0,15.0,6300.0,0.792329339,,0.87980482,0.853196527,0.455623682,0.768764215,0.844706094,0.524390244,meta,202404.0,,,,,,,,,,,,,,,,,,,,,,,,,,,,
meta-llama/Meta-Llama-3-8B,Llama-3,8.0,15.0,720.0,0.664949549,,0.820155348,0.771112865,0.439522651,0.453373768,0.801151665,0.384146341,meta,202404.0,0.651687794,rllab,,,,,,,,,,,,,,,,,,,,,,,,,,
Qwen/Qwen1.5-72B,Qwen1.5,72.0,3.0,1296.0,0.772014583,0.658703072,0.859888468,0.830307814,0.596080564,0.657316149,0.825768095,0.451219512,alibaba,202402.0,,,,,,,,,,,,,,,,,,,,,,,,,,,,
Qwen/Qwen1.5-32B,Qwen1.5,32.0,4.0,768.0,0.742996128,0.635665529,0.850029875,0.814522494,0.573944434,0.611068992,0.791176059,0.420731707,alibaba,202402.0,,,,,,0.3676643226637877,0.8954721372624636,0.44920130250247875,0.9128881402542589,0.49981024996689605,0.9070317210054452,0.5000647525123677,0.8878308341556606,0.5148857539435278,0.847805956119715,0.6161115750784834,0.8384379626445195,0.5496018527188314,0.7715043424484258,0.6364659670817048,0.7766410492753975,0.6604605924368572,0.7028392529831413,0.7727267646573748,0.5349750575625593,0.4142857142857143,0.5566993133562311,0.80754264537116
Qwen/Qwen1.5-14B,Qwen1.5,14.0,4.0,336.0,0.693602647,0.565699659,0.810794662,0.73480663,0.520609239,0.676269901,0.777502468,0.396341463,alibaba,202402.0,,,,,,0.4433042848336358,0.8644855798843974,0.49710903459677336,0.8780082557784785,0.5586487038387781,0.9083700634346772,0.5538234455566858,0.8514870039008563,0.5561502875035969,0.8212150819405821,0.6567638545337954,0.8147777583407637,0.641730314429498,0.7602515861318859,0.6924762355669992,0.7138685042431562,0.7503106485742842,0.6320062090448857,0.8597135394633174,0.4395583017138235,0.34095238095238095,0.6210030348897368,0.7684028344413506
Qwen/Qwen1.5-7B,Qwen1.5,7.0,4.0,168.0,0.619700217,0.541808874,0.785102569,0.712707182,0.51082277,0.53525398,0.752361398,0.347560976,alibaba,202402.0,0.604828372,rllab,,,,0.5017166793415831,0.8416999490650389,0.5360720337341205,0.8467030472788429,0.5628458754143847,0.8565584897792898,0.6217866956144066,0.8047813045064421,0.6159002772813994,0.783893023036889,0.6602005637106487,0.7773127532817842,0.7320154047742148,0.6827622298580347,0.6713687431143235,0.6850975221922666,0.8228333072565768,0.6028055449946587,0.8676362463831033,0.386972110865741,0.3076190476190476,0.6592375826624758,0.7268585974858986
Qwen/Qwen1.5-4B,Qwen1.5,4.0,2.4,57.6,0.565235196,0.484641638,0.715793667,0.662194159,0.472731898,0.522365428,0.688785439,0.262195122,alibaba,202402.0,0.5526278308,rllab,,,,0.5118784801646761,0.7829282888193347,0.5723757468756331,0.7738608932808798,0.6273561336266329,0.7974204173725788,0.6599611661236269,0.7668785111907552,0.6619274635172657,0.7353413146009674,0.6846744529676123,0.6994438207243948,0.7361168625755298,0.6510217369541359,0.7345395630190911,0.6034040550812928,0.8094854143754335,0.532258103700882,0.8915033093318047,0.27325691556657816,0.29428571428571426,0.6889818592577318,0.6615814057291797
Qwen/Qwen1.5-1.8B,Qwen1.5,1.8,2.4,25.92,0.467083853,0.37883959,0.614220275,0.602999211,0.394278142,0.3358605,0.643824663,0.182926829,alibaba,202402.0,0.4600484262,rllab,,,,0.553300438362388,0.6369767575878231,0.6412822516886074,0.6274565568573917,0.722266909770987,0.6030023841285029,0.7754989928026185,0.5556866668912664,0.7090629431746494,0.5688358569073568,0.7847660251843664,0.51141690323302,0.8232513415422736,0.42187394352674346,0.8444754993702349,0.433265474768597,0.8779539326082479,0.35506440300136194,0.9700670088404743,0.14534053924279478,0.27904761904761904,0.7701925343344846,0.4858919486144859
Qwen/Qwen1.5-0.5B,Qwen1.5,0.5,2.4,7.2,0.393533408,0.314846416,0.490539733,0.572217837,0.382992684,0.163002274,0.575621493,0.115853659,alibaba,202402.0,0.3886198547,rllab,,,,0.5068028626205945,0.6396922489785626,0.6674465261130813,0.6275438982635403,0.6582839231118169,0.6524720187733322,0.7556836965930314,0.5755307990583277,0.7792168442434205,0.5755086995533695,0.8214581187565376,0.5153777131665997,0.8352049626928115,0.4392123086528128,0.8561731229558086,0.41209285868916995,0.9065010317968206,0.3293569153473609,0.9800900486117148,0.1347166735753913,0.28,0.7766861137495644,0.4901504134058463
Qwen/Qwen-72B,Qwen,72.0,3.0,1296.0,0.773737575,0.651877133,0.85939056,0.824782952,0.601910952,0.704321456,0.828731413,0.37195122,alibaba,202311.0,,,,,,,,,,,,,,,,,,,,,,,,,,,,
Qwen/Qwen-14B,Qwen,14.0,3.0,252.0,0.677042803,0.582764505,0.839872535,0.767955801,0.494329446,0.589840788,0.791508524,0.353658537,alibaba,202309.0,,,,,,,,,,,,,,,,,,,,,,,,,,,,
Qwen/Qwen-7B,Qwen,7.0,2.4,100.8,0.598387921,0.513651877,0.784704242,0.72691397,0.477859305,0.449583017,0.734576728,0.317073171,alibaba,202308.0,0.5828941746,rllab,,,,0.47331690458833964,0.8531702232205551,0.5338275139503844,0.8533318751249539,0.5950784424412903,0.8703509631494211,0.6117310374258106,0.8155531948092408,0.6256260238329377,0.8039383327642565,0.6393412557924368,0.7905448977753097,0.7377867411273402,0.7025908487889296,0.7178097506550952,0.6903757042903181,0.8130041405810313,0.5949179153908972,0.8936461084631955,0.3706326797842843,0.2838095238095238,0.6641167918857854,0.7345406635098178
mistralai/Mistral-7B-v0.1,Mistral,7.3,,,0.641644838,0.599829352,0.833100976,0.786108919,0.421531711,0.370735406,0.781857102,0.274390244,mistral,202309.0,0.62590799,rllab,,,,0.4469700524495726,0.9638321970651109,0.5253025518587507,0.9501261788107167,0.5818416144876996,0.956433145500022,0.5783816717635684,0.9337155189569981,0.5929369038373005,0.9107304996964103,0.6485031580385152,0.8842548182255003,0.6327732193774812,0.8778152572999358,0.6648090225285174,0.8591472678306555,0.6965808016850275,0.8050340388069984,0.7086434942019059,0.6764242859866975,0.2923809523809524,0.6076742490228341,0.8817513208179047
mistralai/Mixtral-8x7B-v0.1,Mixtral,45.0,,,0.718783933,0.663822526,0.864568811,0.816890292,0.46805433,0.576194086,0.800190967,0.335365854,mistral,202312.0,,,,,,,,,,,,,,,,,,,,,,,,,,,,
01-ai/Yi-6B,Yi,6.0,3.0,108.0,0.641070914,0.555460751,0.765684127,0.741910024,0.419616075,0.121304018,0.723879126,0.158536585,01-ai,202311.0,0.6344537815,bdsrc,,,,0.4831313433631214,0.9423599221954314,0.5464149909591508,0.9350271527596088,0.5737872155677035,0.9386787559117524,0.6064432732429028,0.9213981854028449,0.5952558021986161,0.8977856735920727,0.6654893731971179,0.8513148074080783,0.6587378379119992,0.8465606162672623,0.6484193275760548,0.8228086308479563,0.6909079221788412,0.7647510051080624,0.7693545796581079,0.6181786260139119,0.26285714285714284,0.623794166585361,0.8538863375506985
01-ai/Yi-34B,Yi,34.0,3.0,612.0,0.763515673,0.645904437,0.856901016,0.830307814,0.562308393,0.506444276,0.795640491,0.268292683,01-ai,202311.0,,,,,,,,,,,,,,,,,,,,,,,,,,,,
google/gemma-7b,Gemma,7.0,6.0,252.0,0.660274573,0.610921502,0.824736108,0.784530387,0.449054884,0.527672479,0.783899856,0.335365854,google,202402.0,0.6509756445,bdsrc,,,,0.38327726530142,0.88992898171811,0.4114229940350817,0.9161012376044881,0.4856050277690752,0.9045973953311589,0.4850022577790577,0.915252405642334,0.5115017630525047,0.8727239195686305,0.5685763128749668,0.8557701472249182,0.5794212451089363,0.8245030509576867,0.5809949339955988,0.837417201936609,0.6217502381004656,0.7675809514585757,0.6663214728591125,0.6292720955564045,0.41619047619047617,0.5293873510876224,0.8413147386998914
google/gemma-2b,Gemma,2.0,6.0,72.0,0.417731464,0.483788396,0.71768572,0.662983425,0.330844343,0.169067475,0.709318357,0.231707317,google,202402.0,0.4119071357,bdsrc,,,,0.5062399531990179,0.8121256839601009,0.5556765570414884,0.8127021303276822,0.5862688668047596,0.8008049426203758,0.6445576093425041,0.807633733989818,0.654641946688975,0.7798197684848555,0.6920656651672493,0.7528351900160801,0.7082920944380713,0.7021561534788712,0.7665135285821959,0.6608587848902725,0.804093313203872,0.5750177804408817,0.9005919915572528,0.34138798261338593,0.2876190476190476,0.6818941526025387,0.7045342150822334
tiiuae/falcon-180B,Falcon,180.0,3.5,3780.0,0.695866104,0.691979522,0.88886676,0.868981847,0.451569509,0.459438969,0.844553352,,tiiuae,202309.0,,,,,,,,,,,,,,,,,,,,,,,,,,,,
tiiuae/falcon-40b,Falcon,40.0,1.0,240.0,0.569797005,0.619453925,0.852818164,0.812943962,0.417169225,0.214556482,0.784630576,,tiiuae,202309.0,,,,,,,,,,,,,,,,,,,,,,,,,,,,
tiiuae/falcon-7b,Falcon,7.0,1.5,63.0,0.277854702,0.478668942,0.781318462,0.723756906,0.342638255,0.046247157,0.717572363,,tiiuae,202309.0,0.2707591511,bdsrc,,,,0.575170905900036,0.7567230675535921,0.5976688926158167,0.7278552308159297,0.6510167100379175,0.740733451741368,0.6849944092110278,0.7137894221342671,0.740762430666037,0.682235711033853,0.7676906517533126,0.6154973691306893,0.7888631387823078,0.5642991583379275,0.8428819048365171,0.5202780841854415,0.8671554704594323,0.4013580001840937,0.9689133008418802,0.1465862442621508,0.2561904761904762,0.7485117815104282,0.5869355739379307
tiiuae/falcon-rw-1b,Falcon,1.0,0.35,2.1,0.252803188,0.350682594,0.635630353,0.620363062,0.35955599,0.005307051,0.535498701,,tiiuae,202307.0,0.2507477567,bdsrc,,,,0.8592731145214746,0.3421459846569698,0.8641866279463704,0.30122996242015204,0.8651297222283499,0.31319229793801073,0.8415537894168386,0.2805267741824854,0.8855655948113648,0.24411202731189036,0.9020165728162682,0.2326989307462178,0.9179649199563472,0.19187910691329577,0.9448600545710577,0.14071723435782646,0.9493349672795554,0.09751730422812539,0.9884880869874445,0.029612148419076088,0.2580952380952381,0.9018373450535062,0.21736317711740497
microsoft/phi-2,Phi,2.7,1.4,22.68,0.579202667,0.610068259,0.749153555,0.73480663,0.442368784,0.549658832,0.526666391,0.493902439,miscrosoft,202306.0,0.5694345535,bdsrc,,,,0.5247038889677985,0.8029949217690207,0.5943927684464434,0.772090751388651,0.6491328421029077,0.7871941399500089,0.633949881074619,0.7579705715541717,0.6785456525270837,0.7597664554357303,0.7522521655200666,0.729377889516842,0.7387797493314578,0.7172000138855845,0.7713384930770207,0.6841381657897445,0.8327388379073482,0.5829990169932444,0.8772759328632547,0.37354400408929406,0.24761904761904763,0.7053110211818001,0.6967275930372301
microsoft/phi-1_5,Phi,1.3,0.15,1.17,0.438864678,0.529010239,0.637920733,0.722178374,0.408899386,0.124336619,0.511112784,0.341463415,miscrosoft,202306.0,0.4246546076,bdsrc,,,,0.4354457264900015,0.6515466625918314,0.6153999341493387,0.6046387853180563,0.74098267834106,0.627744353592933,0.77579368996274,0.5740531682558108,0.817157332600721,0.539923658159593,0.870452735255579,0.5050908502175518,0.8781563695855398,0.4234708274913173,0.9393642404558892,0.37772746422010617,0.9559976131879331,0.30363595185574094,0.9709230678798784,0.11822732548848261,0.2542857142857143,0.7999673387908673,0.4726059047191421
EleutherAI/pythia-1b-deduped,Pythia,1.0,0.3,1.8,0.242710646,0.290955631,0.496514639,0.535911602,0.389393782,0.011372252,0.56099166,0.042682927,EleutherAI,202302.0,0.2493946731,bdsrc,,,,0.46466629541434545,0.5602236029838331,0.666617696288369,0.5442040000819582,0.741248336283697,0.576559587510477,0.819164162632372,0.5089316754587975,0.8690107640468666,0.47899685509149875,0.8784061794240111,0.48090484665698596,0.8959894213265298,0.40844116916982887,0.953164081367439,0.34004424440045367,0.9622259807846625,0.23134074617612327,0.9891533540898463,0.0730663665152457,0.2438095238095238,0.8239646271658139,0.4202713094045195
EleutherAI/pythia-410m-deduped,Pythia,0.41,0.3,0.738,0.259888196,0.248293515,0.412865963,0.543804262,0.409475786,0.0030326,0.536312165,0.012195122,EleutherAI,202302.0,0.2551630822,bdsrc,,,,0.5751533121704429,0.44038361638846957,0.7481877748253676,0.39582780572453513,0.837427785918754,0.37379860485378413,0.8814967312377491,0.3513816656001975,0.9220965031682384,0.3466352246156495,0.92759010026152,0.2789385937249406,0.9315401070248199,0.24021582238863334,0.958984300107955,0.20114635388148863,0.9720384058933105,0.14535877571346614,0.9944648490037481,0.031318540597390934,0.2361904761904762,0.8748979869611895,0.28050050034885576
EleutherAI/pythia-6.9b-deduped,Pythia,6.9,0.3,12.42,0.264809441,0.412969283,0.670483967,0.640883978,0.351945849,0.016679303,0.652470454,0.085365854,EleutherAI,202302.0,0.2605754166,bdsrc,,,,0.46789409135187054,0.7088458062228589,0.6036641956310393,0.6488673852268408,0.6745399146236057,0.6745905042572675,0.7235021637874429,0.626119442730066,0.7662870479429261,0.5927062548559843,0.8233393319508111,0.556227989083863,0.8407238590257936,0.4932861606123266,0.8971634714741242,0.430441271586638,0.9437415203743426,0.32829581634553634,0.9886773081510929,0.10281628003042968,0.25523809523809526,0.7729532904313043,0.5162196910951813
EleutherAI/pythia-2.8b-deduped,Pythia,2.8,0.3,5.04,0.267846374,0.362627986,0.60655248,0.602209945,0.355597823,0.008339651,0.639989047,0.048780488,EleutherAI,202302.0,0.2663438257,bdsrc,,,,0.39633646889865426,0.6987836198262164,0.5760693843505666,0.6479733555644224,0.6700489768814328,0.6673828191918784,0.754031392042606,0.6497359835950937,0.8030586878267465,0.6134619490231226,0.8388801666013646,0.5753268936712068,0.8848134056624747,0.519354421481517,0.9287778763402452,0.44832988567555676,0.9496760758519424,0.3782611880920789,0.9788188593685169,0.15744850899111607,0.24571428571428572,0.7780511293824556,0.5356058625112206
EleutherAI/pythia-12b-deduped,Pythia,12.0,0.3,21.6,0.256306029,0.413822526,0.702648875,0.664561957,0.329988729,0.014404852,0.682420515,0.115853659,EleutherAI,202302.0,0.2617148554,bdsrc,,,,0.3546526569543709,0.8037851557102382,0.4946728819644279,0.7766728376083145,0.640752645572582,0.7583975143630207,0.6801985001634534,0.7325940937157409,0.7484392050203306,0.7036989925140861,0.7880101034807486,0.6713338052569126,0.8075819003674645,0.6092540056438457,0.8616904819964488,0.561010828973097,0.9067707528182669,0.4494686705744524,0.9753056165943883,0.16291189605817513,0.26857142857142857,0.7258074744932485,0.6229127800417886
EleutherAI/pythia-70m-deduped,Pythia,0.07,0.3,0.126,0.25260507,0.210750853,0.271659032,0.496448303,0.475143855,0.0,0.510099914,0.0,EleutherAI,202302.0,0.2573707449,bdsrc,,,,0.9813483167000543,0.04257916950342525,0.9882226246907796,0.02891114491095702,0.990026276943084,0.027424735446383044,0.9887023205145204,0.02351004224640374,0.9912301003602431,0.02183452059766918,0.9952715032701154,0.017111415915040933,0.9926319465760198,0.013782061482789388,0.9969428945431791,0.01319136843164388,0.9986838369549371,0.005582281811079164,0.9992360085206933,0.0007799188601116709,0.21619047619047618,0.9922295829073614,0.01947066592055031
EleutherAI/pythia-1.4b-deduped,Pythia,1.4,0.3,2.52,0.255554967,0.326791809,0.549591715,0.573007103,0.386584645,0.008339651,0.594062854,0.042682927,EleutherAI,202302.0,0.2502492522,bdsrc,,,,0.5231842204283896,0.5276208807910003,0.6830256905387423,0.4650695624164146,0.7716009222712422,0.4884974941446109,0.8232776367619105,0.42927959950020855,0.8952222734550549,0.3879748412232479,0.8950090420644309,0.3519464666864339,0.9241691216513971,0.29016502713314546,0.9594503264486732,0.266905900046381,0.9719640670100562,0.20535114615940522,0.9932795973347976,0.0457873293230565,0.2561904761904762,0.8440182897964693,0.34585982474239035
EleutherAI/pythia-160m-deduped,Pythia,0.16,0.3,0.288,0.24860575,0.240614334,0.313881697,0.513812155,0.443404464,0.00227445,0.523599803,0.0,EleutherAI,202302.0,0.2527417747,bdsrc,,,,0.9063970810579207,0.15156234231041965,0.9196004625662182,0.1213011789155826,0.9603507166370664,0.1065875340622153,0.9602406366884567,0.09494645789922977,0.966114385450992,0.0847277620795782,0.9819177075737461,0.06265173359180304,0.978326301760352,0.0534730429053095,0.98922683315994,0.046538228112908524,0.9932598779555296,0.029820923079351806,0.9986163104042509,0.004485629939396694,0.24857142857142858,0.9654050313254486,0.07560948328957931
bigscience/bloom-560m,BLOOM,0.56,0.341,1.14576,0.242154121,0.247440273,0.371539534,0.519337017,0.424442817,0.0030326,0.578551515,0.006097561,bigscience(huggingface),202207.0,0.2444096283,rllab,,,,0.5917587198504317,0.4171470591103057,0.7783151926705668,0.3988044502379316,0.8161845104349966,0.4159597642804303,0.8580701914994124,0.39627767482298826,0.9158105103437246,0.3460162445516995,0.9194610718118829,0.34071540937231776,0.9327276526805759,0.2980850357269281,0.9571734868778671,0.2989114744821798,0.9701839065498172,0.20890544459477028,0.9887337036660692,0.06373728674614809,0.24952380952380954,0.872841894638535,0.31845598439256967
bigscience/bloom-1b1,BLOOM,1.1,0.341,2.2506,0.267021483,0.283276451,0.427803226,0.55011839,0.41797167,0.00227445,0.609512962,0.0,bigscience(huggingface),202207.0,0.2658453212,rllab,,,,0.558358627260452,0.497149148756521,0.6993792855654226,0.4831886706884743,0.7482448156941589,0.513552036509324,0.8368263204676819,0.48655864861139514,0.8865529353941344,0.4665895431195013,0.8896830917633495,0.39960265210489876,0.9220749720441785,0.3261653526943672,0.9452322652268574,0.2984190395353701,0.965060509297809,0.2192840631272476,0.9881609532118351,0.06517897006040894,0.24095238095238095,0.8439573775925879,0.3755688125207511
bigscience/bloom-3b,BLOOM,3.0,0.341,6.138,0.265925092,0.357508532,0.543716391,0.576164167,0.40572463,0.015163002,0.664767416,0.018292683,bigscience(huggingface),202207.0,0.2593647629,rllab,,,,0.41184783491701643,0.6920269154960921,0.6695583334346118,0.6477646306423521,0.7255828229722948,0.6798580712329061,0.7547401805741538,0.6560196852269079,0.8017925639116091,0.6409878048496654,0.8211045312869067,0.593695385710632,0.8795367256602129,0.4853609568540859,0.9076957680589912,0.456242929975006,0.9291389238881363,0.3571048149140841,0.9855121918775367,0.12263770004915163,0.23142857142857143,0.7886509876581467,0.5331698894950891
bigscience/bloom-7b1,BLOOM,7.1,0.341,14.5266,0.262462224,0.411262799,0.619996017,0.6543015,0.388978422,0.013646702,0.697719119,0.048780488,bigscience(huggingface),202207.0,0.2629967241,rllab,,,,0.4906212405772322,0.7244354185032992,0.6633775456795263,0.6963855704520293,0.6633815500415571,0.70189149183691,0.6973087593025209,0.635732334541728,0.7360108301175377,0.6664468487286793,0.7902203914449502,0.6060666975359104,0.8487267766264996,0.5101640209251802,0.8748713911036626,0.4729051200582038,0.9199007156018539,0.3593201002645144,0.9833337099414888,0.11652208549148643,0.24666666666666667,0.7667752910436834,0.5489869688337936
bigscience/bloom,BLOOM,176.0,0.366,386.496,0.308540091,0.504266212,0.764090819,0.720599842,0.397596228,0.06899166,0.735544419,0.12195122,bigscience(huggingface),202207.0,,,,,,,,,,,,,,,,,,,,,,,,,,,,
EleutherAI/gpt-neox-20b,GPT-Neo/J,20.0,0.472,56.64,0.250025953,0.457337884,0.734515037,0.689029203,0.31613146,0.054586808,0.716280975,0.12804878,EleutherAI,202103.0,0.2487537388,bdsrc,,,,0.462512749077668,0.6431702418862629,0.6232573836903544,0.6108979850571569,0.7331688259286302,0.5838866983597273,0.768824730607604,0.5718591117656157,0.8184919269714125,0.5399330757401292,0.8420953686367527,0.5001829150435291,0.8727415654511544,0.4123473999090919,0.9202046449019948,0.3915381365751219,0.9438295831241834,0.3237590232291009,0.9855011135750001,0.09930804232228904,0.2542857142857143,0.7970627891964756,0.4676882629888024
EleutherAI/gpt-neo-2.7B,GPT-Neo/J,2.7,0.42,6.804,0.264539788,0.333617747,0.562437761,0.600631413,0.397779599,0.012888552,0.573989469,0.067073171,EleutherAI,202103.0,0.2656316764,bdsrc,,,,0.5713089262029563,0.521897915921004,0.6947914276979372,0.46537630010425013,0.7708113631038043,0.4885895606050206,0.8142882000061493,0.41207213631345085,0.8559214047611289,0.422321097413389,0.8722058998562144,0.38229573659114785,0.9020518916211216,0.31768690126734966,0.9412306993617863,0.274843701671422,0.9587058231085458,0.18391500578039033,0.9797514090584403,0.07295253637464574,0.2542857142857143,0.8361067044778088,0.3541950892042071
EleutherAI/gpt-neo-1.3B,GPT-Neo/J,1.3,0.38,2.964,0.248216555,0.312286689,0.484664409,0.569060773,0.39629306,0.004548901,0.561091098,0.036585366,EleutherAI,202103.0,0.2445520581,bdsrc,,,,0.5546448034874493,0.5250549843719463,0.7129653948903898,0.47703184969970625,0.770633626526715,0.4726508588075915,0.8244191989196035,0.4262493789846227,0.8633331828286706,0.41668046314577584,0.8807373835887262,0.39327705843046007,0.8937926031914174,0.32769794824646764,0.9353823015756784,0.2718513860664132,0.9534466458240582,0.20209672491226469,0.9825341488571124,0.07954243527266285,0.2638095238095238,0.8371889289689818,0.35921330879379115
EleutherAI/gpt-neo-125m,GPT-Neo/J,0.125,0.3,0.225,0.259703914,0.229522184,0.302628958,0.517758485,0.455761631,0.0030326,0.502213531,0.006097561,EleutherAI,202103.0,0.2579404643,bdsrc,,,,0.9553301148915821,0.0988182373869278,0.9665758700597488,0.07364691615706863,0.9754448925570739,0.07215940057393512,0.9791672004194186,0.05603021402725136,0.9783684273571771,0.05779352025228462,0.9853505605431994,0.04218498522110292,0.9860310052340566,0.037732939105074643,0.9914870485613879,0.02905353726562238,0.9927503368181637,0.01876909856504627,0.9985466746719308,0.0037099570233289124,0.2438095238095238,0.9809052131113752,0.04898988055776428
EleutherAI/gpt-j-6b,GPT-Neo/J,6.05,0.402,14.5926,0.267839994,0.413822526,0.675363473,0.659826361,0.359624729,0.029567854,0.681077656,0.115853659,EleutherAI,202103.0,0.2693348526,bdsrc,,,,0.47907110188571883,0.6229560037363667,0.6541310356624129,0.5391571375110009,0.7152383487419773,0.5636735058984451,0.7459016445015997,0.5171427146791824,0.8371016660225474,0.5219243480573477,0.876014639737145,0.4416477584541525,0.8941874065564772,0.3997099312138036,0.9177469438758568,0.3661784286316666,0.9590876100604763,0.2686901978552088,0.9900628085507674,0.09338523313580363,0.259047619047619,0.806854320559499,0.4334465259172978
facebook/opt-6.7b,OPT,6.7,0.18,7.236,0.245674066,0.391638225,0.686616212,0.659826361,0.351221498,0.009855951,0.594269081,0.006097561,meta,202205.0,0.2483264492,bdsrc,,,,0.473524851135306,0.5442271070896079,0.7137006045364997,0.4656990985354853,0.7877859403816966,0.46799696566781185,0.8463807383283009,0.40747432931728583,0.8767895783774772,0.4496792436067164,0.9282032516332808,0.38496572738003054,0.9241598019038516,0.33577550331240014,0.9507513024959126,0.2726061410712909,0.9672310905571293,0.2198570554047244,0.9831376336190996,0.09634904026993367,0.2438095238095238,0.845166479296856,0.36446302116552803
facebook/opt-1.3b,OPT,1.3,0.18,1.404,0.249630458,0.295221843,0.545309699,0.597474349,0.387106758,0.0015163,0.544028761,0.0,meta,202205.0,0.2471870104,bdsrc,,,,0.7705836511943915,0.3351736245592116,0.8205351586676853,0.29852048534395104,0.8492808727647094,0.3223655932011225,0.8777869181437928,0.27756053867560165,0.8934502337935736,0.27033627836842933,0.9210410467390198,0.23681283440303,0.9252642315674949,0.20475439936968368,0.9475921162041172,0.1497630177194997,0.9683810328785453,0.12069046544043648,0.9799182123339538,0.05459295255111492,0.2542857142857143,0.8953833474287297,0.2270570189632082
facebook/opt-350m,OPT,0.35,0.18,0.378,0.260230967,0.235494881,0.367257518,0.52644041,0.408285328,0.0030326,0.51811094,0.0,meta,202205.0,0.2612875659,bdsrc,,,,0.8968419809055531,0.17765054655420132,0.9333646989257365,0.12938386596226767,0.9461153175037106,0.1392265166914193,0.9455734590033898,0.107266667860021,0.9488447393624595,0.11398267131764876,0.9611211587449074,0.10605190942926603,0.9503372530464521,0.09883238559574603,0.9732019122299693,0.07602223826534674,0.9707651973144971,0.06280213937082857,0.992334505743997,0.020928976476503547,0.23809523809523808,0.9518500222780676,0.1032147917523249
facebook/opt-13b,OPT,13.0,0.18,14.04,0.248956622,0.399317406,0.71200956,0.685082873,0.340958399,0.017437453,0.608779356,0.006097561,meta,202205.0,0.2527417747,bdsrc,,,,0.513482559507668,0.6981195125119546,0.6366654723108442,0.6571461615125823,0.6883095444559825,0.6680259204662118,0.7300397412145982,0.5893430806068685,0.7462532328253555,0.5886776951559229,0.7971773879788067,0.5572914070773516,0.8345681005062319,0.475013943496764,0.8784471613453576,0.44724842690976113,0.9306365350388883,0.35203781219099783,0.9615718327806838,0.1444536640294651,0.24857142857142858,0.7717151567964414,0.5177357623957879
facebook/opt-2.7b,OPT,2.7,0.18,2.916,0.254319729,0.339590444,0.614319857,0.619573796,0.37425418,0.00227445,0.568486894,0.0,meta,202205.0,0.2543085031,bdsrc,,,,0.5028364850379158,0.5499328041124117,0.6779007502046874,0.4927621455554652,0.7553034959317652,0.5147563115749408,0.8274914307361594,0.43810519164357165,0.862095136497639,0.4407996853008146,0.8865363532556897,0.4562963830112194,0.9056144566391442,0.35424336493777203,0.9457766900260542,0.31150392554017836,0.958422293286714,0.2493777297027342,0.9781162063427676,0.09302793764580122,0.2542857142857143,0.8300093297958536,0.39008054790249097
facebook/opt-30b,OPT,30.0,0.18,32.4,0.2665873,0.432593857,0.740689106,0.706393054,0.351638263,0.021986353,0.626407888,0.012195122,meta,202205.0,0.2675544794,bdsrc,,,,0.5567626427560745,0.5601546049191122,0.7387134973559375,0.48187756307606827,0.7639757308004459,0.5320808522378229,0.8106297795994039,0.4666418890832181,0.8433917308575624,0.4536863260514426,0.8699465499876278,0.405614217558363,0.8983562816227639,0.3513976561516477,0.9387183809759438,0.2994760637273589,0.9608468654261707,0.24049998808568263,0.9813555574709749,0.07880778573035724,0.2438095238095238,0.8362697016852897,0.3870236946621071
facebook/opt-125m,OPT,0.125,0.18,0.135,0.260155876,0.228668942,0.314678351,0.516179953,0.42868758,0.00075815,0.498684238,0.0,meta,202205.0,0.2607178465,bdsrc,,,,0.9383866441124568,0.10754568325850596,0.9445070820663385,0.09199177535807665,0.9688940757863788,0.07573309431110363,0.973739413178135,0.06082339943639714,0.9729645034377392,0.06410515183497693,0.9826706497494061,0.05248870293473176,0.9818980212236131,0.038284681831386475,0.9889607350437214,0.038964585696340225,0.9871612680417777,0.030608348427506808,0.9966423128095822,0.0096232082245916,0.24285714285714285,0.9735824705449156,0.05701686313136166
facebook/opt-66b,OPT,66.0,0.18,71.28,0.269930021,0.46331058,0.76249751,0.700078927,0.35429656,0.016679303,0.642631463,0.012195122,meta,202205.0,,,,,,,,,,,,,,,,,,,,,,,,,,,,
mosaicml/mpt-30b,MPT,30.0,1.0,180.0,0.479981807,0.559726962,0.8242382,0.749013418,0.384155825,0.169067475,0.745335406,0.213414634,mosaicml,202306.0,0.4727246831,bdsrc,,,,0.4839116088368012,0.9546643164120434,0.5726042451289032,0.94133363133957,0.5584563813616404,0.9446918813243566,0.5973023482549981,0.9340887291877449,0.6060454396302966,0.9174092004170209,0.6132236168867033,0.9206341429872078,0.6163584475336285,0.9003802287507564,0.6390166808591486,0.8966890034747298,0.6974507794608101,0.8467337401521857,0.7531535086459077,0.6926241193797019,0.26761904761904765,0.6137523056598837,0.8949248993425317
mosaicml/mpt-7b,MPT,7.0,1.0,42.0,0.280684314,0.476962457,0.775343557,0.721389108,0.335450604,0.040181956,0.714400118,0.164634146,mosaicml,202305.0,,bdsrc,,,,0.5543039473599399,0.8765424515527742,0.5937535530823941,0.8552232768037822,0.6589814219563593,0.8502489247841143,0.6244024791497752,0.8317522579147123,0.62924588514589,0.831008197258918,0.6222720680068066,0.8109100956479568,0.662012441266258,0.7814012559141995,0.687848785373342,0.7578693510810476,0.7282598093016911,0.6772892558444402,0.8695987684388901,0.4050670830253301,0.2723809523809524,0.6630679159081344,0.7677312149827283
facebook/xglm-564M,XGLM,0.564,0.5,1.692,0.251796636,0.245733788,0.346444931,0.522494081,0.404320588,0.00227445,0.585509055,0.0,meta,202112.0,0.2503916821,rllab,,,,,,,,,,,,,,,,,,,,,,,,,,
facebook/xglm-1.7B,XGLM,1.7,0.5,5.1,0.251004165,0.258532423,0.456781518,0.539068666,0.372063415,0.007581501,0.630680872,0.0,meta,202112.0,0.2506053269,rllab,,,,0.6950678398697389,0.3122079158468432,0.8451288708651,0.2804670183002803,0.8667971695463779,0.3294193368851548,0.8893683450584716,0.30074545824158483,0.9395368728570369,0.24701269931713693,0.9531636234864311,0.2229939232247662,0.9569450472379687,0.19830549072913647,0.9710369263524011,0.13270832019142542,0.9736235623184817,0.10655692805627302,0.9910523083348569,0.03944835487763268,0.26666666666666666,0.9081720565926861,0.21698654456702324
facebook/xglm-4.5B,XGLM,4.5,0.5,13.5,0.254299777,0.314846416,0.579466242,0.549329124,0.358393949,0.00227445,0.658513957,0.0,meta,202112.0,0.254379718,rllab,,,,0.6199002040560362,0.46141130520437135,0.7162094191904256,0.4867175751639791,0.7714410585681503,0.491458767121688,0.8083885153624047,0.45806848221836627,0.8193550991204082,0.46310716475046004,0.8480961772121136,0.4183727840672667,0.9027145701453468,0.3193886595557423,0.9257984370737197,0.29144878528062584,0.9564953941407229,0.21390754319796854,0.9923165842566826,0.054671037408723984,0.26285714285714284,0.8360715459126005,0.3658552103969189
facebook/xglm-7.5B,XGLM,7.5,0.5,22.5,0.277886681,0.341296928,0.607747461,0.587213891,0.366615239,0.00227445,0.695550561,0.0,meta,202112.0,0.273821393,rllab,,,,0.6440069447593421,0.3731734946307186,0.7781573218781794,0.35889741283683374,0.8208992013821631,0.39055079505637635,0.8782549630168847,0.3371982435376519,0.879074630390821,0.35207331686904064,0.9188613555983906,0.3218730600833531,0.935381444894189,0.22410819134148915,0.9448829021705701,0.22852870598720293,0.9759747127276559,0.14430728073449578,0.9927347433331217,0.0556130752593453,0.2638095238095238,0.8768228220151322,0.2786323576336508
codellama/CodeLlama-7b-hf,CodeLlama,7.0,2.52,105.84,0.311220648,0.399317406,0.608046206,0.640094712,0.378216756,0.051554208,0.72972396,0.335365854,meta,202308.0,,,,,,,,,,,,,,,,,,,,,,,,,,,,
codellama/CodeLlama-13b-hf,CodeLlama,13.0,2.52,196.56,0.328088358,0.408703072,0.633539136,0.671665351,0.437942698,0.121304018,0.734948573,0.384146341,meta,202308.0,,,,,,,,,,,,,,,,,,,,,,,,,,,,
codellama/CodeLlama-34b-hf,CodeLlama,34.0,2.52,514.08,0.550208399,0.540955631,0.758215495,0.735595896,0.391136184,0.343442002,0.786124588,0.475609756,meta,202308.0,,,,,,,,,,,,,,,,,,,,,,,,,,,,
codellama/CodeLlama-70b-hf,CodeLlama,70.0,3.02,1268.4,0.596665899,0.567406143,0.782115117,0.752170481,0.397884774,0.439727066,0.775638856,0.548780488,meta,202401.0,,,,,,,,,,,,,,,,,,,,,,,,,,,,
bigcode/starcoderbase-1b,StarCoder,1.0,1.0,6.0,0.266738816,0.226962457,0.343059152,0.499605367,0.457892866,0.009097801,0.561739334,0.146,bigcode(huggingface),202305.0,,,,,,,,,,,,,,,,,,,,,,,,,,,,
bigcode/starcoderbase-3b,StarCoder,3.0,1.0,18.0,0.273528005,0.258532423,0.391057558,0.511444357,0.43054512,0.017437453,0.597635573,0.177,bigcode(huggingface),202305.0,,,,,,,,,,,,,,,,,,,,,,,,,,,,
bigcode/starcoderbase-7b,StarCoder,7.0,1.0,42.0,0.284464385,0.298634812,0.438657638,0.543804262,0.404626336,0.054586808,0.597831124,0.244,bigcode(huggingface),202305.0,,,,,,,,,,,,,,,,,,,,,,,,,,,,
bigcode/starcoderbase,StarCoder,15.5,1.0,93.0,0.321170975,0.302901024,0.472117108,0.55801105,0.400215714,0.078847612,0.595190171,0.341,bigcode(huggingface),202305.0,,,,,,,,,,,,,,,,,,,,,,,,,,,,
bigcode/starcoder2-15b,StarCoder2,15.0,4.3,387.0,0.513458387,0.473549488,0.640908186,0.63851618,0.378734193,0.522365428,0.738282013,0.463,bigcode(huggingface),202402.0,,,,,,,,,,,,,,,,,,,,,,,,,,,,
bigcode/starcoder2-7b,StarCoder2,7.0,3.7,155.4,0.412133186,0.383105802,0.519119697,0.591949487,0.419934977,0.250947688,0.620089807,0.354,bigcode(huggingface),202402.0,,,,,,,,,,,,,,,,,,,,,,,,,,,,
bigcode/starcoder2-3b,StarCoder2,3.0,3.3,59.4,0.386486021,0.34556314,0.47619996,0.545382794,0.404869824,0.196360879,0.603682999,0.317,bigcode(huggingface),202402.0,,,,,,,,,,,,,,,,,,,,,,,,,,,,
deepseek-ai/deepseek-coder-1.3b-base,DeepSeek-Coder,1.3,2.0,15.6,0.260247316,0.257679181,0.392750448,0.527229676,0.426136821,0.029567854,0.606345816,0.287,deepseek,202311.0,,,,,,,,,,,,,,,,,,,,,,,,,,,,
deepseek-ai/deepseek-coder-6.7b-base,DeepSeek-Coder,6.7,2.0,80.4,0.38391431,0.370307167,0.53455487,0.580899763,0.402813121,0.179681577,0.678870819,0.476,deepseek,202311.0,,,,,,,,,,,,,,,,,,,,,,,,,,,,
deepseek-ai/deepseek-coder-33b-base,DeepSeek-Coder,33.0,2.0,396.0,0.409137308,0.424914676,0.599880502,0.624309392,0.399701882,0.300227445,0.696131702,0.512,deepseek,202311.0,,,,,,,,,,,,,,,,,,,,,,,,,,,,
01-ai/Yi-6B-200K,Yi-200K,6.0,3.0,108.0,0.646493014,0.535836177,0.755825533,0.74269929,0.417425955,0.303260045,,,01-ai,202311.0,,,,,,0.3846676707936312,0.9187061944987439,0.5249407313885682,0.9109444721191797,0.5918004507879822,0.9096696162054282,0.6165309355279109,0.872243399142198,0.6285841256731111,0.8628932378355484,0.6980717676352834,0.8195387997843037,0.736135998501535,0.7939361674846062,0.7131036492881931,0.7633537414517456,0.7991956418669034,0.656473105569913,0.8622089129837556,0.444038031941524,0.2695238095238095,0.6555239884446861,0.7951796766033189
01-ai/Yi-34B-200K,Yi-200K,34.0,3.0,612.0,0.755618005,0.657849829,0.820553675,0.828729282,0.426021459,0.348749052,,,01-ai,202311.0,,,,,,,,,,,,,,,,,,,,,,,,,,,,
openlm-research/open_llama_7b_v2,OpenLlamaV2,13.0,1.0,78.0,0.412939739,0.436860068,0.721967736,0.693764799,0.355392154,0.034874905,,,openlm-research(UCB),202306.0,,,,,,0.3658376490007952,0.8988662271185147,0.5214020737844456,0.8822949279048566,0.6023542383504341,0.8818761803707866,0.6680112505737437,0.833320296884662,0.7050294115656247,0.8167335027319191,0.7150079850595443,0.8070015920233897,0.7674144835130388,0.7609555238187782,0.7641311215845906,0.7483940964487693,0.7955224955188663,0.6651429039575207,0.9013649879126877,0.3811749849478301,0.23809523809523808,0.6806075696863776,0.7675760236207022
openlm-research/open_llama_3b_v2,OpenLlamaV2,3.0,1.0,18.0,0.27117981,0.402730375,0.71599283,0.670086819,0.347774532,0.009097801,,,openlm-research(UCB),202306.0,,,,,,0.48705371359367794,0.7225567158524977,0.5943682110940577,0.7010799307679261,0.6783706094542736,0.6908977959294879,0.7139129271270988,0.6402595944130409,0.7455231425561867,0.6088409975487523,0.7876363615247544,0.5807929520172604,0.8348255207353547,0.5245494084430206,0.8692637704998024,0.489513440231881,0.9085273436448046,0.3949860511931675,0.9719387592404866,0.19668400430215305,0.24857142857142858,0.7591420359470501,0.5550160890699188
openlm-research/open_llama_13b,OpenLlama,13.0,0.6,46.8,0.437545283,0.511945392,0.752340171,0.720599842,0.380759673,0.032600455,,,openlm-research(UCB),202304.0,,,,,,0.43216523821486363,0.8311221007584036,0.565599773437093,0.8064326423145604,0.6021849298524167,0.809823877950962,0.6745688218358579,0.7763797745496717,0.7311866552166598,0.7348517747937885,0.7360912287221881,0.6961537311176591,0.7532118269973487,0.650545534265633,0.7817448101265777,0.618862957689642,0.8567660023998518,0.5020165729706341,0.9485768302219223,0.2303248796545269,0.26,0.7082096117024773,0.6656513846065475
openlm-research/open_llama_7b,OpenLlama,7.0,1.0,42.0,0.304934081,0.470136519,0.719776937,0.679558011,0.348473071,0.015921152,,,openlm-research(UCB),202304.0,,,,,,0.5377735028409911,0.7951902395852456,0.5842897456459717,0.7766267614901144,0.6165792148896915,0.7963724963002231,0.6687309970891605,0.7196658251003281,0.7203203723817917,0.6858922368350917,0.7348628483182384,0.6694091832814747,0.7880503751705139,0.6152880059329828,0.8509971600268785,0.5615786444958463,0.9013555445353952,0.41330256055019426,0.9736749226661059,0.1587697696336833,0.2542857142857143,0.7376634683564756,0.6192095723205182
openlm-research/open_llama_3b,OpenLlama,3.0,1.0,18.0,0.26936287,0.398464164,0.626468831,0.647198106,0.349651358,0.004548901,,,openlm-research(UCB),202304.0,,,,,,0.45144544912481666,0.682816875225497,0.5923384473039234,0.6504943262851198,0.670202800222468,0.6513932519728678,0.7841978901447216,0.5590152613185568,0.8185724063915127,0.5592571354366527,0.8130439241142142,0.5269295299858129,0.8784825091987912,0.463332901420385,0.9114941829517051,0.4530508807457193,0.9425692720129624,0.3404247344572292,0.973547147490504,0.15377701205226763,0.25523809523809526,0.7835894028955622,0.5040491908900112
openai-community/gpt2,GPT-2,0.124,,,0.258337178,0.220136519,0.315275841,0.504340963,0.40691164,0.006823351,0.483628723,,openai,201902.0,0.261572426,rllab,,,,,,,,,,,,,,,,,,,,,,,,,,
openai-community/gpt2-large,GPT-2,0.774,,,0.260674031,0.257679181,0.456184027,0.55406472,0.38718452,0.008339651,,,openai,201902.0,0.255234297,rllab,,,,,,,,,,,,,,,,,,,,,,,,,,
internlm/internlm2-20b,InternLM2,20.0,,,0.675806686,0.629692833,0.832105158,0.855564325,0.512652004,0.679302502,,,internlm(Shanghai AI Lab),202401.0,,,,,,,,,,,,,,,,,,,,,,,,,,,,
internlm/internlm2-7b,InternLM2,7.0,,,0.652428476,0.580204778,0.812387971,0.838200474,0.487268393,0.630022745,,,internlm(Shanghai AI Lab),202401.0,,,,,,,,,,,,,,,,,,,,,,,,,,,,
deepseek-ai/deepseek-llm-67b-base,DeepSeek-LLM,67.0,2.0,804.0,0.717793274,0.65443686,0.871041625,0.841357537,0.510801367,0.567096285,,,deepseek,202311.0,,,,,,,,,,,,,,,,,,,,,,,,,,,,
deepseek-ai/deepseek-moe-16b-base,DeepSeek-MoE,16.0,2.0,192.0,0.463061136,0.532423208,0.797749452,0.737174428,0.360793034,0.172858226,,,deepseek,202311.0,0.4503631961,bdsrc,,,,0.420317254263147,0.8613771827290888,0.5318865937135271,0.8506059101531745,0.5857339857164919,0.8633379332426162,0.6281436781493624,0.8400115104891214,0.6561201852186651,0.8068893402345413,0.7044891510631963,0.816612355709137,0.6983327559454263,0.7726447581185076,0.7365070237765139,0.7286136050210572,0.7962651566972329,0.6062077080646188,0.8731757812128464,0.36932704237229474,0.2733333333333333,0.6630971565756405,0.7515627346134158
Deci/DeciLM-7B,DeciLM,7.0,,,0.597629389,0.593856655,0.825134435,0.79952644,0.403262533,0.473843821,,,deci,202309.0,0.5859564165,rllab,,,,0.46030411886704253,0.8627029381489959,0.5832133084930888,0.8484271298790571,0.6322632282241526,0.8370282245383591,0.6629518134993444,0.854835560367734,0.6435071599114144,0.7983184746330421,0.726316704810556,0.751468752013916,0.7381691549368116,0.7458059083582559,0.7724257092444614,0.7075855225338726,0.7850212690050106,0.6257546713808083,0.8644461410059009,0.3852288807184579,0.24761904761904763,0.6868618607997778,0.7417156062572512
stabilityai/stablelm-base-alpha-7b-v2,StableLM,7.0,1.1,46.2,0.450989399,0.473549488,0.770762796,0.685082873,0.364572018,0.025777104,,,stabilityai,202304.0,0.4482267483,rllab,,,,0.3872879565229826,0.8297758973412367,0.5169020731473914,0.7915900418043538,0.6455278859215124,0.8074545309505116,0.6540946742017466,0.7832583118397989,0.7307526201191245,0.7505497018854715,0.7400189096688199,0.7396869737895982,0.7690457529443774,0.6867425696785733,0.7855276741140808,0.6841899034651415,0.8533122252685476,0.6171559125099255,0.9424372428193424,0.3363260547498151,0.25142857142857145,0.7024907014727924,0.702672989801443
stabilityai/stablelm-base-alpha-3b,StableLM,3.0,1.5,27.0,0.254305266,0.264505119,0.422425812,0.539068666,0.404965786,0.004548901,,,stabilityai,202304.0,0.2503916821,rllab,,,,0.8424697112083854,0.20840647242221155,0.8939595556390075,0.16674280147702983,0.9471961394801423,0.14920282261885318,0.9449204016380692,0.11542746258881095,0.9580163080833073,0.12605088051953545,0.9572489665567976,0.12258763274059399,0.9605148737925308,0.0885303839472897,0.9776986121848791,0.08043758098313754,0.9867696858921253,0.043692900057399356,0.9971337812459359,0.011071736183587597,0.259047619047619,0.9465928035721177,0.11121506735384477
stabilityai/stablelm-base-alpha-7b,StableLM,7.0,1.5,63.0,0.262051609,0.31996587,0.517825134,0.55406472,0.40193766,0.006065201,,,stabilityai,202304.0,0.2528129896,rllab,,,,0.6932136182311663,0.39934219189419917,0.7919462914120416,0.35192155584834806,0.8145911389742013,0.35768251975443704,0.8667502808245082,0.29192166163949107,0.8884293731862029,0.2944029016285975,0.8985590640424752,0.28524958991029764,0.9379215364542786,0.21909402867801192,0.9484985275419792,0.20666728775956458,0.9663302559652132,0.1521742960935297,0.9846387430586512,0.03800763772685575,0.2638095238095238,0.8790878829690729,0.25964636709333305
stabilityai/stablelm-2-1_6b,StableLM,1.6,2.0,19.2,0.389465726,0.433447099,0.704540928,0.645619574,0.367838582,0.174374526,,,stabilityai,202304.0,0.3805013531,rllab,,,,0.49562537349797203,0.8384780586019338,0.552091276076321,0.8223547338756864,0.6533062705621561,0.8491773503073082,0.6753800086552815,0.7930225964496557,0.6572435031850374,0.7725967806034111,0.7205754082924902,0.7380409520557443,0.7542855468287852,0.6650765465500932,0.7758278131757248,0.6170829772262397,0.8277019905543515,0.5194567356012195,0.9219468022141465,0.2454701455728533,0.2542857142857143,0.7033983993042253,0.6860756876844137
RWKV/rwkv-4-169m-pile,RWKV,0.169,,,0.2317624,0.236348123,0.317367058,0.509076559,0.419232363,0.004548901,,,rwkv,202305.0,,,,,should be rwkv-4,,,,,,,,,,,,,,,,,,,,,,,
RWKV/rwkv-4-430m-pile,RWKV,0.43,,,0.248549698,0.267064846,0.400119498,0.511444357,0.395822188,0.003790751,,,rwkv,202305.0,,,,,,,,,,,,,,,,,,,,,,,,,,,,
RWKV/rwkv-4-1b5-pile,RWKV,1.5,,,0.257744696,0.318259386,0.522505477,0.5382794,0.357956961,0.0,,,rwkv,202305.0,,,,,,,,,,,,,,,,,,,,,,,,,,,,
RWKV/rwkv-4-7b-pile,RWKV,7.0,,,0.249593634,0.396757679,0.663114917,0.623520126,0.336529831,0.007581501,,,rwkv,202305.0,,,,,,,,,,,,,,,,,,,,,,,,,,,,
RWKV/rwkv-4-14b-pile,RWKV,14.0,,,0.261243635,0.444539249,0.710714997,0.6543015,0.32042194,0.003790751,,,rwkv,202305.0,,,,,,,,,,,,,,,,,,,,,,,,,,,,
RWKV/rwkv-raven-14b,RWKV,14.0,,,0.25919331,0.446245734,0.712507469,0.666929755,0.419325693,0.021228203,,,rwkv,202305.0,,,,,,,,,,,,,,,,,,,,,,,,,,,,
RWKV/rwkv-4-3b-pile,RWKV,3.0,,,0.246708722,0.360068259,0.596594304,0.583267561,0.321370226,0.006823351,,,rwkv,202305.0,,,,,,,,,,,,,,,,,,,,,,,,,,,,
togethercomputer/RedPajama-INCITE-Base-3B-v1,RedPajama-INCITE-Base,3.0,0.8,14.4,0.270278742,0.401877133,0.647679745,0.647198106,0.332348868,0.012888552,,,togetherai,202305.0,0.2681954138,rllab,,,,0.46922615343796187,0.621733119838412,0.5984454783730452,0.6021175351914794,0.7257685470851505,0.577274052238825,0.7851867644248858,0.5218432847391052,0.804908016021508,0.5290353028741447,0.8371288263902488,0.5264691083382598,0.8647566095400453,0.4037625066586772,0.9146637675255415,0.3871147304481534,0.9464724324315187,0.3024247590861851,0.9901595046467903,0.10011749936902747,0.2723809523809524,0.7936716099876685,0.4571891898782268
togethercomputer/RedPajama-INCITE-Base-7B-v0.1,RedPajama-INCITE-Base,7.0,1.0,42.0,0.276821402,0.462457338,0.716291575,0.673243883,0.330347542,0.015921152,,,togetherai,202305.0,0.2762427005,rllab,,,,0.6589421125146777,0.3785349460056769,0.7986650421494936,0.31146397828569733,0.8261020524807617,0.35488690580604093,0.867374662444526,0.27680554051817935,0.8960969775765325,0.2955697716287081,0.9063412304086459,0.26934584866509437,0.9252473997876155,0.23358242662735534,0.9447502421733862,0.21574648948584185,0.9589679366579728,0.17463928633856546,0.9822952563368336,0.0709201587791981,0.2638095238095238,0.8764782912530444,0.2581495352140355
LLM360/Amber,Amber,7.0,1.259,52.878,0.268356842,0.409556314,0.737900817,0.678768745,0.335563739,0.028051554,,,llm360,202312.0,0.2756729811,rllab,,,,0.4634648805426792,0.8645340174399192,0.5316609608019702,0.83810157555377,0.6182145926356526,0.8349971799055701,0.6708661006266639,0.7878479001662984,0.6861545611331211,0.7707048720298147,0.7360761001866816,0.7424004529416021,0.7631166744143085,0.6936187471331725,0.7706564777879608,0.6561846362898027,0.8603066050014323,0.5573386443252796,0.9300274931672787,0.31228040007705626,0.2438095238095238,0.7030544446297764,0.7058008425862292
Salesforce/codegen-6B-nl,Codegen,6.0,0.36,12.96,0.259344781,0.423208191,0.68591914,0.664561957,0.344704613,0.021986353,,,salesforce,202203.0,0.2559464464,bdsrc,,,,0.4408666099575725,0.7701674759669591,0.5568768463925426,0.7217433331233025,0.6315806703916627,0.7283152304165964,0.7195625472450845,0.6594231904897698,0.7430963131174706,0.6735257314069041,0.7917664707746687,0.6127441819310097,0.8339846398732326,0.5522949452150825,0.8774601861667567,0.5074707542772787,0.9181111902203463,0.42215817105804215,0.9758918375734978,0.17107352855976027,0.25047619047619046,0.7489197311712845,0.5818916542444712
Salesforce/codegen-16B-nl,Codegen,16.0,0.36,34.56,0.323543017,0.467576792,0.718681538,0.679558011,0.339466724,0.026535254,,,salesforce,202203.0,0.316550349,bdsrc,,,,0.3350814149954491,0.8473144149149328,0.48960610208639055,0.8430126030642101,0.6080945599181633,0.8449553455947,0.6789450014402576,0.7911335395865309,0.7199161623877286,0.805686500757535,0.7499135121404225,0.798068330679063,0.7725453317400159,0.7320815522020437,0.8122474520267051,0.6870231304217236,0.8574905031108231,0.6125271847884711,0.9442716532650646,0.3518712845383037,0.2561904761904762,0.696811169311102,0.731367388654751
,,,,,,,,,,,,,,,,,,,,,,,,,,,,,,,,,,,,,,,,,,
,,,,,,,,,,,,,,,,,,,,,,,,,,,,,,,,,,,,,,,,,,
,,,,,,,,,,,,,,,,,,,,,,,,,,,,,,,,,,,,,,,,,,
,,,,,,,,,,,,,,,,,,,,,,,,,,,,,,,,,,,,,,,,,,
,,,,,,,,,,,,,,,,,,,,,,,,,,,,,,,,,,,,,,,,,,
openai-community/gpt2,GPT-2,0.355,,,,,,,,,,,openai,201902.0,0.263780088,rllab,,,,,,,,,,,,,,,,,,,,,,,,,,
openai-community/gpt2-large,GPT-2,1.5,,,,,,,,,,,openai,201902.0,0.263139154,rllab,,,,,,,,,,,,,,,,,,,,,,,,,,
